split,class_id,width,height,area,aspect_ratio
train,2,0.30440625,0.8695694444444445,0.26470237369791666,0.35006548579277735
train,4,0.242546875,0.9050972222222222,0.21952850282118055,0.26797880829254067
train,1,0.09234375,0.1345,0.012420234375,0.6865706319702602
train,0,0.094703125,0.2991388888888889,0.028329387586805557,0.3165858018386108
train,4,0.2240625,0.6527916666666667,0.1462661328125,0.3432373779281292
train,3,0.07683593749999999,0.12730555555555556,0.009781641710069443,0.6035552585642592
train,4,0.1209375,0.29386111111111113,0.035538828125000005,0.4115464599678608
train,0,0.073,0.12758333333333333,0.009313583333333332,0.5721750489875898
train,4,0.084390625,0.2197777777777778,0.018547184027777778,0.3839816102123356
train,4,0.0913671875,0.31169444444444444,0.02847864474826389,0.2931306256126905
train,5,0.15815625,0.42390277777777774,0.06704287369791666,0.3730955735395302
train,0,0.081171875,0.12055555555555555,0.009785720486111111,0.6733150921658987
train,4,0.0913671875,0.31169444444444444,0.02847864474826389,0.2931306256126905
train,4,0.15815625,0.42390277777777774,0.06704287369791666,0.3730955735395302
train,0,0.081171875,0.12055555555555555,0.009785720486111111,0.6733150921658987
train,4,0.0913671875,0.31169444444444444,0.02847864474826389,0.2931306256126905
train,5,0.15815625,0.42390277777777774,0.06704287369791666,0.3730955735395302
train,0,0.081171875,0.12055555555555555,0.009785720486111111,0.6733150921658987
train,1,0.0459921875,0.07570833333333334,0.0034819918619791667,0.607491744634012
train,4,0.0913671875,0.31169444444444444,0.02847864474826389,0.2931306256126905
train,5,0.15815625,0.42390277777777774,0.06704287369791666,0.3730955735395302
train,0,0.081171875,0.12055555555555555,0.009785720486111111,0.6733150921658987
train,4,0.23098437500000002,0.47731944444444446,0.11025333355034724,0.48391989408444147
train,0,0.1004453125,0.1736111111111111,0.017438422309027778,0.578565
train,4,0.1209375,0.29386111111111113,0.035538828125000005,0.4115464599678608
train,0,0.077359375,0.10108333333333333,0.007819743489583333,0.76530296784831
train,4,0.084390625,0.2197777777777778,0.018547184027777778,0.3839816102123356
train,4,0.0913671875,0.31169444444444444,0.02847864474826389,0.2931306256126905
train,4,0.15815625,0.42390277777777774,0.06704287369791666,0.3730955735395302
train,0,0.081171875,0.12055555555555555,0.009785720486111111,0.6733150921658987
train,4,0.0913671875,0.31169444444444444,0.02847864474826389,0.2931306256126905
train,4,0.15815625,0.42390277777777774,0.06704287369791666,0.3730955735395302
train,0,0.081171875,0.12055555555555555,0.009785720486111111,0.6733150921658987
train,4,0.0913671875,0.31169444444444444,0.02847864474826389,0.2931306256126905
train,5,0.15815625,0.42390277777777774,0.06704287369791666,0.3730955735395302
train,0,0.081171875,0.12055555555555555,0.009785720486111111,0.6733150921658987
train,1,0.03575,0.08029166666666666,0.002870427083333333,0.44525168655941877
train,4,0.0913671875,0.31169444444444444,0.02847864474826389,0.2931306256126905
train,4,0.15815625,0.42390277777777774,0.06704287369791666,0.3730955735395302
train,0,0.081171875,0.12055555555555555,0.009785720486111111,0.6733150921658987
train,4,0.0913671875,0.31169444444444444,0.02847864474826389,0.2931306256126905
train,5,0.15815625,0.42390277777777774,0.06704287369791666,0.3730955735395302
train,0,0.081171875,0.12055555555555555,0.009785720486111111,0.6733150921658987
train,4,0.0913671875,0.31169444444444444,0.02847864474826389,0.2931306256126905
train,4,0.1835234375,0.41406944444444443,0.07599144780815972,0.44321898165229934
train,0,0.0892734375,0.11659722222222223,0.010409034830729167,0.7656566408576533
train,4,0.0913671875,0.31169444444444444,0.02847864474826389,0.2931306256126905
train,4,0.15815625,0.42390277777777774,0.06704287369791666,0.3730955735395302
train,0,0.081171875,0.12055555555555555,0.009785720486111111,0.6733150921658987
train,4,0.0913671875,0.31169444444444444,0.02847864474826389,0.2931306256126905
train,5,0.15815625,0.42390277777777774,0.06704287369791666,0.3730955735395302
train,0,0.059203125,0.11466666666666667,0.006788625,0.5163063226744187
train,4,0.0913671875,0.31169444444444444,0.02847864474826389,0.2931306256126905
train,4,0.15815625,0.42390277777777774,0.06704287369791666,0.3730955735395302
train,0,0.059203125,0.11466666666666667,0.006788625,0.5163063226744187
train,4,0.0913671875,0.31169444444444444,0.02847864474826389,0.2931306256126905
train,5,0.15815625,0.42390277777777774,0.06704287369791666,0.3730955735395302
train,0,0.059203125,0.11466666666666667,0.006788625,0.5163063226744187
train,4,0.0913671875,0.31169444444444444,0.02847864474826389,0.2931306256126905
train,5,0.15815625,0.42390277777777774,0.06704287369791666,0.3730955735395302
train,0,0.059203125,0.11466666666666667,0.006788625,0.5163063226744187
train,4,0.0913671875,0.31169444444444444,0.02847864474826389,0.2931306256126905
train,5,0.15815625,0.42390277777777774,0.06704287369791666,0.3730955735395302
train,0,0.059203125,0.11466666666666667,0.006788625,0.5163063226744187
train,4,0.057234375000000004,0.20679166666666665,0.011835591796875,0.27677312109611124
train,4,0.0913671875,0.31169444444444444,0.02847864474826389,0.2931306256126905
train,4,0.1835234375,0.41406944444444443,0.07599144780815972,0.44321898165229934
train,0,0.0892734375,0.11659722222222223,0.010409034830729167,0.7656566408576533
train,4,0.0913671875,0.31169444444444444,0.02847864474826389,0.2931306256126905
train,4,0.15815625,0.42390277777777774,0.06704287369791666,0.3730955735395302
train,0,0.059203125,0.11466666666666667,0.006788625,0.5163063226744187
train,4,0.057234375000000004,0.20679166666666665,0.011835591796875,0.27677312109611124
train,4,0.0913671875,0.31169444444444444,0.02847864474826389,0.2931306256126905
train,4,0.15815625,0.42390277777777774,0.06704287369791666,0.3730955735395302
train,0,0.059203125,0.11466666666666667,0.006788625,0.5163063226744187
train,4,0.057234375000000004,0.20679166666666665,0.011835591796875,0.27677312109611124
train,4,0.213234375,0.33565277777777774,0.07157271028645833,0.6352826167914926
train,4,0.19509375,0.5644583333333334,0.11012229296875002,0.34563002878866167
train,0,0.1043828125,0.20558333333333334,0.021459366536458337,0.5077396635589785
train,4,0.09616406250000001,0.30180555555555555,0.029022848307291668,0.31862919926369077
train,0,0.0408359375,0.06225,0.002542037109375,0.6559989959839357
train,4,0.13603125,0.5408888888888889,0.07357779166666666,0.2514957374691865
train,0,0.08415625,0.148,0.012455125,0.5686233108108109
train,4,0.09616406250000001,0.30180555555555555,0.029022848307291668,0.31862919926369077
train,0,0.0408359375,0.06225,0.002542037109375,0.6559989959839357
train,4,0.1247734375,0.4240833333333333,0.05291433528645833,0.2942191491452152
train,0,0.08415625,0.148,0.012455125,0.5686233108108109
train,4,0.09616406250000001,0.30180555555555555,0.029022848307291668,0.31862919926369077
train,0,0.0408359375,0.06225,0.002542037109375,0.6559989959839357
train,4,0.1247734375,0.4240833333333333,0.05291433528645833,0.2942191491452152
train,0,0.06932812499999999,0.12741666666666665,0.008833558593749997,0.5441056245912361
train,4,0.0680546875,0.29290277777777773,0.01993340700954861,0.23234565413248617
train,0,0.0408359375,0.06225,0.002542037109375,0.6559989959839357
train,4,0.1247734375,0.4240833333333333,0.05291433528645833,0.2942191491452152
train,0,0.06932812499999999,0.12741666666666665,0.008833558593749997,0.5441056245912361
train,4,0.0680546875,0.29290277777777773,0.01993340700954861,0.23234565413248617
train,0,0.0408359375,0.06225,0.002542037109375,0.6559989959839357
train,4,0.0913671875,0.31169444444444444,0.02847864474826389,0.2931306256126905
train,4,0.1835234375,0.41406944444444443,0.07599144780815972,0.44321898165229934
train,0,0.0892734375,0.11659722222222223,0.010409034830729167,0.7656566408576533
train,4,0.1247734375,0.4240833333333333,0.05291433528645833,0.2942191491452152
train,0,0.06932812499999999,0.12741666666666665,0.008833558593749997,0.5441056245912361
train,4,0.0680546875,0.29290277777777773,0.01993340700954861,0.23234565413248617
train,0,0.0408359375,0.06225,0.002542037109375,0.6559989959839357
train,4,0.1247734375,0.4240833333333333,0.05291433528645833,0.2942191491452152
train,0,0.0571875,0.10644444444444444,0.006087291666666666,0.5372520876826723
train,4,0.09811718750000001,0.30186111111111114,0.029617763237847226,0.3250408346369743
train,2,0.1247734375,0.4240833333333333,0.05291433528645833,0.2942191491452152
train,0,0.0571875,0.10644444444444444,0.006087291666666666,0.5372520876826723
train,4,0.09811718750000001,0.30186111111111114,0.029617763237847226,0.3250408346369743
train,1,0.030195312499999998,0.062625,0.0018909814453125,0.48216067864271456
train,5,0.1247734375,0.4240833333333333,0.05291433528645833,0.2942191491452152
train,0,0.0571875,0.10644444444444444,0.006087291666666666,0.5372520876826723
train,4,0.09811718750000001,0.30186111111111114,0.029617763237847226,0.3250408346369743
train,4,0.1247734375,0.4240833333333333,0.05291433528645833,0.2942191491452152
train,0,0.0749375,0.10304166666666667,0.007721684895833334,0.727254346947028
train,4,0.0929296875,0.4149583333333333,0.0385619482421875,0.22394944271513204
train,4,0.1247734375,0.4240833333333333,0.05291433528645833,0.2942191491452152
train,0,0.0749375,0.10304166666666667,0.007721684895833334,0.727254346947028
train,4,0.0929296875,0.4149583333333333,0.0385619482421875,0.22394944271513204
train,4,0.1247734375,0.4240833333333333,0.05291433528645833,0.2942191491452152
train,0,0.0749375,0.10304166666666667,0.007721684895833334,0.727254346947028
train,4,0.0929296875,0.4149583333333333,0.0385619482421875,0.22394944271513204
train,4,0.1247734375,0.4240833333333333,0.05291433528645833,0.2942191491452152
train,0,0.0749375,0.10304166666666667,0.007721684895833334,0.727254346947028
train,4,0.0929296875,0.4149583333333333,0.0385619482421875,0.22394944271513204
train,4,0.0913671875,0.31169444444444444,0.02847864474826389,0.2931306256126905
train,4,0.1835234375,0.41406944444444443,0.07599144780815972,0.44321898165229934
train,0,0.0892734375,0.11659722222222223,0.010409034830729167,0.7656566408576533
train,5,0.1247734375,0.4240833333333333,0.05291433528645833,0.2942191491452152
train,0,0.0749375,0.10304166666666667,0.007721684895833334,0.727254346947028
train,4,0.046867187500000004,0.13977777777777778,0.006550991319444445,0.3352978437996821
train,5,0.1247734375,0.4240833333333333,0.05291433528645833,0.2942191491452152
train,0,0.0749375,0.10304166666666667,0.007721684895833334,0.727254346947028
train,4,0.046867187500000004,0.13977777777777778,0.006550991319444445,0.3352978437996821
train,5,0.1247734375,0.4240833333333333,0.05291433528645833,0.2942191491452152
train,0,0.0749375,0.10304166666666667,0.007721684895833334,0.727254346947028
train,4,0.07377343750000001,0.2906388888888889,0.021441429904513892,0.2538319554621046
train,2,0.1247734375,0.4240833333333333,0.05291433528645833,0.2942191491452152
train,0,0.0749375,0.10304166666666667,0.007721684895833334,0.727254346947028
train,4,0.0741953125,0.2906388888888889,0.02156404318576389,0.25528349899646374
train,1,0.0368203125,0.07869444444444444,0.0028975540364583334,0.46788960465937174
train,5,0.1247734375,0.4240833333333333,0.05291433528645833,0.2942191491452152
train,0,0.0749375,0.10304166666666667,0.007721684895833334,0.727254346947028
train,4,0.0741953125,0.2906388888888889,0.02156404318576389,0.25528349899646374
train,5,0.1247734375,0.4240833333333333,0.05291433528645833,0.2942191491452152
train,0,0.0749375,0.10304166666666667,0.007721684895833334,0.727254346947028
train,4,0.08259375,0.14555555555555555,0.012021979166666665,0.5674379770992366
train,4,0.1247734375,0.4240833333333333,0.05291433528645833,0.2942191491452152
train,0,0.0749375,0.10304166666666667,0.007721684895833334,0.727254346947028
train,4,0.08259375,0.14555555555555555,0.012021979166666665,0.5674379770992366
train,4,0.1247734375,0.4240833333333333,0.05291433528645833,0.2942191491452152
train,0,0.0749375,0.10304166666666667,0.007721684895833334,0.727254346947028
train,4,0.08259375,0.14555555555555555,0.012021979166666665,0.5674379770992366
train,5,0.1247734375,0.4240833333333333,0.05291433528645833,0.2942191491452152
train,0,0.0749375,0.10304166666666667,0.007721684895833334,0.727254346947028
train,4,0.08259375,0.14555555555555555,0.012021979166666665,0.5674379770992366
train,5,0.1247734375,0.4240833333333333,0.05291433528645833,0.2942191491452152
train,0,0.0749375,0.10304166666666667,0.007721684895833334,0.727254346947028
train,4,0.08259375,0.14555555555555555,0.012021979166666665,0.5674379770992366
train,4,0.1712578125,0.4179305555555556,0.07157387272135417,0.40977576351733075
train,0,0.0749375,0.10304166666666667,0.007721684895833334,0.727254346947028
train,4,0.08259375,0.14555555555555555,0.012021979166666665,0.5674379770992366
train,4,0.1712578125,0.4179305555555556,0.07157387272135417,0.40977576351733075
train,0,0.0749375,0.10304166666666667,0.007721684895833334,0.727254346947028
train,4,0.08259375,0.14555555555555555,0.012021979166666665,0.5674379770992366
train,5,0.1712578125,0.4179305555555556,0.07157387272135417,0.40977576351733075
train,0,0.0749375,0.10304166666666667,0.007721684895833334,0.727254346947028
train,4,0.07223437499999999,0.13533333333333333,0.009775718749999999,0.5337515394088669
train,5,0.1712578125,0.4179305555555556,0.07157387272135417,0.40977576351733075
train,0,0.0749375,0.10304166666666667,0.007721684895833334,0.727254346947028
train,4,0.07223437499999999,0.13533333333333333,0.009775718749999999,0.5337515394088669
train,5,0.1712578125,0.4179305555555556,0.07157387272135417,0.40977576351733075
train,0,0.0749375,0.10304166666666667,0.007721684895833334,0.727254346947028
train,5,0.07223437499999999,0.13533333333333333,0.009775718749999999,0.5337515394088669
train,4,0.1366953125,0.40894444444444444,0.05590078862847222,0.33426377190599105
train,0,0.0749375,0.10304166666666667,0.007721684895833334,0.727254346947028
train,4,0.0750546875,0.22208333333333335,0.016668395182291667,0.33795731707317067
train,4,0.1366953125,0.40894444444444444,0.05590078862847222,0.33426377190599105
train,0,0.0749375,0.10304166666666667,0.007721684895833334,0.727254346947028
train,4,0.0750546875,0.22208333333333335,0.016668395182291667,0.33795731707317067
train,4,0.0913671875,0.31169444444444444,0.02847864474826389,0.2931306256126905
train,4,0.1835234375,0.41406944444444443,0.07599144780815972,0.44321898165229934
train,0,0.0892734375,0.11659722222222223,0.010409034830729167,0.7656566408576533
train,4,0.1366953125,0.40894444444444444,0.05590078862847222,0.33426377190599105
train,0,0.0749375,0.10304166666666667,0.007721684895833334,0.727254346947028
train,4,0.0750546875,0.22208333333333335,0.016668395182291667,0.33795731707317067
train,4,0.1366953125,0.40894444444444444,0.05590078862847222,0.33426377190599105
train,0,0.0749375,0.10304166666666667,0.007721684895833334,0.727254346947028
train,4,0.0750546875,0.22208333333333335,0.016668395182291667,0.33795731707317067
train,4,0.1366953125,0.40894444444444444,0.05590078862847222,0.33426377190599105
train,0,0.0749375,0.10304166666666667,0.007721684895833334,0.727254346947028
train,4,0.0750546875,0.22208333333333335,0.016668395182291667,0.33795731707317067
train,4,0.1366953125,0.40894444444444444,0.05590078862847222,0.33426377190599105
train,0,0.0749375,0.10304166666666667,0.007721684895833334,0.727254346947028
train,4,0.0750546875,0.22208333333333335,0.016668395182291667,0.33795731707317067
train,4,0.11663281249999999,0.3902222222222222,0.04551271527777777,0.29888818693052394
train,0,0.06231250000000001,0.10791666666666667,0.006724557291666668,0.5774131274131274
train,4,0.0750546875,0.22208333333333335,0.016668395182291667,0.33795731707317067
train,4,0.11663281249999999,0.3902222222222222,0.04551271527777777,0.29888818693052394
train,0,0.06231250000000001,0.10791666666666667,0.006724557291666668,0.5774131274131274
train,4,0.0750546875,0.22208333333333335,0.016668395182291667,0.33795731707317067
train,4,0.20214062500000002,0.54725,0.11062145703125001,0.36937528551850163
train,0,0.083078125,0.17174999999999999,0.014268667968749999,0.4837154294032024
train,2,0.09421093750000001,0.32040277777777776,0.03018544607204861,0.29403907841692317
train,4,0.0610625,0.2016111111111111,0.012310878472222222,0.3028726922017085
train,1,0.0203828125,0.03102777777777778,0.0006324333767361111,0.6569214413607878
train,4,0.16128125,0.5314305555555555,0.08570978428819444,0.30348509003475943
train,0,0.08157031249999999,0.14390277777777777,0.011738194552951386,0.5668432101148537
train,2,0.09421093750000001,0.32040277777777776,0.03018544607204861,0.29403907841692317
train,4,0.0610625,0.2016111111111111,0.012310878472222222,0.3028726922017085
train,1,0.0203828125,0.03102777777777778,0.0006324333767361111,0.6569214413607878
train,4,0.0913671875,0.31169444444444444,0.02847864474826389,0.2931306256126905
train,4,0.15815625,0.42390277777777774,0.06704287369791666,0.3730955735395302
train,0,0.0892734375,0.11659722222222223,0.010409034830729167,0.7656566408576533
train,4,0.1499609375,0.5097361111111111,0.07644050509982638,0.29419327811231305
train,0,0.08157031249999999,0.14390277777777777,0.011738194552951386,0.5668432101148537
train,2,0.09421093750000001,0.32040277777777776,0.03018544607204861,0.29403907841692317
train,4,0.0610625,0.2016111111111111,0.012310878472222222,0.3028726922017085
train,1,0.0203828125,0.03102777777777778,0.0006324333767361111,0.6569214413607878
train,4,0.139078125,0.4747222222222222,0.0660234765625,0.2929673785839672
train,0,0.08157031249999999,0.14390277777777777,0.011738194552951386,0.5668432101148537
train,2,0.09421093750000001,0.32040277777777776,0.03018544607204861,0.29403907841692317
train,4,0.0610625,0.2016111111111111,0.012310878472222222,0.3028726922017085
train,1,0.0203828125,0.03102777777777778,0.0006324333767361111,0.6569214413607878
train,4,0.128484375,0.38880555555555557,0.04995543880208334,0.3304592055440452
train,0,0.0801875,0.11702777777777779,0.009384164930555555,0.6852005696653215
train,2,0.09421093750000001,0.32040277777777776,0.03018544607204861,0.29403907841692317
train,4,0.0610625,0.2016111111111111,0.012310878472222222,0.3028726922017085
train,1,0.0203828125,0.03102777777777778,0.0006324333767361111,0.6569214413607878
train,4,0.1593828125,0.39911111111111114,0.06361145138888889,0.39934446339086854
train,0,0.0650546875,0.09758333333333334,0.0063482532552083335,0.6666577711357813
train,4,0.064125,0.19402777777777777,0.012442031249999999,0.3304939155332856
train,4,0.0648828125,0.13726388888888888,0.00890606716579861,0.4726866842052009
train,4,0.1593828125,0.39911111111111114,0.06361145138888889,0.39934446339086854
train,0,0.0650546875,0.09758333333333334,0.0063482532552083335,0.6666577711357813
train,4,0.064125,0.19402777777777777,0.012442031249999999,0.3304939155332856
train,4,0.0648828125,0.13726388888888888,0.00890606716579861,0.4726866842052009
train,4,0.1593828125,0.39911111111111114,0.06361145138888889,0.39934446339086854
train,0,0.0650546875,0.09758333333333334,0.0063482532552083335,0.6666577711357813
train,4,0.064125,0.19402777777777777,0.012442031249999999,0.3304939155332856
train,4,0.0648828125,0.13726388888888888,0.00890606716579861,0.4726866842052009
train,2,0.1593828125,0.39911111111111114,0.06361145138888889,0.39934446339086854
train,0,0.0650546875,0.09758333333333334,0.0063482532552083335,0.6666577711357813
train,4,0.064125,0.19402777777777777,0.012442031249999999,0.3304939155332856
train,4,0.0648828125,0.13726388888888888,0.00890606716579861,0.4726866842052009
train,2,0.1593828125,0.39911111111111114,0.06361145138888889,0.39934446339086854
train,0,0.0650546875,0.09758333333333334,0.0063482532552083335,0.6666577711357813
train,4,0.064125,0.19402777777777777,0.012442031249999999,0.3304939155332856
train,4,0.0648828125,0.13726388888888888,0.00890606716579861,0.4726866842052009
train,1,0.0326015625,0.05565277777777778,0.0018143675130208334,0.585802969802845
train,2,0.1593828125,0.39911111111111114,0.06361145138888889,0.39934446339086854
train,0,0.0650546875,0.09758333333333334,0.0063482532552083335,0.6666577711357813
train,4,0.064125,0.19402777777777777,0.012442031249999999,0.3304939155332856
train,4,0.0648828125,0.13726388888888888,0.00890606716579861,0.4726866842052009
train,4,0.0913671875,0.31169444444444444,0.02847864474826389,0.2931306256126905
train,4,0.15815625,0.42390277777777774,0.06704287369791666,0.3730955735395302
train,0,0.07472656250000001,0.12591666666666665,0.009409319661458334,0.5934604566512245
train,2,0.1593828125,0.39911111111111114,0.06361145138888889,0.39934446339086854
train,0,0.0650546875,0.09758333333333334,0.0063482532552083335,0.6666577711357813
train,4,0.064125,0.19402777777777777,0.012442031249999999,0.3304939155332856
train,4,0.0648828125,0.13726388888888888,0.00890606716579861,0.4726866842052009
train,5,0.1593828125,0.39911111111111114,0.06361145138888889,0.39934446339086854
train,0,0.0824609375,0.12281944444444445,0.010127806532118056,0.6713996946737532
train,4,0.064125,0.19402777777777777,0.012442031249999999,0.3304939155332856
train,4,0.0648828125,0.13726388888888888,0.00890606716579861,0.4726866842052009
train,5,0.1593828125,0.39911111111111114,0.06361145138888889,0.39934446339086854
train,0,0.0824609375,0.12281944444444445,0.010127806532118056,0.6713996946737532
train,4,0.064125,0.19402777777777777,0.012442031249999999,0.3304939155332856
train,4,0.0648828125,0.13726388888888888,0.00890606716579861,0.4726866842052009
train,5,0.1593828125,0.39911111111111114,0.06361145138888889,0.39934446339086854
train,0,0.0824609375,0.12281944444444445,0.010127806532118056,0.6713996946737532
train,4,0.064125,0.19402777777777777,0.012442031249999999,0.3304939155332856
train,4,0.0648828125,0.13726388888888888,0.00890606716579861,0.4726866842052009
train,5,0.1593828125,0.39911111111111114,0.06361145138888889,0.39934446339086854
train,0,0.0824609375,0.12281944444444445,0.010127806532118056,0.6713996946737532
train,4,0.064125,0.19402777777777777,0.012442031249999999,0.3304939155332856
train,4,0.0648828125,0.13726388888888888,0.00890606716579861,0.4726866842052009
train,4,0.0913671875,0.31169444444444444,0.02847864474826389,0.2931306256126905
train,4,0.15815625,0.42390277777777774,0.06704287369791666,0.3730955735395302
train,0,0.058625000000000003,0.12434722222222222,0.007289855902777778,0.4714620797498046
train,4,0.1143125,0.3812361111111111,0.043580052951388885,0.2998469889613465
train,4,0.053492187499999996,0.11630555555555555,0.0062214385850694436,0.4599280511105803
train,4,0.13446093750000002,0.4093611111111111,0.05504307877604168,0.32846534233561786
train,0,0.081078125,0.09881944444444445,0.008012095269097222,0.820467322557976
train,4,0.1336640625,0.47333333333333333,0.06326765625000001,0.28238886443661976
train,4,0.053492187499999996,0.11630555555555555,0.0062214385850694436,0.4599280511105803
train,4,0.13446093750000002,0.4093611111111111,0.05504307877604168,0.32846534233561786
train,0,0.081078125,0.09881944444444445,0.008012095269097222,0.820467322557976
train,4,0.1515390625,0.31348611111111113,0.04750539138454861,0.48339960568871554
train,4,0.1336640625,0.47333333333333333,0.06326765625000001,0.28238886443661976
train,4,0.053492187499999996,0.11630555555555555,0.0062214385850694436,0.4599280511105803
train,4,0.13446093750000002,0.4093611111111111,0.05504307877604168,0.32846534233561786
train,0,0.081078125,0.09881944444444445,0.008012095269097222,0.820467322557976
train,4,0.1948515625,0.48747222222222225,0.09498472417534723,0.3997182887913841
train,0,0.0784453125,0.1512222222222222,0.011862674479166665,0.5187419636296842
train,4,0.100703125,0.2865416666666667,0.02885564127604167,0.35144321651883087
train,4,0.08842968749999999,0.19075,0.016867962890624998,0.46358944954128434
train,4,0.18170312500000002,0.628263888888889,0.11415751193576391,0.28921465679230685
train,0,0.053453125000000004,0.15438888888888888,0.00825256857638889,0.3462239114789493
train,4,0.0889140625,0.18740277777777778,0.016662742296006946,0.474454346698288
train,2,0.22302343750000003,0.6488055555555555,0.14469884526909724,0.3437446482853107
train,1,0.041171875000000004,0.1094722222222222,0.004507176649305555,0.3760942654148694
train,4,0.1642265625,0.5726944444444444,0.09405163997395832,0.28676122859775915
train,0,0.0825546875,0.16601388888888888,0.013705224717881943,0.4972757885049779
train,4,0.311671875,0.4126944444444444,0.12862525130208333,0.755212189540284
train,4,0.14540625000000001,0.48543055555555553,0.07058463671875001,0.29954078567136855
train,0,0.0411015625,0.10568055555555556,0.004343635959201389,0.3889226573794191
train,4,0.085140625,0.12208333333333334,0.010394251302083332,0.6973976109215017
train,5,0.119875,0.274125,0.032860734375,0.4373005015959872
train,4,0.0607421875,0.1602083333333333,0.009731404622395832,0.3791449934980495
train,4,0.09182812500000001,0.4170277777777778,0.03829487890625,0.22019666289216017
train,0,0.0353671875,0.11313888888888889,0.004001404296875,0.3125997422047631
train,5,0.117796875,0.3174444444444445,0.037393963541666665,0.37107871018550925
train,0,0.0604921875,0.08483333333333333,0.00513175390625,0.7130709724950884
train,4,0.0607421875,0.1602083333333333,0.009731404622395832,0.3791449934980495
train,4,0.09182812500000001,0.4170277777777778,0.03829487890625,0.22019666289216017
train,5,0.117796875,0.3174444444444445,0.037393963541666665,0.37107871018550925
train,0,0.0604921875,0.08483333333333333,0.00513175390625,0.7130709724950884
train,4,0.0996875,0.20088888888888887,0.02002611111111111,0.4962320243362832
train,4,0.1968046875,0.23004166666666667,0.0452732783203125,0.8555175692809273
train,0,0.0438515625,0.1121111111111111,0.0049162473958333335,0.39114376858275524
train,5,0.1359921875,0.28475,0.038723775390625,0.47758450395083407
train,0,0.06689062500000001,0.07569444444444444,0.005063248697916667,0.8836926605504589
train,4,0.0913671875,0.31169444444444444,0.02847864474826389,0.2931306256126905
train,2,0.15815625,0.42390277777777774,0.06704287369791666,0.3730955735395302
train,0,0.058625000000000003,0.12434722222222222,0.007289855902777778,0.4714620797498046
train,1,0.030289062500000002,0.043541666666666666,0.0013188362630208333,0.6956339712918661
train,4,0.0996875,0.20088888888888887,0.02002611111111111,0.4962320243362832
train,4,0.1968046875,0.23004166666666667,0.0452732783203125,0.8555175692809273
train,0,0.0438515625,0.1121111111111111,0.0049162473958333335,0.39114376858275524
train,5,0.1359921875,0.28475,0.038723775390625,0.47758450395083407
train,0,0.06689062500000001,0.07569444444444444,0.005063248697916667,0.8836926605504589
train,4,0.0730546875,0.2056388888888889,0.015022884765625003,0.3552571592597596
train,4,0.0842578125,0.10747222222222222,0.009055374348958332,0.7839961876453865
train,4,0.14264062500000002,0.3527777777777778,0.05032044270833334,0.4043356299212599
train,0,0.077078125,0.09818055555555555,0.007567573133680555,0.7850650728533032
train,4,0.0730546875,0.2056388888888889,0.015022884765625003,0.3552571592597596
train,4,0.14264062500000002,0.3527777777777778,0.05032044270833334,0.4043356299212599
train,0,0.077078125,0.09818055555555555,0.007567573133680555,0.7850650728533032
train,4,0.16310156250000002,0.11998611111111111,0.019569922200520836,1.3593370181734
train,4,0.1208984375,0.26084722222222223,0.03153602159288194,0.4634837069378627
train,4,0.211140625,0.19069444444444447,0.040263344184027786,1.1072195921340129
train,4,0.06639843749999999,0.17698611111111112,0.011751601236979166,0.375161853566664
train,4,0.1208984375,0.26084722222222223,0.03153602159288194,0.4634837069378627
train,2,0.10638281249999999,0.17223611111111112,0.018322961914062498,0.6176568421901459
train,4,0.06639843749999999,0.17698611111111112,0.011751601236979166,0.375161853566664
train,4,0.1208984375,0.26084722222222223,0.03153602159288194,0.4634837069378627
train,4,0.1492734375,0.17240277777777777,0.025735155273437497,0.8658412551357448
train,4,0.06639843749999999,0.17698611111111112,0.011751601236979166,0.375161853566664
train,4,0.0913671875,0.31169444444444444,0.02847864474826389,0.2931306256126905
train,2,0.15815625,0.42390277777777774,0.06704287369791666,0.3730955735395302
train,0,0.058625000000000003,0.12434722222222222,0.007289855902777778,0.4714620797498046
train,5,0.1536015625,0.24879166666666666,0.03821478873697917,0.6173903031318038
train,5,0.1492734375,0.17240277777777777,0.025735155273437497,0.8658412551357448
train,4,0.06639843749999999,0.17698611111111112,0.011751601236979166,0.375161853566664
train,0,0.054906250000000004,0.09265277777777776,0.005087216579861111,0.5926023084994755
train,4,0.1919609375,0.15530555555555556,0.02981260004340278,1.2360210606331605
train,4,0.060281249999999995,0.19091666666666668,0.0115086953125,0.31574639895242246
train,0,0.05346093750000001,0.09972222222222221,0.005331243489583333,0.5360985376044569
train,4,0.1433515625,0.25230555555555556,0.036168395616319446,0.568166492348343
train,2,0.1919609375,0.15530555555555556,0.02981260004340278,1.2360210606331605
train,4,0.060281249999999995,0.19091666666666668,0.0115086953125,0.31574639895242246
train,0,0.05346093750000001,0.09972222222222221,0.005331243489583333,0.5360985376044569
train,4,0.1433515625,0.25230555555555556,0.036168395616319446,0.568166492348343
train,1,0.027640625000000002,0.07204166666666666,0.001991276692708333,0.38367553499132456
train,5,0.1274921875,0.1365,0.01740268359375,0.9340086996336995
train,4,0.060281249999999995,0.19091666666666668,0.0115086953125,0.31574639895242246
train,5,0.1433515625,0.25230555555555556,0.036168395616319446,0.568166492348343
train,4,0.0749921875,0.16556944444444444,0.01241641482204861,0.45293494673265666
train,2,0.2390390625,0.3634166666666667,0.08687077929687502,0.6577548154093097
train,4,0.0655546875,0.25443055555555555,0.016679115559895832,0.25765257383044926
train,2,0.1899375,0.3202638888888889,0.06083012239583334,0.5930656142937681
train,4,0.0913671875,0.31169444444444444,0.02847864474826389,0.2931306256126905
train,5,0.15815625,0.42390277777777774,0.06704287369791666,0.3730955735395302
train,0,0.058625000000000003,0.12434722222222222,0.007289855902777778,0.4714620797498046
train,4,0.0655546875,0.25443055555555555,0.016679115559895832,0.25765257383044926
train,2,0.1899375,0.3202638888888889,0.06083012239583334,0.5930656142937681
train,4,0.0655546875,0.25443055555555555,0.016679115559895832,0.25765257383044926
train,5,0.148203125,0.33881944444444445,0.05021410047743055,0.43741032998565277
train,5,0.1282890625,0.21272222222222223,0.027289934461805554,0.6030825607208148
train,0,0.05,0.11284722222222222,0.005642361111111112,0.4430769230769231
train,2,0.2241640625,0.3877083333333333,0.08691027506510417,0.5781770553465879
train,4,0.0672890625,0.15827777777777777,0.010650363281249998,0.425132722007722
train,5,0.107625,0.37644444444444447,0.04051483333333333,0.2858987603305785
train,4,0.0672890625,0.15827777777777777,0.010650363281249998,0.425132722007722
train,0,0.0471015625,0.11083333333333333,0.005220423177083333,0.4249765037593985
train,4,0.112625,0.23669444444444443,0.026657711805555553,0.4758244337519071
train,4,0.12430468750000001,0.4362222222222222,0.05422446701388889,0.28495725611309225
train,4,0.0637578125,0.16668055555555555,0.010627187608506944,0.38251499875010414
train,2,0.13214062499999998,0.2563888888888889,0.03387938802083333,0.5153913867822318
train,0,0.04059375,0.10913888888888888,0.004430356770833333,0.3719457877322474
train,4,0.0679609375,0.14581944444444445,0.00991002615017361,0.4660622440232403
train,4,0.075578125,0.37418055555555557,0.02827986480034722,0.2019830370067926
train,4,0.160875,0.3707638888888889,0.059646640625,0.43390147967784226
train,0,0.0446484375,0.11705555555555555,0.00522634765625,0.38142946131941147
train,4,0.0913671875,0.31169444444444444,0.02847864474826389,0.2931306256126905
train,5,0.15815625,0.42390277777777774,0.06704287369791666,0.3730955735395302
train,0,0.058625000000000003,0.12434722222222222,0.007289855902777778,0.4714620797498046
train,4,0.049640625,0.14740277777777777,0.0073171660156249995,0.33676858569678697
train,4,0.2143515625,0.42866666666666664,0.09188536979166667,0.5000425252721618
train,0,0.0492890625,0.12325,0.006074876953125,0.3999112576064909
train,4,0.06511718749999999,0.08931944444444445,0.005816231011284722,0.729037085989737
train,4,0.049640625,0.14740277777777777,0.0073171660156249995,0.33676858569678697
train,2,0.2143515625,0.42866666666666664,0.09188536979166667,0.5000425252721618
train,0,0.0492890625,0.12325,0.006074876953125,0.3999112576064909
train,2,0.06511718749999999,0.08931944444444445,0.005816231011284722,0.729037085989737
train,4,0.049640625,0.14740277777777777,0.0073171660156249995,0.33676858569678697
train,2,0.15615625,0.34141666666666665,0.05331434635416666,0.457377349279961
train,0,0.0492890625,0.12325,0.006074876953125,0.3999112576064909
train,2,0.0895625,0.08455555555555556,0.007573006944444446,1.0592148488830486
train,0,0.04965625,0.06468055555555556,0.003211793836805556,0.7677152673394889
train,4,0.06584375,0.20008333333333334,0.013174236979166669,0.32908163265306123
train,5,0.097296875,0.4048194444444445,0.03938766688368056,0.24034634782310355
train,0,0.0348125,0.11051388888888888,0.0038472647569444446,0.31500565539776304
train,2,0.123984375,0.3464583333333333,0.042955419921874995,0.35786229705351774
train,0,0.05207031250000001,0.12877777777777777,0.006705499131944445,0.40434237489214847
train,4,0.06584375,0.20008333333333334,0.013174236979166669,0.32908163265306123
train,5,0.097296875,0.4048194444444445,0.03938766688368056,0.24034634782310355
train,0,0.0348125,0.11051388888888888,0.0038472647569444446,0.31500565539776304
train,2,0.123984375,0.3464583333333333,0.042955419921874995,0.35786229705351774
train,0,0.05207031250000001,0.12877777777777777,0.006705499131944445,0.40434237489214847
train,4,0.06584375,0.20008333333333334,0.013174236979166669,0.32908163265306123
train,5,0.097296875,0.4048194444444445,0.03938766688368056,0.24034634782310355
train,0,0.0348125,0.11051388888888888,0.0038472647569444446,0.31500565539776304
train,5,0.123984375,0.3464583333333333,0.042955419921874995,0.35786229705351774
train,0,0.05207031250000001,0.12877777777777777,0.006705499131944445,0.40434237489214847
train,4,0.06584375,0.20008333333333334,0.013174236979166669,0.32908163265306123
train,5,0.097296875,0.4048194444444445,0.03938766688368056,0.24034634782310355
train,0,0.0348125,0.11051388888888888,0.0038472647569444446,0.31500565539776304
train,2,0.123984375,0.3464583333333333,0.042955419921874995,0.35786229705351774
train,0,0.05207031250000001,0.12877777777777777,0.006705499131944445,0.40434237489214847
train,4,0.0913671875,0.31169444444444444,0.02847864474826389,0.2931306256126905
train,5,0.15815625,0.42390277777777774,0.06704287369791666,0.3730955735395302
train,0,0.058625000000000003,0.12434722222222222,0.007289855902777778,0.4714620797498046
train,4,0.06584375,0.20008333333333334,0.013174236979166669,0.32908163265306123
train,5,0.097296875,0.4048194444444445,0.03938766688368056,0.24034634782310355
train,0,0.0348125,0.11051388888888888,0.0038472647569444446,0.31500565539776304
train,2,0.123984375,0.3464583333333333,0.042955419921874995,0.35786229705351774
train,0,0.05207031250000001,0.12877777777777777,0.006705499131944445,0.40434237489214847
train,4,0.108265625,0.5343055555555556,0.05784692491319445,0.2026286716922277
train,2,0.1628671875,0.34052777777777776,0.055460801432291665,0.4782787135981728
train,1,0.034234375,0.12056944444444445,0.0041276195746527775,0.2839390623200092
train,3,0.1281875,0.3237638888888889,0.04150248350694445,0.39592896057655186
train,4,0.21334375,0.3669444444444444,0.07828530381944443,0.5814061317183952
train,5,0.1628671875,0.34052777777777776,0.055460801432291665,0.4782787135981728
train,3,0.1254375,0.13061111111111112,0.016383531250000003,0.9603891960867715
train,5,0.1083515625,0.37119444444444444,0.040219498046874996,0.2918997418244406
train,2,0.1628671875,0.34052777777777776,0.055460801432291665,0.4782787135981728
train,3,0.1254375,0.13061111111111112,0.016383531250000003,0.9603891960867715
train,4,0.0869609375,0.11509722222222223,0.010008962348090279,0.7555433208640039
train,1,0.04865625,0.09752777777777778,0.0047453359375,0.49889632583309595
train,5,0.1083515625,0.37119444444444444,0.040219498046874996,0.2918997418244406
train,5,0.1628671875,0.34052777777777776,0.055460801432291665,0.4782787135981728
train,3,0.1254375,0.13061111111111112,0.016383531250000003,0.9603891960867715
train,4,0.0869609375,0.11509722222222223,0.010008962348090279,0.7555433208640039
train,1,0.058453124999999995,0.09248611111111112,0.005406102213541666,0.6320205736597085
train,4,0.108265625,0.5343055555555556,0.05784692491319445,0.2026286716922277
train,4,0.1628671875,0.34052777777777776,0.055460801432291665,0.4782787135981728
train,3,0.1281875,0.3237638888888889,0.04150248350694445,0.39592896057655186
train,4,0.0796953125,0.20143055555555556,0.016053071072048612,0.39564659036061506
train,4,0.1299765625,0.3968194444444444,0.051577227322048606,0.3275458506877604
train,4,0.0818125,0.15108333333333335,0.012360505208333334,0.5415057915057915
train,3,0.043734375,0.1703888888888889,0.0074518515625,0.2566738669709814
train,4,0.189671875,0.24983333333333332,0.04738635677083333,0.7591936290860574
train,4,0.24328906250000001,0.3968194444444444,0.09654183062065971,0.6130976339645096
train,4,0.0818125,0.15108333333333335,0.012360505208333334,0.5415057915057915
train,3,0.043734375,0.1703888888888889,0.0074518515625,0.2566738669709814
train,2,0.189671875,0.24983333333333332,0.04738635677083333,0.7591936290860574
train,1,0.0494765625,0.07602777777777778,0.0037615930989583334,0.6507695469492145
train,4,0.24328906250000001,0.3968194444444444,0.09654183062065971,0.6130976339645096
train,4,0.0818125,0.15108333333333335,0.012360505208333334,0.5415057915057915
train,3,0.043734375,0.1703888888888889,0.0074518515625,0.2566738669709814
train,2,0.189671875,0.24983333333333332,0.04738635677083333,0.7591936290860574
train,1,0.0494765625,0.07602777777777778,0.0037615930989583334,0.6507695469492145
train,2,0.24328906250000001,0.3968194444444444,0.09654183062065971,0.6130976339645096
train,4,0.0818125,0.15108333333333335,0.012360505208333334,0.5415057915057915
train,3,0.043734375,0.1703888888888889,0.0074518515625,0.2566738669709814
train,5,0.189671875,0.24983333333333332,0.04738635677083333,0.7591936290860574
train,1,0.0494765625,0.07602777777777778,0.0037615930989583334,0.6507695469492145
train,1,0.0340859375,0.06916666666666667,0.0023576106770833334,0.4928087349397591
train,5,0.108984375,0.3899444444444444,0.042497851562499994,0.27948692833737
train,3,0.043734375,0.1703888888888889,0.0074518515625,0.2566738669709814
train,4,0.189671875,0.24983333333333332,0.04738635677083333,0.7591936290860574
train,0,0.054171875,0.10895833333333334,0.005902477213541667,0.49717973231357554
train,5,0.108984375,0.3899444444444444,0.042497851562499994,0.27948692833737
train,3,0.043734375,0.1703888888888889,0.0074518515625,0.2566738669709814
train,4,0.189671875,0.24983333333333332,0.04738635677083333,0.7591936290860574
train,0,0.054171875,0.10895833333333334,0.005902477213541667,0.49717973231357554
train,2,0.21571875000000001,0.3899444444444444,0.084118328125,0.5532038039606783
train,3,0.043734375,0.1703888888888889,0.0074518515625,0.2566738669709814
train,4,0.189671875,0.24983333333333332,0.04738635677083333,0.7591936290860574
train,0,0.054171875,0.10895833333333334,0.005902477213541667,0.49717973231357554
train,4,0.066578125,0.1453888888888889,0.009679719618055556,0.4579313144822315
train,1,0.032937499999999995,0.08888888888888889,0.0029277777777777774,0.37054687499999994
train,4,0.12475,0.16358333333333333,0.020407020833333334,0.7626082526744778
train,0,0.0725078125,0.20620833333333333,0.014951715169270834,0.3516240654677713
train,4,0.11661718750000001,0.2259722222222222,0.026352245008680556,0.5160686846957592
train,0,0.032921875,0.07706944444444444,0.0025372706163194446,0.4271715624436836
train,3,0.07659375,0.08904166666666667,0.00682003515625,0.8602012166588675
train,5,0.103765625,0.37856944444444446,0.03928249500868056,0.2740993139377041
train,4,0.1918515625,0.5520277777777778,0.10590739171006944,0.347539689528506
train,0,0.0705546875,0.12670833333333334,0.008939866861979168,0.5568275238408419
train,4,0.1512265625,0.2306111111111111,0.03487452560763889,0.655764424235124
train,0,0.049375,0.07881944444444444,0.0038917100694444446,0.6264317180616741
train,3,0.06789843749999999,0.13429166666666667,0.0091181943359375,0.5056042506981073
train,4,0.1066484375,0.375,0.0399931640625,0.28439583333333335
train,4,0.17388281249999998,0.48915277777777777,0.08505526074218749,0.3554775121383344
train,0,0.04365625,0.2023888888888889,0.008835539930555556,0.215704776283283
train,4,0.16240625,0.2598611111111111,0.042203068576388884,0.6249732763228221
train,0,0.0424375,0.08615277777777777,0.0036561085069444447,0.4925842334354345
train,3,0.104375,0.13181944444444443,0.013758654513888887,0.7918027605099568
train,4,0.1293203125,0.3234166666666667,0.04182434440104167,0.399856673537748
train,4,0.1768515625,0.5110277777777777,0.09037606098090277,0.3460703511442083
train,0,0.061382812499999995,0.19593055555555555,0.0120267685546875,0.31328861558091725
train,4,0.1588828125,0.23387499999999997,0.037158717773437495,0.6793492784607162
train,0,0.0495546875,0.08569444444444445,0.0042465614149305555,0.5782718800648298
train,3,0.0970546875,0.1416388888888889,0.013746718098958334,0.6852262698568347
train,4,0.1488125,0.2956388888888889,0.043994762152777776,0.5033590153152306
train,4,0.1859296875,0.5091249999999999,0.09466145214843749,0.3651945740240609
train,0,0.073375,0.1910138888888889,0.014015644097222222,0.3841343706827601
train,4,0.1602734375,0.2423611111111111,0.038844048394097226,0.6613001432664757
train,3,0.089890625,0.28130555555555553,0.02528673220486111,0.31954799052039107
train,4,0.1330078125,0.25793055555555555,0.03430677897135416,0.5156729578374886
train,4,0.0819140625,0.17672222222222222,0.014476035156249999,0.46351874410562716
train,4,0.1859296875,0.5091249999999999,0.09466145214843749,0.3651945740240609
train,0,0.073375,0.1910138888888889,0.014015644097222222,0.3841343706827601
train,4,0.1602734375,0.2423611111111111,0.038844048394097226,0.6613001432664757
train,3,0.089890625,0.28130555555555553,0.02528673220486111,0.31954799052039107
train,4,0.1330078125,0.25793055555555555,0.03430677897135416,0.5156729578374886
train,4,0.0819140625,0.17672222222222222,0.014476035156249999,0.46351874410562716
train,4,0.0904609375,0.20074999999999998,0.018160033203125,0.4506148816936489
train,4,0.126109375,0.4991527777777778,0.06294784483506945,0.25264684604468685
train,0,0.0714140625,0.14715277777777777,0.010508777669270834,0.4853055686644644
train,4,0.1371875,0.25,0.034296875,0.54875
train,3,0.1035390625,0.11508333333333333,0.011915620442708334,0.8996877262853006
train,4,0.1296328125,0.28175,0.036524044921875,0.46009871339840286
train,4,0.16178125000000002,0.21230555555555558,0.03434705815972223,0.7620208033494701
train,4,0.1723125,0.355375,0.0612355546875,0.4848751319029195
train,0,0.081875,0.17280555555555555,0.01414845486111111,0.47379842469056427
train,0,0.0391328125,0.12395833333333334,0.0048508382161458335,0.3156932773109244
train,4,0.123265625,0.25397222222222227,0.03130604470486112,0.4853508148310182
train,4,0.128421875,0.2976111111111111,0.03821977690972222,0.43150900690685084
train,5,0.14350000000000002,0.23668055555555556,0.03396365972222223,0.6063024470394931
train,0,0.0470078125,0.11665277777777777,0.005483591905381944,0.402972080009525
train,4,0.14447656250000002,0.25198611111111113,0.036406087131076396,0.5733512925095078
train,4,0.08496875000000001,0.25251388888888887,0.02145578949652778,0.3364913921126451
train,4,0.1828984375,0.4105694444444445,0.07509250987413196,0.4454750346740638
train,0,0.068265625,0.1172638888888889,0.008005092664930557,0.5821538552647162
train,0,0.060046875,0.19695833333333335,0.011826732421875001,0.3048709540935054
train,4,0.13903125,0.09445833333333334,0.01313266015625,1.4718791354212615
train,4,0.1153359375,0.3555972222222222,0.04101313899739583,0.324344315119322
train,0,0.044179687499999995,0.09088888888888888,0.004015442708333332,0.48608458129584353
train,2,0.23264843750000003,0.5508472222222223,0.1281537455512153,0.4223465747207584
train,0,0.0572890625,0.16120833333333331,0.009235474283854166,0.3553728353579737
train,0,0.07390624999999999,0.16929166666666667,0.012511712239583332,0.43656165395028296
train,1,0.047375,0.07565277777777778,0.0035840503472222224,0.6262162658344043
train,4,0.131546875,0.4545416666666666,0.059793535807291666,0.289405536712806
train,0,0.0377578125,0.08845833333333333,0.0033399931640625,0.42684291097503535
train,5,0.21793749999999998,0.4623055555555556,0.10075371701388888,0.47141440846001315
train,0,0.0560859375,0.1839861111111111,0.010319033528645834,0.3048378878236582
train,0,0.0507578125,0.17743055555555556,0.009005986870659722,0.28607142857142853
train,4,0.15532812499999998,0.45225,0.07024714453124999,0.3434563294637921
train,0,0.0486875,0.08776388888888889,0.004273004340277778,0.554755499287862
train,2,0.1998359375,0.4095138888888889,0.08183559190538195,0.4879832965914872
train,0,0.05659375,0.183375,0.01037787890625,0.3086230402181322
train,0,0.06965625,0.17859722222222224,0.012440412760416669,0.39001866397075974
train,4,0.15532812499999998,0.45225,0.07024714453124999,0.3434563294637921
train,0,0.0486875,0.08776388888888889,0.004273004340277778,0.554755499287862
train,5,0.1998359375,0.4095138888888889,0.08183559190538195,0.4879832965914872
train,0,0.05659375,0.183375,0.01037787890625,0.3086230402181322
train,0,0.06965625,0.17859722222222224,0.012440412760416669,0.39001866397075974
train,4,0.15532812499999998,0.45225,0.07024714453124999,0.3434563294637921
train,0,0.0486875,0.08776388888888889,0.004273004340277778,0.554755499287862
train,5,0.1998359375,0.4095138888888889,0.08183559190538195,0.4879832965914872
train,0,0.05659375,0.183375,0.01037787890625,0.3086230402181322
train,0,0.06965625,0.17859722222222224,0.012440412760416669,0.39001866397075974
train,4,0.15532812499999998,0.45225,0.07024714453124999,0.3434563294637921
train,0,0.0486875,0.08776388888888889,0.004273004340277778,0.554755499287862
train,2,0.1998359375,0.4095138888888889,0.08183559190538195,0.4879832965914872
train,0,0.05659375,0.183375,0.01037787890625,0.3086230402181322
train,0,0.06965625,0.17859722222222224,0.012440412760416669,0.39001866397075974
train,4,0.15532812499999998,0.45225,0.07024714453124999,0.3434563294637921
train,0,0.0486875,0.08776388888888889,0.004273004340277778,0.554755499287862
train,2,0.1998359375,0.4095138888888889,0.08183559190538195,0.4879832965914872
train,0,0.046132812499999995,0.1485,0.006850722656249999,0.31065867003367004
train,0,0.0696796875,0.14305555555555555,0.00996806640625,0.4870813106796117
train,1,0.0416484375,0.08625000000000001,0.0035921777343750007,0.48288043478260867
train,1,0.001265625,0.00023611111111111112,2.98828125e-07,5.360294117647059
train,2,0.19073437499999998,0.297625,0.05676731835937499,0.6408546829063418
train,1,0.04684375,0.08830555555555555,0.004136563368055556,0.5304734193142498
train,4,0.23690625,0.41236111111111107,0.09769092447916666,0.5745116200740991
train,0,0.068171875,0.079875,0.005445228515625001,0.8534820031298905
train,4,0.1063125,0.43850000000000006,0.04661803125000001,0.24244583808437853
train,2,0.1628671875,0.34052777777777776,0.055460801432291665,0.4782787135981728
train,3,0.1281875,0.3237638888888889,0.04150248350694445,0.39592896057655186
train,1,0.055296875,0.06834722222222223,0.003779387803819445,0.8090581182686446
train,5,0.19339062499999998,0.234125,0.045277580078125,0.8260144153764014
train,4,0.169203125,0.3266388888888889,0.05526832074652779,0.518012798707373
train,0,0.056874999999999995,0.11011111111111112,0.006262569444444444,0.516523713420787
train,5,0.18057812499999998,0.21429166666666666,0.03869638736979166,0.8426745090414155
train,4,0.156796875,0.32819444444444446,0.051459863281250004,0.47775603046974185
train,0,0.0708125,0.08486111111111111,0.006009227430555555,0.8344517184942717
train,4,0.189015625,0.16751388888888888,0.03166274240451389,1.1283579305198574
train,4,0.2334453125,0.3418611111111111,0.07980587391493056,0.6828659502722028
train,0,0.08009374999999999,0.10806944444444445,0.008655687065972221,0.7411322452126975
train,4,0.1789453125,0.13491666666666666,0.024142705078125,1.32633956145769
train,4,0.21599218750000002,0.3646388888888889,0.07875915125868056,0.5923454521215815
train,0,0.0714609375,0.07790277777777778,0.005567005533854167,0.9173092351577822
train,4,0.1789453125,0.13491666666666666,0.024142705078125,1.32633956145769
train,4,0.21599218750000002,0.3646388888888889,0.07875915125868056,0.5923454521215815
train,0,0.0714609375,0.07790277777777778,0.005567005533854167,0.9173092351577822
train,4,0.21878906250000002,0.2981666666666667,0.06523560546875001,0.7337810927892677
train,0,0.10004687500000001,0.09722222222222222,0.00972677951388889,1.0290535714285716
train,4,0.152078125,0.29819444444444443,0.04534885199652778,0.5099965067536097
train,0,0.0809453125,0.08133333333333334,0.0065835520833333345,0.9952292520491803
train,0,0.0581640625,0.11722222222222223,0.006818120659722223,0.49618631516587675
train,4,0.14322656250000002,0.5095694444444444,0.0729838798828125,0.28107368693613893
train,0,0.054453125000000005,0.09237500000000001,0.005030107421875001,0.5894790257104194
train,2,0.255140625,0.3412638888888889,0.08707028190104169,0.7476344064140653
train,0,0.0843984375,0.1527777777777778,0.012894205729166669,0.5524261363636364
train,4,0.09133593749999999,0.3419027777777778,0.031228010742187496,0.2671400861193484
train,2,0.1628671875,0.34052777777777776,0.055460801432291665,0.4782787135981728
train,3,0.1281875,0.3237638888888889,0.04150248350694445,0.39592896057655186
train,1,0.055296875,0.06834722222222223,0.003779387803819445,0.8090581182686446
train,4,0.09133593749999999,0.3419027777777778,0.031228010742187496,0.2671400861193484
train,2,0.1628671875,0.34052777777777776,0.055460801432291665,0.4782787135981728
train,3,0.1281875,0.3237638888888889,0.04150248350694445,0.39592896057655186
train,1,0.055296875,0.06834722222222223,0.003779387803819445,0.8090581182686446
train,4,0.09133593749999999,0.3419027777777778,0.031228010742187496,0.2671400861193484
train,4,0.1628671875,0.34052777777777776,0.055460801432291665,0.4782787135981728
train,3,0.1281875,0.3237638888888889,0.04150248350694445,0.39592896057655186
train,4,0.22517187500000002,0.35355555555555557,0.07961076736111113,0.6368783390949089
train,4,0.1628671875,0.34052777777777776,0.055460801432291665,0.4782787135981728
train,3,0.1254375,0.13061111111111112,0.016383531250000003,0.9603891960867715
train,2,0.22517187500000002,0.35355555555555557,0.07961076736111113,0.6368783390949089
train,4,0.1628671875,0.34052777777777776,0.055460801432291665,0.4782787135981728
train,3,0.1254375,0.13061111111111112,0.016383531250000003,0.9603891960867715
train,1,0.0448203125,0.06602777777777778,0.0029593856336805557,0.6788099495161969
train,4,0.108265625,0.5343055555555556,0.05784692491319445,0.2026286716922277
train,4,0.1628671875,0.34052777777777776,0.055460801432291665,0.4782787135981728
train,3,0.1281875,0.3237638888888889,0.04150248350694445,0.39592896057655186
train,4,0.1005703125,0.3669444444444444,0.03690371744791666,0.27407503785011356
train,2,0.1628671875,0.34052777777777776,0.055460801432291665,0.4782787135981728
train,3,0.1254375,0.13061111111111112,0.016383531250000003,0.9603891960867715
train,1,0.0414140625,0.08886111111111111,0.003680099609375,0.46605384495154734
train,4,0.1005703125,0.3669444444444444,0.03690371744791666,0.27407503785011356
train,2,0.1628671875,0.34052777777777776,0.055460801432291665,0.4782787135981728
train,3,0.1254375,0.13061111111111112,0.016383531250000003,0.9603891960867715
train,1,0.0414140625,0.08886111111111111,0.003680099609375,0.46605384495154734
train,4,0.1005703125,0.3669444444444444,0.03690371744791666,0.27407503785011356
train,5,0.1628671875,0.34052777777777776,0.055460801432291665,0.4782787135981728
train,3,0.1254375,0.13061111111111112,0.016383531250000003,0.9603891960867715
train,1,0.0414140625,0.08886111111111111,0.003680099609375,0.46605384495154734
train,2,0.2144453125,0.3669444444444444,0.07868951605902777,0.5844081188493566
train,5,0.1628671875,0.34052777777777776,0.055460801432291665,0.4782787135981728
train,3,0.1254375,0.13061111111111112,0.016383531250000003,0.9603891960867715
train,1,0.048234375,0.0803611111111111,0.00387616796875,0.6002203594884205
train,5,0.099,0.3669444444444444,0.0363275,0.26979560938682823
train,5,0.1628671875,0.34052777777777776,0.055460801432291665,0.4782787135981728
train,3,0.1254375,0.13061111111111112,0.016383531250000003,0.9603891960867715
train,4,0.23024999999999998,0.7548055555555556,0.17379397916666667,0.30504544952710405
train,4,0.0628125,0.06558333333333333,0.004119453124999999,0.9577509529860229
train,4,0.0628125,0.06558333333333333,0.004119453124999999,0.9577509529860229
train,4,0.14755729166666667,0.7553981481481482,0.11146450487075618,0.1953371106725666
train,4,0.16049479166666666,0.7142314814814815,0.11463043282214506,0.2247097696306571
train,4,0.230671875,0.7566388888888889,0.17453531119791665,0.3048638900106465
train,4,0.230671875,0.7566388888888889,0.17453531119791665,0.3048638900106465
train,4,0.24375,0.801138888888889,0.19527760416666667,0.30425436011234
train,4,0.24375,0.801138888888889,0.19527760416666667,0.30425436011234
train,4,0.24375,0.801138888888889,0.19527760416666667,0.30425436011234
train,4,0.25404166666666667,0.8522222222222222,0.2164999537037037,0.29809322033898306
train,4,0.25404166666666667,0.8522222222222222,0.2164999537037037,0.29809322033898306
train,4,0.230671875,0.7566388888888889,0.17453531119791665,0.3048638900106465
train,4,0.25404166666666667,0.8522222222222222,0.2164999537037037,0.29809322033898306
train,4,0.18002083333333332,0.7791111111111112,0.1402562314814815,0.23105925556189386
train,4,0.18002083333333332,0.7791111111111112,0.1402562314814815,0.23105925556189386
train,4,0.039526041666666664,0.04123148148148148,0.0016297172550154319,0.9586374354367841
train,4,0.10036458333333333,0.32775000000000004,0.0328944921875,0.30622298499872863
train,4,0.10036458333333333,0.32775000000000004,0.0328944921875,0.30622298499872863
train,4,0.10036458333333333,0.32775000000000004,0.0328944921875,0.30622298499872863
train,4,0.19450520833333332,0.4629907407407407,0.09005411048418209,0.42010604363738174
train,4,0.10036458333333333,0.32775000000000004,0.0328944921875,0.30622298499872863
train,4,0.112078125,0.27405555555555555,0.0307156328125,0.40896133184674643
train,4,0.112078125,0.27405555555555555,0.0307156328125,0.40896133184674643
train,4,0.112078125,0.27405555555555555,0.0307156328125,0.40896133184674643
train,4,0.112078125,0.27405555555555555,0.0307156328125,0.40896133184674643
train,4,0.112078125,0.27405555555555555,0.0307156328125,0.40896133184674643
train,4,0.19217708333333333,0.5404351851851852,0.10385925761959876,0.3555969126389912
train,4,0.10484895833333334,0.25472222222222224,0.026707359664351855,0.41162077426390403
train,4,0.10484895833333334,0.25472222222222224,0.026707359664351855,0.41162077426390403
train,4,0.10484895833333334,0.25472222222222224,0.026707359664351855,0.41162077426390403
train,2,0.10484895833333334,0.25472222222222224,0.026707359664351855,0.41162077426390403
train,1,0.015859375,0.044111111111111115,0.0006995746527777778,0.3595324307304785
train,4,0.19217708333333333,0.5404351851851852,0.10385925761959876,0.3555969126389912
train,2,0.08925000000000001,0.25743518518518516,0.022976090277777778,0.34668920620076976
train,1,0.015859375,0.044111111111111115,0.0006995746527777778,0.3595324307304785
train,2,0.08925000000000001,0.25743518518518516,0.022976090277777778,0.34668920620076976
train,1,0.015859375,0.044111111111111115,0.0006995746527777778,0.3595324307304785
train,2,0.08925000000000001,0.25743518518518516,0.022976090277777778,0.34668920620076976
train,1,0.015859375,0.044111111111111115,0.0006995746527777778,0.3595324307304785
train,2,0.08925000000000001,0.25743518518518516,0.022976090277777778,0.34668920620076976
train,1,0.015859375,0.044111111111111115,0.0006995746527777778,0.3595324307304785
train,2,0.08925000000000001,0.25743518518518516,0.022976090277777778,0.34668920620076976
train,1,0.015859375,0.044111111111111115,0.0006995746527777778,0.3595324307304785
train,2,0.08925000000000001,0.25743518518518516,0.022976090277777778,0.34668920620076976
train,1,0.015859375,0.044111111111111115,0.0006995746527777778,0.3595324307304785
train,5,0.08925000000000001,0.25743518518518516,0.022976090277777778,0.34668920620076976
train,1,0.015859375,0.044111111111111115,0.0006995746527777778,0.3595324307304785
train,4,0.19217708333333333,0.5404351851851852,0.10385925761959876,0.3555969126389912
train,5,0.093375,0.28155555555555556,0.02629025,0.33163970007892657
train,1,0.015859375,0.044111111111111115,0.0006995746527777778,0.3595324307304785
train,5,0.09978645833333334,0.3183425925925926,0.03176627985146605,0.3134561967365696
train,1,0.015859375,0.044111111111111115,0.0006995746527777778,0.3595324307304785
train,5,0.09978645833333334,0.3183425925925926,0.03176627985146605,0.3134561967365696
train,1,0.015859375,0.044111111111111115,0.0006995746527777778,0.3595324307304785
train,5,0.09978645833333334,0.3183425925925926,0.03176627985146605,0.3134561967365696
train,5,0.09978645833333334,0.3183425925925926,0.03176627985146605,0.3134561967365696
train,5,0.09978645833333334,0.3183425925925926,0.03176627985146605,0.3134561967365696
train,4,0.09978645833333334,0.3183425925925926,0.03176627985146605,0.3134561967365696
train,4,0.19217708333333333,0.5404351851851852,0.10385925761959876,0.3555969126389912
train,4,0.09978645833333334,0.3183425925925926,0.03176627985146605,0.3134561967365696
train,4,0.109296875,0.3588240740740741,0.03921834997106482,0.30459738600882513
train,4,0.11465624999999999,0.38360185185185186,0.043982349826388885,0.2988938907528542
train,4,0.18513541666666666,0.48139814814814813,0.08912384673996913,0.3845785809082341
train,4,0.128125,0.4223611111111111,0.0541150173611111,0.30335415981585007
train,4,0.128125,0.4223611111111111,0.0541150173611111,0.30335415981585007
train,4,0.19450520833333332,0.4629907407407407,0.09005411048418209,0.42010604363738174
train,4,0.128125,0.4223611111111111,0.0541150173611111,0.30335415981585007
train,4,0.10661979166666667,0.3680648148148148,0.0392429938753858,0.28967667480063397
train,4,0.10661979166666667,0.3680648148148148,0.0392429938753858,0.28967667480063397
train,2,0.382875,0.9173333333333333,0.35122400000000004,0.41737827034883723
train,1,0.0613125,0.1510462962962963,0.009261026041666665,0.4059185925335622
train,4,0.273484375,0.6975555555555556,0.19077054513888891,0.3920610664224275
train,4,0.273484375,0.6975555555555556,0.19077054513888891,0.3920610664224275
train,4,0.273484375,0.6975555555555556,0.19077054513888891,0.3920610664224275
train,4,0.273484375,0.6975555555555556,0.19077054513888891,0.3920610664224275
train,4,0.246828125,0.5552037037037038,0.13703988917824075,0.44457218738534404
train,2,0.382875,0.9173333333333333,0.35122400000000004,0.41737827034883723
train,1,0.0613125,0.1510462962962963,0.009261026041666665,0.4059185925335622
train,4,0.246828125,0.5552037037037038,0.13703988917824075,0.44457218738534404
train,4,0.2773802083333334,0.5529537037037038,0.15337841353202164,0.501633692794588
train,4,0.2773802083333334,0.5529537037037038,0.15337841353202164,0.501633692794588
train,4,0.2773802083333334,0.5529537037037038,0.15337841353202164,0.501633692794588
train,4,0.33232812500000003,0.7751574074074074,0.2576066077835648,0.4287234074321823
train,4,0.33232812500000003,0.7751574074074074,0.2576066077835648,0.4287234074321823
train,2,0.382875,0.9173333333333333,0.35122400000000004,0.41737827034883723
train,1,0.07676041666666666,0.13175,0.010113184895833334,0.5826217583807716
train,2,0.382875,0.9173333333333333,0.35122400000000004,0.41737827034883723
train,1,0.058015625,0.13460185185185186,0.007809010561342593,0.4310165439911949
train,2,0.382875,0.9173333333333333,0.35122400000000004,0.41737827034883723
train,1,0.058015625,0.13460185185185186,0.007809010561342593,0.4310165439911949
train,2,0.382875,0.9173333333333333,0.35122400000000004,0.41737827034883723
train,1,0.058015625,0.13460185185185186,0.007809010561342593,0.4310165439911949
train,2,0.382875,0.9173333333333333,0.35122400000000004,0.41737827034883723
train,1,0.058015625,0.13460185185185186,0.007809010561342593,0.4310165439911949
train,5,0.382875,0.9173333333333333,0.35122400000000004,0.41737827034883723
train,1,0.058015625,0.13460185185185186,0.007809010561342593,0.4310165439911949
train,5,0.382875,0.9173333333333333,0.35122400000000004,0.41737827034883723
train,1,0.058015625,0.13460185185185186,0.007809010561342593,0.4310165439911949
train,4,0.382875,0.9173333333333333,0.35122400000000004,0.41737827034883723
train,4,0.382875,0.9173333333333333,0.35122400000000004,0.41737827034883723
train,4,0.34208854166666663,0.7122962962962963,0.24366840123456787,0.48026157575915135
train,4,0.34208854166666663,0.7122962962962963,0.24366840123456787,0.48026157575915135
train,4,0.34208854166666663,0.7122962962962963,0.24366840123456787,0.48026157575915135
train,4,0.2967447916666667,0.8762592592592593,0.2600253713348766,0.3386495361173338
train,4,0.15718229166666667,0.7157037037037037,0.11249594830246915,0.21961922350445043
train,4,0.2967447916666667,0.8762592592592593,0.2600253713348766,0.3386495361173338
train,4,0.15718229166666667,0.7157037037037037,0.11249594830246915,0.21961922350445043
train,4,0.2967447916666667,0.8762592592592593,0.2600253713348766,0.3386495361173338
train,4,0.10316666666666667,0.7112407407407407,0.0733763364197531,0.14505168328690082
train,4,0.2967447916666667,0.8762592592592593,0.2600253713348766,0.3386495361173338
train,4,0.104625,0.8394444444444444,0.087826875,0.12463600264725347
train,4,0.2967447916666667,0.8762592592592593,0.2600253713348766,0.3386495361173338
train,4,0.104625,0.8394444444444444,0.087826875,0.12463600264725347
train,4,0.2967447916666667,0.8762592592592593,0.2600253713348766,0.3386495361173338
train,4,0.104625,0.8394444444444444,0.087826875,0.12463600264725347
train,4,0.2967447916666667,0.8762592592592593,0.2600253713348766,0.3386495361173338
train,4,0.189640625,0.9088333333333333,0.17235172135416665,0.20866380891252523
train,4,0.2967447916666667,0.8762592592592593,0.2600253713348766,0.3386495361173338
train,4,0.189640625,0.9088333333333333,0.17235172135416665,0.20866380891252523
train,4,0.30249479166666665,0.9020462962962963,0.2728643064718364,0.33534286755422343
train,4,0.189640625,0.9088333333333333,0.17235172135416665,0.20866380891252523
train,4,0.30249479166666665,0.9020462962962963,0.2728643064718364,0.33534286755422343
train,4,0.189640625,0.9088333333333333,0.17235172135416665,0.20866380891252523
train,4,0.30249479166666665,0.9020462962962963,0.2728643064718364,0.33534286755422343
train,4,0.3392291666666667,0.7912037037037037,0.2683993730709877,0.42875073142188413
train,4,0.30249479166666665,0.9020462962962963,0.2728643064718364,0.33534286755422343
train,4,0.3392291666666667,0.7912037037037037,0.2683993730709877,0.42875073142188413
train,4,0.30249479166666665,0.9020462962962963,0.2728643064718364,0.33534286755422343
train,4,0.3392291666666667,0.7912037037037037,0.2683993730709877,0.42875073142188413
train,4,0.30249479166666665,0.9020462962962963,0.2728643064718364,0.33534286755422343
train,4,0.3392291666666667,0.7912037037037037,0.2683993730709877,0.42875073142188413
train,4,0.24453645833333332,0.20441666666666666,0.049987327690972215,1.1962647778230737
train,4,0.3392291666666667,0.7912037037037037,0.2683993730709877,0.42875073142188413
train,4,0.26506250000000003,0.8843611111111112,0.23441096701388894,0.29972202154725636
train,0,0.10775,0.2168425925925926,0.02336478935185185,0.4969042230667407
train,4,0.08991666666666666,0.3557222222222222,0.03198535648148148,0.2527721380602842
train,4,0.26506250000000003,0.8843611111111112,0.23441096701388894,0.29972202154725636
train,0,0.10775,0.2168425925925926,0.02336478935185185,0.4969042230667407
train,4,0.08991666666666666,0.3557222222222222,0.03198535648148148,0.2527721380602842
train,4,0.26506250000000003,0.8843611111111112,0.23441096701388894,0.29972202154725636
train,4,0.08991666666666666,0.3557222222222222,0.03198535648148148,0.2527721380602842
train,4,0.2967447916666667,0.8762592592592593,0.2600253713348766,0.3386495361173338
train,4,0.11718229166666667,0.26464814814814813,0.031012076485339508,0.4427852319641733
train,4,0.2967447916666667,0.8762592592592593,0.2600253713348766,0.3386495361173338
train,4,0.11718229166666667,0.26464814814814813,0.031012076485339508,0.4427852319641733
train,4,0.2967447916666667,0.8762592592592593,0.2600253713348766,0.3386495361173338
train,4,0.11718229166666667,0.26464814814814813,0.031012076485339508,0.4427852319641733
train,4,0.2967447916666667,0.8762592592592593,0.2600253713348766,0.3386495361173338
train,4,0.11718229166666667,0.26464814814814813,0.031012076485339508,0.4427852319641733
train,4,0.2967447916666667,0.8762592592592593,0.2600253713348766,0.3386495361173338
train,4,0.11718229166666667,0.26464814814814813,0.031012076485339508,0.4427852319641733
train,4,0.30967187500000004,0.7245370370370371,0.22436874276620375,0.4274065495207668
train,0,0.10775,0.2168425925925926,0.02336478935185185,0.4969042230667407
train,4,0.2967447916666667,0.8762592592592593,0.2600253713348766,0.3386495361173338
train,4,0.20928645833333331,0.9118796296296297,0.1908440581114969,0.22951105774600689
train,4,0.32515625,0.6438425925925926,0.20934944299768518,0.505024448119652
train,4,0.31909375,0.8705092592592593,0.27777406394675924,0.3665598574695527
train,2,0.40970833333333334,0.6550833333333334,0.26839310069444444,0.625429334690243
train,4,0.31909375,0.8704999999999999,0.277771109375,0.3665637564618036
train,1,0.08526041666666666,0.17678703703703705,0.01507293643904321,0.48227753626983705
train,5,0.40970833333333334,0.6550833333333334,0.26839310069444444,0.625429334690243
train,4,0.31909375,0.8704999999999999,0.277771109375,0.3665637564618036
train,1,0.08526041666666666,0.17678703703703705,0.01507293643904321,0.48227753626983705
train,4,0.32515625,0.6438425925925926,0.20934944299768518,0.505024448119652
train,2,0.31909375,0.8704999999999999,0.277771109375,0.3665637564618036
train,1,0.08610416666666666,0.13699074074074072,0.011795473572530862,0.6285400473132816
train,5,0.31366666666666665,0.6550925925925926,0.20548070987654318,0.47881272084805654
train,2,0.31909375,0.8704999999999999,0.277771109375,0.3665637564618036
train,1,0.08673958333333333,0.1495462962962963,0.01297158342978395,0.5800182651229026
train,5,0.31366666666666665,0.6550925925925926,0.20548070987654318,0.47881272084805654
train,2,0.31909375,0.8704999999999999,0.277771109375,0.3665637564618036
train,1,0.08673958333333333,0.1495462962962963,0.01297158342978395,0.5800182651229026
train,5,0.31366666666666665,0.6550925925925926,0.20548070987654318,0.47881272084805654
train,2,0.31909375,0.8704999999999999,0.277771109375,0.3665637564618036
train,1,0.08673958333333333,0.1495462962962963,0.01297158342978395,0.5800182651229026
train,5,0.31366666666666665,0.6550925925925926,0.20548070987654318,0.47881272084805654
train,2,0.31909375,0.8704999999999999,0.277771109375,0.3665637564618036
train,1,0.08673958333333333,0.1495462962962963,0.01297158342978395,0.5800182651229026
train,5,0.31366666666666665,0.6550925925925926,0.20548070987654318,0.47881272084805654
train,2,0.31909375,0.8704999999999999,0.277771109375,0.3665637564618036
train,1,0.08673958333333333,0.1495462962962963,0.01297158342978395,0.5800182651229026
train,5,0.31366666666666665,0.6550925925925926,0.20548070987654318,0.47881272084805654
train,2,0.31909375,0.8704999999999999,0.277771109375,0.3665637564618036
train,1,0.08673958333333333,0.1495462962962963,0.01297158342978395,0.5800182651229026
train,5,0.31366666666666665,0.6550925925925926,0.20548070987654318,0.47881272084805654
train,2,0.31909375,0.8704999999999999,0.277771109375,0.3665637564618036
train,1,0.08673958333333333,0.1495462962962963,0.01297158342978395,0.5800182651229026
train,4,0.32515625,0.6438425925925926,0.20934944299768518,0.505024448119652
train,2,0.31909375,0.8704999999999999,0.277771109375,0.3665637564618036
train,1,0.08610416666666666,0.13699074074074072,0.011795473572530862,0.6285400473132816
train,5,0.31366666666666665,0.6550925925925926,0.20548070987654318,0.47881272084805654
train,2,0.31909375,0.8704999999999999,0.277771109375,0.3665637564618036
train,1,0.08673958333333333,0.1495462962962963,0.01297158342978395,0.5800182651229026
train,5,0.31366666666666665,0.6550925925925926,0.20548070987654318,0.47881272084805654
train,2,0.31909375,0.8704999999999999,0.277771109375,0.3665637564618036
train,1,0.08673958333333333,0.1495462962962963,0.01297158342978395,0.5800182651229026
train,0,0.06846875000000001,0.21153703703703705,0.014483676504629632,0.3236726341591526
train,5,0.31366666666666665,0.6550925925925926,0.20548070987654318,0.47881272084805654
train,2,0.31909375,0.8704999999999999,0.277771109375,0.3665637564618036
train,1,0.08673958333333333,0.1495462962962963,0.01297158342978395,0.5800182651229026
train,0,0.06846875000000001,0.21153703703703705,0.014483676504629632,0.3236726341591526
train,5,0.31366666666666665,0.6550925925925926,0.20548070987654318,0.47881272084805654
train,2,0.31909375,0.8704999999999999,0.277771109375,0.3665637564618036
train,1,0.08673958333333333,0.1495462962962963,0.01297158342978395,0.5800182651229026
train,0,0.06846875000000001,0.21153703703703705,0.014483676504629632,0.3236726341591526
train,4,0.31366666666666665,0.6550925925925926,0.20548070987654318,0.47881272084805654
train,2,0.31909375,0.8704999999999999,0.277771109375,0.3665637564618036
train,1,0.08673958333333333,0.1495462962962963,0.01297158342978395,0.5800182651229026
train,0,0.06846875000000001,0.21153703703703705,0.014483676504629632,0.3236726341591526
train,4,0.31366666666666665,0.6550925925925926,0.20548070987654318,0.47881272084805654
train,2,0.31909375,0.8704999999999999,0.277771109375,0.3665637564618036
train,0,0.08673958333333333,0.1495462962962963,0.01297158342978395,0.5800182651229026
train,0,0.06846875000000001,0.21153703703703705,0.014483676504629632,0.3236726341591526
train,4,0.31366666666666665,0.6550925925925926,0.20548070987654318,0.47881272084805654
train,2,0.24736979166666667,0.7454907407407407,0.18441188922646606,0.3318214139331537
train,1,0.08673958333333333,0.1495462962962963,0.01297158342978395,0.5800182651229026
train,4,0.31366666666666665,0.6550925925925926,0.20548070987654318,0.47881272084805654
train,2,0.24736979166666667,0.7454907407407407,0.18441188922646606,0.3318214139331537
train,1,0.08673958333333333,0.1495462962962963,0.01297158342978395,0.5800182651229026
train,4,0.31366666666666665,0.6550925925925926,0.20548070987654318,0.47881272084805654
train,2,0.24736979166666667,0.7454907407407407,0.18441188922646606,0.3318214139331537
train,1,0.08673958333333333,0.1495462962962963,0.01297158342978395,0.5800182651229026
train,4,0.31366666666666665,0.6550925925925926,0.20548070987654318,0.47881272084805654
train,2,0.24736979166666667,0.7454907407407407,0.18441188922646606,0.3318214139331537
train,1,0.08673958333333333,0.1495462962962963,0.01297158342978395,0.5800182651229026
train,4,0.31366666666666665,0.6550925925925926,0.20548070987654318,0.47881272084805654
train,2,0.24736979166666667,0.7454907407407407,0.18441188922646606,0.3318214139331537
train,1,0.08673958333333333,0.1495462962962963,0.01297158342978395,0.5800182651229026
train,4,0.31366666666666665,0.6550925925925926,0.20548070987654318,0.47881272084805654
train,2,0.24736979166666667,0.7454907407407407,0.18441188922646606,0.3318214139331537
train,1,0.08673958333333333,0.1495462962962963,0.01297158342978395,0.5800182651229026
train,4,0.31366666666666665,0.6550925925925926,0.20548070987654318,0.47881272084805654
train,2,0.32266666666666666,0.7454907407407407,0.24054501234567902,0.4328245128115956
train,1,0.08673958333333333,0.1495462962962963,0.01297158342978395,0.5800182651229026
train,4,0.29059375000000004,0.759462962962963,0.22069519039351856,0.3826305747238546
train,4,0.24198958333333334,0.39346296296296296,0.09521393846450618,0.6150250623617453
train,4,0.33500520833333336,0.803037037037037,0.26902158989197533,0.41717279886541836
train,4,0.33500520833333336,0.803037037037037,0.26902158989197533,0.41717279886541836
train,4,0.33500520833333336,0.803037037037037,0.26902158989197533,0.41717279886541836
train,4,0.2662864583333333,0.7581388888888888,0.2018821196469907,0.3512370388011578
train,4,0.32515625,0.6438425925925926,0.20934944299768518,0.505024448119652
train,2,0.31909375,0.8704999999999999,0.277771109375,0.3665637564618036
train,1,0.08610416666666666,0.13699074074074072,0.011795473572530862,0.6285400473132816
train,4,0.32515625,0.6438425925925926,0.20934944299768518,0.505024448119652
train,2,0.31909375,0.8704999999999999,0.277771109375,0.3665637564618036
train,1,0.08610416666666666,0.13699074074074072,0.011795473572530862,0.6285400473132816
train,4,0.32515625,0.6438425925925926,0.20934944299768518,0.505024448119652
train,2,0.31909375,0.8704999999999999,0.277771109375,0.3665637564618036
train,1,0.08610416666666666,0.13699074074074072,0.011795473572530862,0.6285400473132816
train,4,0.32515625,0.6438425925925926,0.20934944299768518,0.505024448119652
train,4,0.31909375,0.8704999999999999,0.277771109375,0.3665637564618036
train,4,0.32515625,0.6438425925925926,0.20934944299768518,0.505024448119652
train,2,0.31909375,0.8704999999999999,0.277771109375,0.3665637564618036
train,1,0.08610416666666666,0.13699074074074072,0.011795473572530862,0.6285400473132816
train,2,0.40970833333333334,0.6550833333333334,0.26839310069444444,0.625429334690243
train,4,0.31909375,0.8704999999999999,0.277771109375,0.3665637564618036
train,1,0.08610416666666666,0.13699074074074072,0.011795473572530862,0.6285400473132816
train,2,0.40970833333333334,0.6550833333333334,0.26839310069444444,0.625429334690243
train,4,0.31909375,0.8704999999999999,0.277771109375,0.3665637564618036
train,1,0.08526041666666666,0.17678703703703705,0.01507293643904321,0.48227753626983705
train,2,0.40970833333333334,0.6550833333333334,0.26839310069444444,0.625429334690243
train,4,0.31909375,0.8704999999999999,0.277771109375,0.3665637564618036
train,1,0.08526041666666666,0.17678703703703705,0.01507293643904321,0.48227753626983705
train,2,0.40970833333333334,0.6550833333333334,0.26839310069444444,0.625429334690243
train,4,0.31909375,0.8704999999999999,0.277771109375,0.3665637564618036
train,1,0.08526041666666666,0.17678703703703705,0.01507293643904321,0.48227753626983705
train,4,0.5593958333333333,0.9953611111111111,0.5568008582175926,0.56200290235258
train,4,0.6084635416666667,1.0,0.6084635416666667,0.6084635416666667
train,0,0.177328125,0.2655740740740741,0.04709375260416667,0.6677162506101387
train,4,0.6084635416666667,1.0,0.6084635416666667,0.6084635416666667
train,0,0.177328125,0.2655740740740741,0.04709375260416667,0.6677162506101387
train,4,0.6084635416666667,1.0,0.6084635416666667,0.6084635416666667
train,0,0.15615625,0.17066666666666666,0.026650666666666666,0.91497802734375
train,2,0.5593958333333333,0.9953611111111111,0.5568008582175926,0.56200290235258
train,1,0.3274375,0.26408333333333334,0.08647078645833334,1.2399021773430103
train,4,0.6084635416666667,1.0,0.6084635416666667,0.6084635416666667
train,0,0.15615625,0.17066666666666666,0.026650666666666666,0.91497802734375
train,4,0.6084635416666667,1.0,0.6084635416666667,0.6084635416666667
train,0,0.14626562499999998,0.2218425925925926,0.03244794545717592,0.659321653658333
train,4,0.6084635416666667,1.0,0.6084635416666667,0.6084635416666667
train,0,0.14626562499999998,0.2218425925925926,0.03244794545717592,0.659321653658333
train,4,0.6084635416666667,1.0,0.6084635416666667,0.6084635416666667
train,0,0.14626562499999998,0.2218425925925926,0.03244794545717592,0.659321653658333
train,4,0.6084635416666667,1.0,0.6084635416666667,0.6084635416666667
train,0,0.14626562499999998,0.2218425925925926,0.03244794545717592,0.659321653658333
train,4,0.6084635416666667,1.0,0.6084635416666667,0.6084635416666667
train,0,0.14626562499999998,0.2218425925925926,0.03244794545717592,0.659321653658333
train,4,0.6084635416666667,1.0,0.6084635416666667,0.6084635416666667
train,0,0.14626562499999998,0.2218425925925926,0.03244794545717592,0.659321653658333
train,2,0.5593958333333333,0.9953611111111111,0.5568008582175926,0.56200290235258
train,1,0.3274375,0.26408333333333334,0.08647078645833334,1.2399021773430103
train,4,0.6084635416666667,1.0,0.6084635416666667,0.6084635416666667
train,0,0.14626562499999998,0.2218425925925926,0.03244794545717592,0.659321653658333
train,4,0.6084635416666667,1.0,0.6084635416666667,0.6084635416666667
train,0,0.14626562499999998,0.2218425925925926,0.03244794545717592,0.659321653658333
train,4,0.6084635416666667,1.0,0.6084635416666667,0.6084635416666667
train,4,0.6084635416666667,1.0,0.6084635416666667,0.6084635416666667
train,4,0.6084635416666667,1.0,0.6084635416666667,0.6084635416666667
train,4,0.6084583333333333,1.0,0.6084583333333333,0.6084583333333333
train,4,0.6084583333333333,1.0,0.6084583333333333,0.6084583333333333
train,4,0.6084583333333333,1.0,0.6084583333333333,0.6084583333333333
train,4,0.6084583333333333,1.0,0.6084583333333333,0.6084583333333333
train,4,0.6084583333333333,1.0,0.6084583333333333,0.6084583333333333
train,4,0.6084583333333333,1.0,0.6084583333333333,0.6084583333333333
train,4,0.6084583333333333,1.0,0.6084583333333333,0.6084583333333333
train,4,0.6780833333333334,1.0,0.6780833333333334,0.6780833333333334
train,4,0.6780833333333334,1.0,0.6780833333333334,0.6780833333333334
train,4,0.6780833333333334,1.0,0.6780833333333334,0.6780833333333334
train,0,0.18225,0.18055555555555555,0.03290625,1.0093846153846153
train,4,0.6780833333333334,1.0,0.6780833333333334,0.6780833333333334
train,0,0.18225,0.18055555555555555,0.03290625,1.0093846153846153
train,2,0.5593958333333333,0.9953611111111111,0.5568008582175926,0.56200290235258
train,1,0.28742708333333333,0.23896296296296296,0.0686844274691358,1.2028101751394917
train,2,0.6780833333333334,1.0,0.6780833333333334,0.6780833333333334
train,0,0.12193229166666668,0.2182685185185185,0.026613980661651236,0.558634348619183
train,1,0.22144270833333335,0.16666666666666666,0.036907118055555556,1.32865625
train,2,0.6780833333333334,1.0,0.6780833333333334,0.6780833333333334
train,0,0.12193229166666668,0.2182685185185185,0.026613980661651236,0.558634348619183
train,1,0.22144270833333335,0.16666666666666666,0.036907118055555556,1.32865625
train,2,0.5066770833333334,1.0,0.5066770833333334,0.5066770833333334
train,1,0.2978385416666667,0.17357407407407408,0.0516970490933642,1.7159160620932465
train,2,0.5066770833333334,1.0,0.5066770833333334,0.5066770833333334
train,1,0.2978385416666667,0.17357407407407408,0.0516970490933642,1.7159160620932465
train,2,0.5066770833333334,1.0,0.5066770833333334,0.5066770833333334
train,1,0.3917291666666667,0.21671296296296297,0.08489278838734568,1.8075945310831019
train,2,0.5066770833333334,1.0,0.5066770833333334,0.5066770833333334
train,1,0.3917291666666667,0.21671296296296297,0.08489278838734568,1.8075945310831019
train,2,0.5066770833333334,1.0,0.5066770833333334,0.5066770833333334
train,1,0.3917291666666667,0.21671296296296297,0.08489278838734568,1.8075945310831019
train,4,0.5750208333333333,1.0,0.5750208333333333,0.5750208333333333
train,4,0.5750208333333333,1.0,0.5750208333333333,0.5750208333333333
train,2,0.5593958333333333,0.9953611111111111,0.5568008582175926,0.56200290235258
train,1,0.332375,0.19366666666666665,0.06436995833333332,1.7162220309810672
train,4,0.6633697916666667,0.9933055555555556,0.6589288994502315,0.6678406135518331
train,4,0.6633697916666667,0.9933055555555556,0.6589288994502315,0.6678406135518331
train,4,0.6633697916666667,0.9933055555555556,0.6589288994502315,0.6678406135518331
train,4,0.6633697916666667,0.9933055555555556,0.6589288994502315,0.6678406135518331
train,4,0.6633697916666667,0.9932962962962962,0.6589227571373456,0.6678468389947425
train,4,0.6633697916666667,0.9932962962962962,0.6589227571373456,0.6678468389947425
train,4,0.6633697916666667,0.9932962962962962,0.6589227571373456,0.6678468389947425
train,2,0.5593958333333333,0.9953611111111111,0.5568008582175926,0.56200290235258
train,1,0.332375,0.19366666666666665,0.06436995833333332,1.7162220309810672
train,4,0.6633697916666667,0.9932962962962962,0.6589227571373456,0.6678468389947425
train,4,0.6633697916666667,0.9932962962962962,0.6589227571373456,0.6678468389947425
train,4,0.6633697916666667,0.9932962962962962,0.6589227571373456,0.6678468389947425
train,0,0.11972395833333334,0.20692592592592593,0.024773990933641975,0.5785836540182567
train,4,0.6633697916666667,0.9932962962962962,0.6589227571373456,0.6678468389947425
train,0,0.11972395833333334,0.20692592592592593,0.024773990933641975,0.5785836540182567
train,4,0.6633697916666667,0.9932962962962962,0.6589227571373456,0.6678468389947425
train,0,0.11972395833333334,0.20692592592592593,0.024773990933641975,0.5785836540182567
train,4,0.6633697916666667,0.9932962962962962,0.6589227571373456,0.6678468389947425
train,0,0.11972395833333334,0.20692592592592593,0.024773990933641975,0.5785836540182567
train,4,0.6633697916666667,0.9932962962962962,0.6589227571373456,0.6678468389947425
train,0,0.11972395833333334,0.20692592592592593,0.024773990933641975,0.5785836540182567
train,4,0.6633697916666667,0.9932962962962962,0.6589227571373456,0.6678468389947425
train,0,0.11972395833333334,0.20692592592592593,0.024773990933641975,0.5785836540182567
train,4,0.6633697916666667,0.9932962962962962,0.6589227571373456,0.6678468389947425
train,0,0.11972395833333334,0.20692592592592593,0.024773990933641975,0.5785836540182567
train,4,0.6633697916666667,0.9932962962962962,0.6589227571373456,0.6678468389947425
train,0,0.11972395833333334,0.20692592592592593,0.024773990933641975,0.5785836540182567
train,4,0.6633697916666667,0.9932962962962962,0.6589227571373456,0.6678468389947425
train,0,0.11972395833333334,0.20692592592592593,0.024773990933641975,0.5785836540182567
train,4,0.6633697916666667,0.9932962962962962,0.6589227571373456,0.6678468389947425
train,0,0.11972395833333334,0.20692592592592593,0.024773990933641975,0.5785836540182567
train,4,0.6633697916666667,0.9932962962962962,0.6589227571373456,0.6678468389947425
train,0,0.11972395833333334,0.20692592592592593,0.024773990933641975,0.5785836540182567
train,4,0.6633697916666667,0.9932962962962962,0.6589227571373456,0.6678468389947425
train,0,0.11972395833333334,0.20692592592592593,0.024773990933641975,0.5785836540182567
train,4,0.6633697916666667,0.9932962962962962,0.6589227571373456,0.6678468389947425
train,0,0.11972395833333334,0.20692592592592593,0.024773990933641975,0.5785836540182567
train,2,0.5686354166666666,1.0,0.5686354166666666,0.5686354166666666
train,1,0.39188541666666665,0.25211111111111106,0.09879866782407405,1.5544154914059058
train,4,0.6633697916666667,0.9932962962962962,0.6589227571373456,0.6678468389947425
train,0,0.11972395833333334,0.20692592592592593,0.024773990933641975,0.5785836540182567
train,4,0.6633697916666667,0.9932962962962962,0.6589227571373456,0.6678468389947425
train,0,0.11972395833333334,0.20692592592592593,0.024773990933641975,0.5785836540182567
train,4,0.5961197916666666,0.9932962962962962,0.5921235812114197,0.6001429723330475
train,4,0.4645572916666667,0.9932962962962962,0.4614430372299383,0.4676925640404192
train,5,0.4645572916666667,0.9932962962962962,0.4614430372299383,0.4676925640404192
train,5,0.4645572916666667,0.9932962962962962,0.4614430372299383,0.4676925640404192
train,4,0.4645572916666667,0.9932962962962962,0.4614430372299383,0.4676925640404192
train,4,0.4645572916666667,0.9932962962962962,0.4614430372299383,0.4676925640404192
train,4,0.4645572916666667,0.9932962962962962,0.4614430372299383,0.4676925640404192
train,4,0.4645572916666667,0.9932962962962962,0.4614430372299383,0.4676925640404192
train,4,0.5560885416666667,1.0,0.5560885416666667,0.5560885416666667
train,4,0.5560885416666667,1.0,0.5560885416666667,0.5560885416666667
train,2,0.5686354166666666,1.0,0.5686354166666666,0.5686354166666666
train,1,0.39188541666666665,0.25211111111111106,0.09879866782407405,1.5544154914059058
train,2,0.5686354166666666,1.0,0.5686354166666666,0.5686354166666666
train,1,0.39188541666666665,0.25211111111111106,0.09879866782407405,1.5544154914059058
train,2,0.5686354166666666,1.0,0.5686354166666666,0.5686354166666666
train,1,0.39188541666666665,0.25211111111111106,0.09879866782407405,1.5544154914059058
train,2,0.5686354166666666,1.0,0.5686354166666666,0.5686354166666666
train,1,0.39188541666666665,0.25211111111111106,0.09879866782407405,1.5544154914059058
train,2,0.5686354166666666,1.0,0.5686354166666666,0.5686354166666666
train,1,0.39188541666666665,0.25211111111111106,0.09879866782407405,1.5544154914059058
train,4,0.5593958333333333,0.9953611111111111,0.5568008582175926,0.56200290235258
train,2,0.5686354166666666,1.0,0.5686354166666666,0.5686354166666666
train,1,0.39188541666666665,0.25211111111111106,0.09879866782407405,1.5544154914059058
train,2,0.5686354166666666,1.0,0.5686354166666666,0.5686354166666666
train,1,0.41561458333333334,0.3098240740740741,0.1287674034529321,1.341453483159499
train,2,0.5686354166666666,1.0,0.5686354166666666,0.5686354166666666
train,1,0.3854166666666667,0.3710648148148148,0.14301456404320986,1.0386774797255147
train,2,0.5686354166666666,1.0,0.5686354166666666,0.5686354166666666
train,1,0.3078958333333333,0.3047777777777778,0.09383980787037037,1.0102305869485961
train,2,0.5686354166666666,1.0,0.5686354166666666,0.5686354166666666
train,1,0.359703125,0.254962962962963,0.09171097453703705,1.4108054002033699
train,2,0.5686354166666666,1.0,0.5686354166666666,0.5686354166666666
train,1,0.359703125,0.254962962962963,0.09171097453703705,1.4108054002033699
train,2,0.5686354166666666,1.0,0.5686354166666666,0.5686354166666666
train,1,0.359703125,0.254962962962963,0.09171097453703705,1.4108054002033699
train,4,0.5593958333333333,0.9953611111111111,0.5568008582175926,0.56200290235258
train,2,0.5686354166666666,1.0,0.5686354166666666,0.5686354166666666
train,1,0.359703125,0.254962962962963,0.09171097453703705,1.4108054002033699
train,2,0.5686354166666666,1.0,0.5686354166666666,0.5686354166666666
train,1,0.359703125,0.254962962962963,0.09171097453703705,1.4108054002033699
train,2,0.5686354166666666,1.0,0.5686354166666666,0.5686354166666666
train,1,0.359703125,0.254962962962963,0.09171097453703705,1.4108054002033699
train,2,0.5686354166666666,1.0,0.5686354166666666,0.5686354166666666
train,1,0.359703125,0.254962962962963,0.09171097453703705,1.4108054002033699
train,2,0.5686354166666666,1.0,0.5686354166666666,0.5686354166666666
train,1,0.359703125,0.254962962962963,0.09171097453703705,1.4108054002033699
train,2,0.5686354166666666,1.0,0.5686354166666666,0.5686354166666666
train,1,0.3380572916666667,0.23547222222222222,0.07960310170717594,1.435656777161732
train,2,0.5686354166666666,1.0,0.5686354166666666,0.5686354166666666
train,1,0.3380572916666667,0.23547222222222222,0.07960310170717594,1.435656777161732
train,2,0.5686354166666666,1.0,0.5686354166666666,0.5686354166666666
train,1,0.3380572916666667,0.23547222222222222,0.07960310170717594,1.435656777161732
train,2,0.5686354166666666,1.0,0.5686354166666666,0.5686354166666666
train,1,0.3380572916666667,0.23547222222222222,0.07960310170717594,1.435656777161732
train,2,0.5686354166666666,1.0,0.5686354166666666,0.5686354166666666
train,1,0.3380572916666667,0.23547222222222222,0.07960310170717594,1.435656777161732
train,2,0.5686354166666666,1.0,0.5686354166666666,0.5686354166666666
train,1,0.3380572916666667,0.23547222222222222,0.07960310170717594,1.435656777161732
train,4,0.5593958333333333,0.9953611111111111,0.5568008582175926,0.56200290235258
train,2,0.5686354166666666,1.0,0.5686354166666666,0.5686354166666666
train,1,0.3380572916666667,0.23547222222222222,0.07960310170717594,1.435656777161732
train,2,0.5686354166666666,1.0,0.5686354166666666,0.5686354166666666
train,1,0.3380572916666667,0.23547222222222222,0.07960310170717594,1.435656777161732
train,2,0.5686354166666666,1.0,0.5686354166666666,0.5686354166666666
train,1,0.2670208333333333,0.1749074074074074,0.04670392168209876,1.5266410799364742
train,2,0.5686354166666666,1.0,0.5686354166666666,0.5686354166666666
train,1,0.2670208333333333,0.1749074074074074,0.04670392168209876,1.5266410799364742
train,2,0.5686354166666666,1.0,0.5686354166666666,0.5686354166666666
train,1,0.2670208333333333,0.1749074074074074,0.04670392168209876,1.5266410799364742
train,2,0.5686354166666666,1.0,0.5686354166666666,0.5686354166666666
train,1,0.3174427083333333,0.17900925925925928,0.056825184076003094,1.773331221227952
train,2,0.5686354166666666,1.0,0.5686354166666666,0.5686354166666666
train,1,0.3174427083333333,0.17900925925925928,0.056825184076003094,1.773331221227952
train,0,0.14714583333333334,0.38425925925925924,0.05654214891975309,0.3829337349397591
train,2,0.5686354166666666,1.0,0.5686354166666666,0.5686354166666666
train,1,0.3174427083333333,0.17900925925925928,0.056825184076003094,1.773331221227952
train,0,0.14714583333333334,0.38425925925925924,0.05654214891975309,0.3829337349397591
train,4,0.5593958333333333,0.9953611111111111,0.5568008582175926,0.56200290235258
train,2,0.5686354166666666,1.0,0.5686354166666666,0.5686354166666666
train,1,0.3174427083333333,0.17900925925925928,0.056825184076003094,1.773331221227952
train,0,0.13533854166666667,0.2250648148148148,0.03045994381751543,0.6013314065906941
train,4,0.5686354166666666,1.0,0.5686354166666666,0.5686354166666666
train,2,0.6773802083333333,1.0,0.6773802083333333,0.6773802083333333
train,1,0.17032291666666666,0.3418425925925926,0.058223627411265425,0.49824954630407103
train,2,0.6773802083333333,1.0,0.6773802083333333,0.6773802083333333
train,1,0.17032291666666666,0.3418333333333333,0.058222050347222214,0.4982630424183325
train,2,0.6773802083333333,1.0,0.6773802083333333,0.6773802083333333
train,1,0.3678385416666667,0.31212962962962965,0.11481330777391976,1.1784800504301394
train,2,0.6773802083333333,1.0,0.6773802083333333,0.6773802083333333
train,1,0.3678385416666667,0.31212962962962965,0.11481330777391976,1.1784800504301394
train,2,0.6773802083333333,1.0,0.6773802083333333,0.6773802083333333
train,1,0.3678385416666667,0.31212962962962965,0.11481330777391976,1.1784800504301394
train,2,0.6773802083333333,1.0,0.6773802083333333,0.6773802083333333
train,1,0.3678385416666667,0.31212962962962965,0.11481330777391976,1.1784800504301394
train,2,0.6773802083333333,1.0,0.6773802083333333,0.6773802083333333
train,1,0.3678385416666667,0.31212962962962965,0.11481330777391976,1.1784800504301394
train,4,0.5593958333333333,0.9953611111111111,0.5568008582175926,0.56200290235258
train,2,0.6773802083333333,1.0,0.6773802083333333,0.6773802083333333
train,1,0.3678385416666667,0.31212962962962965,0.11481330777391976,1.1784800504301394
train,0,0.20052083333333334,0.45601851851851855,0.09144121334876544,0.4397208121827411
train,2,0.72265625,1.0,0.72265625,0.72265625
train,1,0.3678385416666667,0.31212962962962965,0.11481330777391976,1.1784800504301394
train,0,0.20052083333333334,0.45601851851851855,0.09144121334876544,0.4397208121827411
train,2,0.72265625,1.0,0.72265625,0.72265625
train,1,0.20420833333333333,0.4042222222222222,0.08254554629629629,0.5051882902693787
train,0,0.35166145833333334,0.31342592592592594,0.11021981819058643,1.121992245199409
train,2,0.72265625,1.0,0.72265625,0.72265625
train,1,0.20420833333333333,0.4042222222222222,0.08254554629629629,0.5051882902693787
train,0,0.35165624999999995,0.31342592592592594,0.11021818576388888,1.1219756277695714
train,2,0.72265625,1.0,0.72265625,0.72265625
train,1,0.20420833333333333,0.4042222222222222,0.08254554629629629,0.5051882902693787
train,0,0.35165624999999995,0.31342592592592594,0.11021818576388888,1.1219756277695714
train,2,0.7948645833333334,1.0,0.7948645833333334,0.7948645833333334
train,1,0.20420833333333333,0.4042222222222222,0.08254554629629629,0.5051882902693787
train,0,0.27988541666666666,0.32642592592592595,0.09136185628858025,0.8574239802575594
train,2,0.7165520833333333,1.0,0.7165520833333333,0.7165520833333333
train,1,0.20420833333333333,0.4042222222222222,0.08254554629629629,0.5051882902693787
train,0,0.20909895833333333,0.34185185185185185,0.07148086612654321,0.6116654252437703
train,2,0.7165520833333333,1.0,0.7165520833333333,0.7165520833333333
train,1,0.20420833333333333,0.4042222222222222,0.08254554629629629,0.5051882902693787
train,0,0.20909895833333333,0.34185185185185185,0.07148086612654321,0.6116654252437703
train,2,0.7165520833333333,1.0,0.7165520833333333,0.7165520833333333
train,1,0.321875,0.2622222222222222,0.08440277777777777,1.2274894067796613
train,0,0.20909895833333333,0.34185185185185185,0.07148086612654321,0.6116654252437703
train,2,0.7165520833333333,1.0,0.7165520833333333,0.7165520833333333
train,1,0.321875,0.2622222222222222,0.08440277777777777,1.2274894067796613
train,0,0.20909895833333333,0.34185185185185185,0.07148086612654321,0.6116654252437703
train,2,0.7165520833333333,1.0,0.7165520833333333,0.7165520833333333
train,1,0.321875,0.2622222222222222,0.08440277777777777,1.2274894067796613
train,2,0.7165520833333333,1.0,0.7165520833333333,0.7165520833333333
train,1,0.321875,0.2622222222222222,0.08440277777777777,1.2274894067796613
train,0,0.12816145833333334,0.24460185185185188,0.03134853004436729,0.523959476852027
train,2,0.7165520833333333,1.0,0.7165520833333333,0.7165520833333333
train,1,0.321875,0.2622222222222222,0.08440277777777777,1.2274894067796613
train,0,0.12816145833333334,0.24460185185185188,0.03134853004436729,0.523959476852027
train,2,0.7165520833333333,1.0,0.7165520833333333,0.7165520833333333
train,1,0.321875,0.2622222222222222,0.08440277777777777,1.2274894067796613
train,0,0.12816145833333334,0.24460185185185188,0.03134853004436729,0.523959476852027
train,2,0.7165520833333333,1.0,0.7165520833333333,0.7165520833333333
train,1,0.23630208333333333,0.20677777777777778,0.048862019675925926,1.142782778076303
train,2,0.7165520833333333,1.0,0.7165520833333333,0.7165520833333333
train,1,0.21755729166666665,0.16833333333333333,0.03662214409722222,1.2924195544554455
train,4,0.5593958333333333,0.9953611111111111,0.5568008582175926,0.56200290235258
train,4,0.7165520833333333,1.0,0.7165520833333333,0.7165520833333333
train,4,0.597671875,1.0,0.597671875,0.597671875
train,4,0.7368541666666667,1.0,0.7368541666666667,0.7368541666666667
train,4,0.5593958333333333,0.9953611111111111,0.5568008582175926,0.56200290235258
train,4,0.7368541666666667,1.0,0.7368541666666667,0.7368541666666667
train,4,0.7368541666666667,1.0,0.7368541666666667,0.7368541666666667
train,4,0.7368541666666667,1.0,0.7368541666666667,0.7368541666666667
train,4,0.5593958333333333,0.9953611111111111,0.5568008582175926,0.56200290235258
train,4,0.7368541666666667,1.0,0.7368541666666667,0.7368541666666667
train,4,0.7368541666666667,1.0,0.7368541666666667,0.7368541666666667
train,4,0.7368541666666667,1.0,0.7368541666666667,0.7368541666666667
train,4,0.7368541666666667,1.0,0.7368541666666667,0.7368541666666667
train,4,0.7368541666666667,1.0,0.7368541666666667,0.7368541666666667
train,4,0.7368541666666667,1.0,0.7368541666666667,0.7368541666666667
train,4,0.7368541666666667,1.0,0.7368541666666667,0.7368541666666667
train,2,0.7368541666666667,1.0,0.7368541666666667,0.7368541666666667
train,1,0.18533333333333332,0.1736111111111111,0.03217592592592592,1.06752
train,2,0.7368541666666667,1.0,0.7368541666666667,0.7368541666666667
train,1,0.18533333333333332,0.1736111111111111,0.03217592592592592,1.06752
train,2,0.7368541666666667,1.0,0.7368541666666667,0.7368541666666667
train,1,0.18533333333333332,0.1736111111111111,0.03217592592592592,1.06752
train,2,0.7368541666666667,1.0,0.7368541666666667,0.7368541666666667
train,1,0.18533333333333332,0.1736111111111111,0.03217592592592592,1.06752
train,2,0.7368541666666667,1.0,0.7368541666666667,0.7368541666666667
train,1,0.18272395833333333,0.11561111111111111,0.021124919849537037,1.58050516578568
train,2,0.7368541666666667,1.0,0.7368541666666667,0.7368541666666667
train,1,0.15371354166666668,0.13751851851851854,0.021138458526234572,1.1177661257743063
train,2,0.6142968750000001,1.0,0.6142968750000001,0.6142968750000001
train,1,0.15371354166666668,0.13751851851851854,0.021138458526234572,1.1177661257743063
train,0,0.09671874999999999,0.22339814814814815,0.021606789641203702,0.43294338293198487
train,4,0.5593958333333333,0.9953611111111111,0.5568008582175926,0.56200290235258
train,2,0.6142968750000001,1.0,0.6142968750000001,0.6142968750000001
train,1,0.15371354166666668,0.13751851851851854,0.021138458526234572,1.1177661257743063
train,0,0.09671874999999999,0.22339814814814815,0.021606789641203702,0.43294338293198487
train,2,0.6142968750000001,1.0,0.6142968750000001,0.6142968750000001
train,1,0.15371354166666668,0.13751851851851854,0.021138458526234572,1.1177661257743063
train,0,0.09671874999999999,0.22339814814814815,0.021606789641203702,0.43294338293198487
train,0,0.0004427083333333333,0.00017592592592592592,7.788387345679011e-08,2.5164473684210527
train,2,0.6142968750000001,1.0,0.6142968750000001,0.6142968750000001
train,1,0.15371354166666668,0.13751851851851854,0.021138458526234572,1.1177661257743063
train,0,0.09671874999999999,0.22339814814814815,0.021606789641203702,0.43294338293198487
train,5,0.5058854166666666,1.0,0.5058854166666666,0.5058854166666666
train,1,0.15371354166666668,0.13751851851851854,0.021138458526234572,1.1177661257743063
train,0,0.16436458333333331,0.2079537037037037,0.034180223861882714,0.7903902667082238
train,5,0.6084635416666667,1.0,0.6084635416666667,0.6084635416666667
train,1,0.19416145833333334,0.10012962962962962,0.019441314911265432,1.9391009339744778
train,0,0.177328125,0.2655740740740741,0.04709375260416667,0.6677162506101387
train,5,0.6084635416666667,1.0,0.6084635416666667,0.6084635416666667
train,1,0.19416145833333334,0.10012962962962962,0.019441314911265432,1.9391009339744778
train,0,0.177328125,0.2655740740740741,0.04709375260416667,0.6677162506101387
train,5,0.6084635416666667,1.0,0.6084635416666667,0.6084635416666667
train,1,0.19416145833333334,0.10012962962962962,0.019441314911265432,1.9391009339744778
train,0,0.177328125,0.2655740740740741,0.04709375260416667,0.6677162506101387
train,5,0.6084635416666667,1.0,0.6084635416666667,0.6084635416666667
train,0,0.177328125,0.2655740740740741,0.04709375260416667,0.6677162506101387
train,5,0.6084635416666667,1.0,0.6084635416666667,0.6084635416666667
train,0,0.177328125,0.2655740740740741,0.04709375260416667,0.6677162506101387
train,5,0.6084635416666667,1.0,0.6084635416666667,0.6084635416666667
train,0,0.177328125,0.2655740740740741,0.04709375260416667,0.6677162506101387
train,5,0.6084635416666667,1.0,0.6084635416666667,0.6084635416666667
train,0,0.177328125,0.2655740740740741,0.04709375260416667,0.6677162506101387
train,5,0.6084635416666667,1.0,0.6084635416666667,0.6084635416666667
train,0,0.177328125,0.2655740740740741,0.04709375260416667,0.6677162506101387
train,5,0.6084635416666667,1.0,0.6084635416666667,0.6084635416666667
train,0,0.177328125,0.2655740740740741,0.04709375260416667,0.6677162506101387
train,2,0.5593958333333333,0.9953611111111111,0.5568008582175926,0.56200290235258
train,1,0.32417708333333334,0.2013888888888889,0.06528566261574074,1.609706896551724
train,5,0.6084635416666667,1.0,0.6084635416666667,0.6084635416666667
train,0,0.177328125,0.2655740740740741,0.04709375260416667,0.6677162506101387
train,5,0.6084635416666667,1.0,0.6084635416666667,0.6084635416666667
train,0,0.177328125,0.2655740740740741,0.04709375260416667,0.6677162506101387
train,4,0.6084635416666667,1.0,0.6084635416666667,0.6084635416666667
train,0,0.177328125,0.2655740740740741,0.04709375260416667,0.6677162506101387
train,4,0.6084635416666667,1.0,0.6084635416666667,0.6084635416666667
train,0,0.177328125,0.2655740740740741,0.04709375260416667,0.6677162506101387
train,4,0.6084635416666667,1.0,0.6084635416666667,0.6084635416666667
train,0,0.177328125,0.2655740740740741,0.04709375260416667,0.6677162506101387
train,4,0.0845,0.2950185185185185,0.024929064814814817,0.2864226978846275
train,4,0.3853046875,0.644,0.24813621875000003,0.5982992041925466
train,4,0.28740625,0.7050555555555555,0.20263737326388886,0.40763631707509257
train,4,0.3599375,0.7003333333333334,0.25207622916666667,0.513951689671585
train,4,0.2334296875,0.6958194444444444,0.1624249154730903,0.33547451046927085
train,4,0.3599375,0.7003333333333334,0.25207622916666667,0.513951689671585
train,4,0.2334296875,0.6958194444444444,0.1624249154730903,0.33547451046927085
train,4,0.3599375,0.7003333333333334,0.25207622916666667,0.513951689671585
train,4,0.2334296875,0.6958194444444444,0.1624249154730903,0.33547451046927085
train,4,0.3599375,0.7003333333333334,0.25207622916666667,0.513951689671585
train,4,0.2334296875,0.6958194444444444,0.1624249154730903,0.33547451046927085
train,4,0.3599375,0.7003333333333334,0.25207622916666667,0.513951689671585
train,4,0.2334296875,0.6958194444444444,0.1624249154730903,0.33547451046927085
train,4,0.3599375,0.7003333333333334,0.25207622916666667,0.513951689671585
train,4,0.2334296875,0.6958194444444444,0.1624249154730903,0.33547451046927085
train,4,0.3599375,0.7003333333333334,0.25207622916666667,0.513951689671585
train,4,0.2334296875,0.6958194444444444,0.1624249154730903,0.33547451046927085
train,4,0.3599375,0.7003333333333334,0.25207622916666667,0.513951689671585
train,4,0.2334296875,0.6958194444444444,0.1624249154730903,0.33547451046927085
train,4,0.3599375,0.7003333333333334,0.25207622916666667,0.513951689671585
train,4,0.2334296875,0.6958194444444444,0.1624249154730903,0.33547451046927085
train,4,0.3599375,0.7003333333333334,0.25207622916666667,0.513951689671585
train,4,0.2334296875,0.6958194444444444,0.1624249154730903,0.33547451046927085
train,4,0.3599375,0.7003333333333334,0.25207622916666667,0.513951689671585
train,4,0.2334296875,0.6958194444444444,0.1624249154730903,0.33547451046927085
train,4,0.3853046875,0.644,0.24813621875000003,0.5982992041925466
train,4,0.28740625,0.7050555555555555,0.20263737326388886,0.40763631707509257
train,4,0.3853046875,0.644,0.24813621875000003,0.5982992041925466
train,4,0.28740625,0.7050555555555555,0.20263737326388886,0.40763631707509257
train,4,0.3853046875,0.644,0.24813621875000003,0.5982992041925466
train,4,0.28740625,0.7050555555555555,0.20263737326388886,0.40763631707509257
train,4,0.3853046875,0.644,0.24813621875000003,0.5982992041925466
train,4,0.28740625,0.7050555555555555,0.20263737326388886,0.40763631707509257
train,4,0.09098437499999999,0.31886111111111115,0.02901137890625,0.28534171095043115
train,4,0.3853046875,0.644,0.24813621875000003,0.5982992041925466
train,4,0.28740625,0.7050555555555555,0.20263737326388886,0.40763631707509257
train,4,0.0811328125,0.35565277777777776,0.028855110134548608,0.22812365759362674
train,4,0.3853046875,0.644,0.24813621875000003,0.5982992041925466
train,4,0.28740625,0.7050555555555555,0.20263737326388886,0.40763631707509257
train,4,0.074984375,0.33119444444444446,0.02483440842013889,0.22640589616707205
train,4,0.3853046875,0.644,0.24813621875000003,0.5982992041925466
train,4,0.28740625,0.7050555555555555,0.20263737326388886,0.40763631707509257
train,4,0.074984375,0.33119444444444446,0.02483440842013889,0.22640589616707205
train,4,0.3853046875,0.644,0.24813621875000003,0.5982992041925466
train,4,0.28740625,0.7050555555555555,0.20263737326388886,0.40763631707509257
train,4,0.074984375,0.33119444444444446,0.02483440842013889,0.22640589616707205
train,4,0.3853046875,0.644,0.24813621875000003,0.5982992041925466
train,4,0.28740625,0.7050555555555555,0.20263737326388886,0.40763631707509257
train,4,0.074984375,0.33119444444444446,0.02483440842013889,0.22640589616707205
train,4,0.3853046875,0.644,0.24813621875000003,0.5982992041925466
train,4,0.28740625,0.7050555555555555,0.20263737326388886,0.40763631707509257
train,4,0.3853046875,0.644,0.24813621875000003,0.5982992041925466
train,4,0.28740625,0.7050555555555555,0.20263737326388886,0.40763631707509257
train,4,0.074984375,0.33119444444444446,0.02483440842013889,0.22640589616707205
train,4,0.3853046875,0.644,0.24813621875000003,0.5982992041925466
train,4,0.28740625,0.7050555555555555,0.20263737326388886,0.40763631707509257
train,4,0.074984375,0.33119444444444446,0.02483440842013889,0.22640589616707205
train,4,0.3853046875,0.644,0.24813621875000003,0.5982992041925466
train,4,0.24739062500000003,0.7050555555555555,0.17442413454861114,0.35088103774328266
train,4,0.09341406249999999,0.3837777777777778,0.03585024131944444,0.24340664808917195
train,4,0.3853046875,0.644,0.24813621875000003,0.5982992041925466
train,4,0.24739062500000003,0.7050555555555555,0.17442413454861114,0.35088103774328266
train,4,0.09341406249999999,0.3837777777777778,0.03585024131944444,0.24340664808917195
train,4,0.3853046875,0.644,0.24813621875000003,0.5982992041925466
train,4,0.24739062500000003,0.7050555555555555,0.17442413454861114,0.35088103774328266
train,4,0.09341406249999999,0.3837777777777778,0.03585024131944444,0.24340664808917195
train,4,0.3853046875,0.644,0.24813621875000003,0.5982992041925466
train,4,0.24739062500000003,0.7050555555555555,0.17442413454861114,0.35088103774328266
train,4,0.09341406249999999,0.3837777777777778,0.03585024131944444,0.24340664808917195
train,4,0.3853046875,0.644,0.24813621875000003,0.5982992041925466
train,4,0.24739062500000003,0.7050555555555555,0.17442413454861114,0.35088103774328266
train,4,0.09341406249999999,0.3837777777777778,0.03585024131944444,0.24340664808917195
train,4,0.3853046875,0.644,0.24813621875000003,0.5982992041925466
train,4,0.24739062500000003,0.7050555555555555,0.17442413454861114,0.35088103774328266
train,4,0.12278906249999999,0.3705555555555556,0.045500169270833335,0.33136478635682154
train,4,0.3853046875,0.644,0.24813621875000003,0.5982992041925466
train,4,0.24739062500000003,0.7050555555555555,0.17442413454861114,0.35088103774328266
train,4,0.12278906249999999,0.3705555555555556,0.045500169270833335,0.33136478635682154
train,4,0.3853046875,0.644,0.24813621875000003,0.5982992041925466
train,4,0.28740625,0.7050555555555555,0.20263737326388886,0.40763631707509257
train,4,0.3853046875,0.644,0.24813621875000003,0.5982992041925466
train,4,0.24739062500000003,0.7050555555555555,0.17442413454861114,0.35088103774328266
train,4,0.12278906249999999,0.3705555555555556,0.045500169270833335,0.33136478635682154
train,4,0.3853046875,0.644,0.24813621875000003,0.5982992041925466
train,4,0.24739062500000003,0.7050555555555555,0.17442413454861114,0.35088103774328266
train,4,0.12278906249999999,0.3705555555555556,0.045500169270833335,0.33136478635682154
train,4,0.3853046875,0.644,0.24813621875000003,0.5982992041925466
train,4,0.24739062500000003,0.7050555555555555,0.17442413454861114,0.35088103774328266
train,4,0.12278906249999999,0.3705555555555556,0.045500169270833335,0.33136478635682154
train,4,0.3853046875,0.644,0.24813621875000003,0.5982992041925466
train,4,0.24739062500000003,0.7050555555555555,0.17442413454861114,0.35088103774328266
train,4,0.12278906249999999,0.3705555555555556,0.045500169270833335,0.33136478635682154
train,4,0.3853046875,0.644,0.24813621875000003,0.5982992041925466
train,4,0.24739062500000003,0.7050555555555555,0.17442413454861114,0.35088103774328266
train,4,0.12278906249999999,0.3705555555555556,0.045500169270833335,0.33136478635682154
train,4,0.3853046875,0.644,0.24813621875000003,0.5982992041925466
train,4,0.24739062500000003,0.7050555555555555,0.17442413454861114,0.35088103774328266
train,4,0.12278906249999999,0.3705555555555556,0.045500169270833335,0.33136478635682154
train,4,0.3853046875,0.644,0.24813621875000003,0.5982992041925466
train,4,0.24739062500000003,0.7050555555555555,0.17442413454861114,0.35088103774328266
train,4,0.12278906249999999,0.3705555555555556,0.045500169270833335,0.33136478635682154
train,4,0.3853046875,0.644,0.24813621875000003,0.5982992041925466
train,4,0.24739062500000003,0.7050555555555555,0.17442413454861114,0.35088103774328266
train,4,0.12278906249999999,0.3705555555555556,0.045500169270833335,0.33136478635682154
train,4,0.3853046875,0.644,0.24813621875000003,0.5982992041925466
train,4,0.24739062500000003,0.7050555555555555,0.17442413454861114,0.35088103774328266
train,4,0.1496015625,0.4035833333333333,0.060376697265624994,0.3706832025603965
train,4,0.3853046875,0.644,0.24813621875000003,0.5982992041925466
train,4,0.28740625,0.7050555555555555,0.20263737326388886,0.40763631707509257
train,4,0.3853046875,0.644,0.24813621875000003,0.5982992041925466
train,4,0.24739062500000003,0.7050555555555555,0.17442413454861114,0.35088103774328266
train,4,0.1496015625,0.4035833333333333,0.060376697265624994,0.3706832025603965
train,4,0.3853046875,0.644,0.24813621875000003,0.5982992041925466
train,4,0.24739062500000003,0.7050555555555555,0.17442413454861114,0.35088103774328266
train,4,0.2038125,0.6844583333333334,0.13950116406250002,0.29777196079625007
train,4,0.3853046875,0.644,0.24813621875000003,0.5982992041925466
train,4,0.24739062500000003,0.7050555555555555,0.17442413454861114,0.35088103774328266
train,4,0.2038125,0.6844583333333334,0.13950116406250002,0.29777196079625007
train,4,0.3853046875,0.644,0.24813621875000003,0.5982992041925466
train,4,0.24739062500000003,0.7050555555555555,0.17442413454861114,0.35088103774328266
train,4,0.2038125,0.6844583333333334,0.13950116406250002,0.29777196079625007
train,4,0.3853046875,0.644,0.24813621875000003,0.5982992041925466
train,4,0.24739062500000003,0.7050555555555555,0.17442413454861114,0.35088103774328266
train,4,0.2038125,0.6844583333333334,0.13950116406250002,0.29777196079625007
train,4,0.3853046875,0.644,0.24813621875000003,0.5982992041925466
train,4,0.28740625,0.7050555555555555,0.20263737326388886,0.40763631707509257
train,4,0.3853046875,0.644,0.24813621875000003,0.5982992041925466
train,4,0.24739062500000003,0.7050555555555555,0.17442413454861114,0.35088103774328266
train,2,0.2038125,0.6844583333333334,0.13950116406250002,0.29777196079625007
train,1,0.03578125,0.07068055555555555,0.002529038628472222,0.5062389467478876
train,4,0.3853046875,0.644,0.24813621875000003,0.5982992041925466
train,4,0.24739062500000003,0.7050555555555555,0.17442413454861114,0.35088103774328266
train,2,0.2038125,0.6844583333333334,0.13950116406250002,0.29777196079625007
train,1,0.03578125,0.07068055555555555,0.002529038628472222,0.5062389467478876
train,4,0.3853046875,0.644,0.24813621875000003,0.5982992041925466
train,4,0.24739062500000003,0.7050555555555555,0.17442413454861114,0.35088103774328266
train,2,0.2038125,0.6844583333333334,0.13950116406250002,0.29777196079625007
train,1,0.03578125,0.07068055555555555,0.002529038628472222,0.5062389467478876
train,4,0.3853046875,0.644,0.24813621875000003,0.5982992041925466
train,4,0.24739062500000003,0.7050555555555555,0.17442413454861114,0.35088103774328266
train,2,0.2038125,0.6844583333333334,0.13950116406250002,0.29777196079625007
train,1,0.03578125,0.07068055555555555,0.002529038628472222,0.5062389467478876
train,4,0.3853046875,0.644,0.24813621875000003,0.5982992041925466
train,4,0.24739062500000003,0.7050555555555555,0.17442413454861114,0.35088103774328266
train,4,0.2038125,0.6844583333333334,0.13950116406250002,0.29777196079625007
train,4,0.3853046875,0.644,0.24813621875000003,0.5982992041925466
train,4,0.24739062500000003,0.7050555555555555,0.17442413454861114,0.35088103774328266
train,4,0.2038125,0.6844583333333334,0.13950116406250002,0.29777196079625007
train,4,0.3853046875,0.644,0.24813621875000003,0.5982992041925466
train,4,0.28740625,0.7050555555555555,0.20263737326388886,0.40763631707509257
train,4,0.3853046875,0.644,0.24813621875000003,0.5982992041925466
train,4,0.24739062500000003,0.7050555555555555,0.17442413454861114,0.35088103774328266
train,4,0.2038125,0.6844583333333334,0.13950116406250002,0.29777196079625007
train,4,0.3853046875,0.644,0.24813621875000003,0.5982992041925466
train,4,0.24739062500000003,0.7050555555555555,0.17442413454861114,0.35088103774328266
train,4,0.2038125,0.6844583333333334,0.13950116406250002,0.29777196079625007
train,4,0.3853046875,0.644,0.24813621875000003,0.5982992041925466
train,4,0.24739062500000003,0.7050555555555555,0.17442413454861114,0.35088103774328266
train,4,0.2038125,0.6844583333333334,0.13950116406250002,0.29777196079625007
train,4,0.3853046875,0.644,0.24813621875000003,0.5982992041925466
train,4,0.24739062500000003,0.7050555555555555,0.17442413454861114,0.35088103774328266
train,4,0.2038125,0.6844583333333334,0.13950116406250002,0.29777196079625007
train,4,0.3853046875,0.644,0.24813621875000003,0.5982992041925466
train,4,0.24739062500000003,0.7050555555555555,0.17442413454861114,0.35088103774328266
train,4,0.2038125,0.6844583333333334,0.13950116406250002,0.29777196079625007
train,4,0.3853046875,0.644,0.24813621875000003,0.5982992041925466
train,4,0.28740625,0.7050555555555555,0.20263737326388886,0.40763631707509257
train,4,0.3853046875,0.644,0.24813621875000003,0.5982992041925466
train,4,0.24739062500000003,0.7050555555555555,0.17442413454861114,0.35088103774328266
train,4,0.2038125,0.6844583333333334,0.13950116406250002,0.29777196079625007
train,4,0.3853046875,0.644,0.24813621875000003,0.5982992041925466
train,4,0.24739062500000003,0.7050555555555555,0.17442413454861114,0.35088103774328266
train,4,0.2038125,0.6844583333333334,0.13950116406250002,0.29777196079625007
train,4,0.3853046875,0.644,0.24813621875000003,0.5982992041925466
train,4,0.24739062500000003,0.7050555555555555,0.17442413454861114,0.35088103774328266
train,4,0.2038125,0.6844583333333334,0.13950116406250002,0.29777196079625007
train,4,0.3853046875,0.644,0.24813621875000003,0.5982992041925466
train,4,0.24739062500000003,0.7050555555555555,0.17442413454861114,0.35088103774328266
train,4,0.2038125,0.6844583333333334,0.13950116406250002,0.29777196079625007
train,4,0.3853046875,0.644,0.24813621875000003,0.5982992041925466
train,4,0.24739062500000003,0.7050555555555555,0.17442413454861114,0.35088103774328266
train,4,0.2038125,0.6844583333333334,0.13950116406250002,0.29777196079625007
train,4,0.3853046875,0.644,0.24813621875000003,0.5982992041925466
train,4,0.24739062500000003,0.7050555555555555,0.17442413454861114,0.35088103774328266
train,4,0.2038125,0.6844583333333334,0.13950116406250002,0.29777196079625007
train,4,0.3853046875,0.644,0.24813621875000003,0.5982992041925466
train,4,0.24739062500000003,0.7050555555555555,0.17442413454861114,0.35088103774328266
train,4,0.2038125,0.6844583333333334,0.13950116406250002,0.29777196079625007
train,4,0.3853046875,0.644,0.24813621875000003,0.5982992041925466
train,4,0.28740625,0.7050555555555555,0.20263737326388886,0.40763631707509257
train,4,0.3853046875,0.644,0.24813621875000003,0.5982992041925466
train,4,0.24739062500000003,0.7050555555555555,0.17442413454861114,0.35088103774328266
train,4,0.222125,0.6844583333333334,0.15203530729166667,0.3245266938576733
train,4,0.3853046875,0.644,0.24813621875000003,0.5982992041925466
train,4,0.24739062500000003,0.7050555555555555,0.17442413454861114,0.35088103774328266
train,4,0.222125,0.6844583333333334,0.15203530729166667,0.3245266938576733
train,4,0.3853046875,0.644,0.24813621875000003,0.5982992041925466
train,4,0.24739062500000003,0.7050555555555555,0.17442413454861114,0.35088103774328266
train,4,0.222125,0.6844583333333334,0.15203530729166667,0.3245266938576733
train,4,0.3853046875,0.644,0.24813621875000003,0.5982992041925466
train,4,0.24739062500000003,0.7050555555555555,0.17442413454861114,0.35088103774328266
train,4,0.222125,0.6844583333333334,0.15203530729166667,0.3245266938576733
train,4,0.3853046875,0.644,0.24813621875000003,0.5982992041925466
train,4,0.24739062500000003,0.7050555555555555,0.17442413454861114,0.35088103774328266
train,4,0.222125,0.6844583333333334,0.15203530729166667,0.3245266938576733
train,4,0.3853046875,0.644,0.24813621875000003,0.5982992041925466
train,4,0.24739062500000003,0.7050555555555555,0.17442413454861114,0.35088103774328266
train,2,0.222125,0.6844583333333334,0.15203530729166667,0.3245266938576733
train,1,0.0722109375,0.10215277777777777,0.0073765478515625,0.7068915703602991
train,4,0.3853046875,0.644,0.24813621875000003,0.5982992041925466
train,4,0.24739062500000003,0.7050555555555555,0.17442413454861114,0.35088103774328266
train,2,0.222125,0.6844583333333334,0.15203530729166667,0.3245266938576733
train,1,0.0722109375,0.10215277777777777,0.0073765478515625,0.7068915703602991
train,4,0.3853046875,0.644,0.24813621875000003,0.5982992041925466
train,4,0.28740625,0.7050555555555555,0.20263737326388886,0.40763631707509257
train,4,0.3853046875,0.644,0.24813621875000003,0.5982992041925466
train,4,0.24739062500000003,0.7050555555555555,0.17442413454861114,0.35088103774328266
train,2,0.222125,0.6844583333333334,0.15203530729166667,0.3245266938576733
train,1,0.061968749999999996,0.08618055555555555,0.005340501302083332,0.7190572119258662
train,4,0.3853046875,0.644,0.24813621875000003,0.5982992041925466
train,4,0.28740625,0.7050555555555555,0.20263737326388886,0.40763631707509257
train,4,0.3853046875,0.644,0.24813621875000003,0.5982992041925466
train,4,0.24739062500000003,0.7050555555555555,0.17442413454861114,0.35088103774328266
train,2,0.222125,0.6844583333333334,0.15203530729166667,0.3245266938576733
train,1,0.061968749999999996,0.08618055555555555,0.005340501302083332,0.7190572119258662
train,4,0.3853046875,0.644,0.24813621875000003,0.5982992041925466
train,4,0.24739062500000003,0.7050555555555555,0.17442413454861114,0.35088103774328266
train,2,0.222125,0.6844583333333334,0.15203530729166667,0.3245266938576733
train,1,0.061968749999999996,0.08618055555555555,0.005340501302083332,0.7190572119258662
train,4,0.3853046875,0.644,0.24813621875000003,0.5982992041925466
train,4,0.24739062500000003,0.7050555555555555,0.17442413454861114,0.35088103774328266
train,2,0.222125,0.6844583333333334,0.15203530729166667,0.3245266938576733
train,1,0.061968749999999996,0.08618055555555555,0.005340501302083332,0.7190572119258662
train,4,0.3853046875,0.644,0.24813621875000003,0.5982992041925466
train,4,0.24739062500000003,0.7050555555555555,0.17442413454861114,0.35088103774328266
train,2,0.222125,0.6844583333333334,0.15203530729166667,0.3245266938576733
train,1,0.061968749999999996,0.08618055555555555,0.005340501302083332,0.7190572119258662
train,4,0.3853046875,0.644,0.24813621875000003,0.5982992041925466
train,4,0.28740625,0.7050555555555555,0.20263737326388886,0.40763631707509257
train,4,0.3853046875,0.644,0.24813621875000003,0.5982992041925466
train,4,0.24739062500000003,0.7050555555555555,0.17442413454861114,0.35088103774328266
train,2,0.222125,0.6844583333333334,0.15203530729166667,0.3245266938576733
train,1,0.031734374999999995,0.07940277777777778,0.0025197975260416662,0.3996632849396536
train,4,0.3853046875,0.644,0.24813621875000003,0.5982992041925466
train,4,0.24739062500000003,0.7050555555555555,0.17442413454861114,0.35088103774328266
train,2,0.222125,0.6844583333333334,0.15203530729166667,0.3245266938576733
train,1,0.031734374999999995,0.07940277777777778,0.0025197975260416662,0.3996632849396536
train,4,0.3853046875,0.644,0.24813621875000003,0.5982992041925466
train,4,0.24739062500000003,0.7050555555555555,0.17442413454861114,0.35088103774328266
train,2,0.222125,0.6844583333333334,0.15203530729166667,0.3245266938576733
train,1,0.031734374999999995,0.07940277777777778,0.0025197975260416662,0.3996632849396536
train,4,0.3853046875,0.644,0.24813621875000003,0.5982992041925466
train,4,0.24739062500000003,0.7050555555555555,0.17442413454861114,0.35088103774328266
train,2,0.222125,0.6844583333333334,0.15203530729166667,0.3245266938576733
train,1,0.04325,0.07881944444444444,0.003408940972222222,0.5487224669603524
train,4,0.3853046875,0.644,0.24813621875000003,0.5982992041925466
train,4,0.24739062500000003,0.7050555555555555,0.17442413454861114,0.35088103774328266
train,2,0.222125,0.6844583333333334,0.15203530729166667,0.3245266938576733
train,1,0.04325,0.07881944444444444,0.003408940972222222,0.5487224669603524
train,4,0.3853046875,0.644,0.24813621875000003,0.5982992041925466
train,4,0.24739062500000003,0.7050555555555555,0.17442413454861114,0.35088103774328266
train,2,0.222125,0.6844583333333334,0.15203530729166667,0.3245266938576733
train,1,0.04325,0.07881944444444444,0.003408940972222222,0.5487224669603524
train,4,0.3853046875,0.644,0.24813621875000003,0.5982992041925466
train,4,0.24739062500000003,0.7050555555555555,0.17442413454861114,0.35088103774328266
train,5,0.222125,0.6844583333333334,0.15203530729166667,0.3245266938576733
train,1,0.04325,0.07881944444444444,0.003408940972222222,0.5487224669603524
train,4,0.3853046875,0.644,0.24813621875000003,0.5982992041925466
train,4,0.28740625,0.7050555555555555,0.20263737326388886,0.40763631707509257
train,4,0.3853046875,0.644,0.24813621875000003,0.5982992041925466
train,4,0.24739062500000003,0.7050555555555555,0.17442413454861114,0.35088103774328266
train,5,0.222125,0.6844583333333334,0.15203530729166667,0.3245266938576733
train,1,0.04325,0.07881944444444444,0.003408940972222222,0.5487224669603524
train,4,0.3853046875,0.644,0.24813621875000003,0.5982992041925466
train,4,0.24739062500000003,0.7050555555555555,0.17442413454861114,0.35088103774328266
train,5,0.222125,0.6844583333333334,0.15203530729166667,0.3245266938576733
train,1,0.04325,0.07881944444444444,0.003408940972222222,0.5487224669603524
train,4,0.3853046875,0.644,0.24813621875000003,0.5982992041925466
train,4,0.24739062500000003,0.7050555555555555,0.17442413454861114,0.35088103774328266
train,5,0.222125,0.6844583333333334,0.15203530729166667,0.3245266938576733
train,4,0.3853046875,0.644,0.24813621875000003,0.5982992041925466
train,4,0.24739062500000003,0.7050555555555555,0.17442413454861114,0.35088103774328266
train,5,0.222125,0.6844583333333334,0.15203530729166667,0.3245266938576733
train,4,0.3853046875,0.644,0.24813621875000003,0.5982992041925466
train,4,0.24739062500000003,0.7050555555555555,0.17442413454861114,0.35088103774328266
train,4,0.139453125,0.6657361111111111,0.09283898111979166,0.20947207560553274
train,4,0.3853046875,0.644,0.24813621875000003,0.5982992041925466
train,4,0.24739062500000003,0.7050555555555555,0.17442413454861114,0.35088103774328266
train,4,0.139453125,0.6657361111111111,0.09283898111979166,0.20947207560553274
train,4,0.3853046875,0.644,0.24813621875000003,0.5982992041925466
train,4,0.24739062500000003,0.7050555555555555,0.17442413454861114,0.35088103774328266
train,4,0.139453125,0.6657361111111111,0.09283898111979166,0.20947207560553274
train,4,0.3853046875,0.644,0.24813621875000003,0.5982992041925466
train,4,0.24739062500000003,0.7050555555555555,0.17442413454861114,0.35088103774328266
train,4,0.139453125,0.6657361111111111,0.09283898111979166,0.20947207560553274
train,4,0.3853046875,0.644,0.24813621875000003,0.5982992041925466
train,4,0.24739062500000003,0.7050555555555555,0.17442413454861114,0.35088103774328266
train,4,0.139453125,0.6657361111111111,0.09283898111979166,0.20947207560553274
train,4,0.3853046875,0.644,0.24813621875000003,0.5982992041925466
train,4,0.24739062500000003,0.7050555555555555,0.17442413454861114,0.35088103774328266
train,4,0.1457578125,0.683138888888889,0.09957283007812501,0.21336482942300652
train,4,0.3853046875,0.644,0.24813621875000003,0.5982992041925466
train,4,0.24739062500000003,0.7050555555555555,0.17442413454861114,0.35088103774328266
train,4,0.1457578125,0.683138888888889,0.09957283007812501,0.21336482942300652
train,4,0.3853046875,0.644,0.24813621875000003,0.5982992041925466
train,4,0.24739062500000003,0.7050555555555555,0.17442413454861114,0.35088103774328266
train,4,0.1457578125,0.683138888888889,0.09957283007812501,0.21336482942300652
train,4,0.3853046875,0.644,0.24813621875000003,0.5982992041925466
train,4,0.24739062500000003,0.7050555555555555,0.17442413454861114,0.35088103774328266
train,4,0.1457578125,0.683138888888889,0.09957283007812501,0.21336482942300652
train,4,0.3853046875,0.644,0.24813621875000003,0.5982992041925466
train,4,0.24739062500000003,0.7050555555555555,0.17442413454861114,0.35088103774328266
train,4,0.1844375,0.6777638888888889,0.12500507725694446,0.2721264780015984
train,4,0.3853046875,0.644,0.24813621875000003,0.5982992041925466
train,4,0.1355859375,0.2655277777777778,0.03600183268229167,0.5106280730201903
train,4,0.36025,0.7031805555555556,0.2533207951388889,0.5123150763396472
train,4,0.3853046875,0.644,0.24813621875000003,0.5982992041925466
train,4,0.28740625,0.7050555555555555,0.20263737326388886,0.40763631707509257
train,4,0.3853046875,0.644,0.24813621875000003,0.5982992041925466
train,4,0.1355859375,0.2655277777777778,0.03600183268229167,0.5106280730201903
train,4,0.36025,0.7031805555555556,0.2533207951388889,0.5123150763396472
train,4,0.3853046875,0.644,0.24813621875000003,0.5982992041925466
train,4,0.1355859375,0.2655277777777778,0.03600183268229167,0.5106280730201903
train,4,0.36025,0.7031805555555556,0.2533207951388889,0.5123150763396472
train,4,0.3853046875,0.644,0.24813621875000003,0.5982992041925466
train,4,0.36025,0.7031805555555556,0.2533207951388889,0.5123150763396472
train,4,0.10317968749999999,0.13318055555555555,0.01374152810329861,0.774735373865888
train,4,0.3853046875,0.644,0.24813621875000003,0.5982992041925466
train,4,0.276171875,0.7164861111111112,0.19787331271701392,0.38545321495725665
train,4,0.3853046875,0.644,0.24813621875000003,0.5982992041925466
train,4,0.276171875,0.7164861111111112,0.19787331271701392,0.38545321495725665
train,4,0.3853046875,0.644,0.24813621875000003,0.5982992041925466
train,4,0.276171875,0.7164861111111112,0.19787331271701392,0.38545321495725665
train,4,0.124859375,0.2704583333333333,0.03376925846354166,0.4616584501617625
train,4,0.2580078125,0.644,0.16615703125,0.40063324922360244
train,4,0.276171875,0.7164861111111112,0.19787331271701392,0.38545321495725665
train,4,0.124859375,0.2704583333333333,0.03376925846354166,0.4616584501617625
train,4,0.2580078125,0.644,0.16615703125,0.40063324922360244
train,4,0.276171875,0.7164861111111112,0.19787331271701392,0.38545321495725665
train,4,0.124859375,0.2704583333333333,0.03376925846354166,0.4616584501617625
train,4,0.2580078125,0.644,0.16615703125,0.40063324922360244
train,4,0.276171875,0.7164861111111112,0.19787331271701392,0.38545321495725665
train,4,0.1868828125,0.7050000000000001,0.1317523828125,0.26508200354609923
train,4,0.3599375,0.7003333333333334,0.25207622916666667,0.513951689671585
train,4,0.2334296875,0.6958194444444444,0.1624249154730903,0.33547451046927085
train,4,0.21223437500000003,0.7753333333333333,0.1645523854166667,0.27373307179707657
train,4,0.338140625,0.3645833333333333,0.12328043619791665,0.9274714285714285
train,4,0.20465624999999998,0.3388611111111111,0.06935004427083333,0.6039531928846626
train,0,0.13115625,0.21375,0.0280346484375,0.6135964912280703
train,4,0.1753125,0.41425,0.07262320312500001,0.4232045866022933
train,4,0.28765625,0.7964722222222222,0.22911021267361112,0.3611629407456492
train,2,0.46281249999999996,0.35344444444444445,0.16357850694444442,1.3094349261238603
train,4,0.20465624999999998,0.3388611111111111,0.06935004427083333,0.6039531928846626
train,0,0.10232812499999999,0.2325,0.0237912890625,0.44012096774193543
train,4,0.20587499999999997,0.41936111111111113,0.08633596874999999,0.4909253494071669
train,4,0.15546875,0.2941666666666667,0.04573372395833333,0.5285056657223796
train,1,0.040281250000000005,0.07886111111111112,0.0031766241319444452,0.5107872490313491
train,4,0.28765625,0.7964722222222222,0.22911021267361112,0.3611629407456492
train,2,0.547859375,0.41791666666666666,0.22895956380208335,1.3109297108673978
train,4,0.20465624999999998,0.3388611111111111,0.06935004427083333,0.6039531928846626
train,0,0.10232812499999999,0.2325,0.0237912890625,0.44012096774193543
train,4,0.20587499999999997,0.41936111111111113,0.08633596874999999,0.4909253494071669
train,4,0.15546875,0.2941666666666667,0.04573372395833333,0.5285056657223796
train,1,0.040281250000000005,0.07886111111111112,0.0031766241319444452,0.5107872490313491
train,2,0.28765625,0.7964722222222222,0.22911021267361112,0.3611629407456492
train,4,0.547859375,0.41791666666666666,0.22895956380208335,1.3109297108673978
train,4,0.20465624999999998,0.3388611111111111,0.06935004427083333,0.6039531928846626
train,0,0.10232812499999999,0.2325,0.0237912890625,0.44012096774193543
train,4,0.20587499999999997,0.41936111111111113,0.08633596874999999,0.4909253494071669
train,4,0.15546875,0.2941666666666667,0.04573372395833333,0.5285056657223796
train,1,0.03428125,0.06797222222222223,0.0023301727430555556,0.5043420514916224
train,4,0.21223437500000003,0.7753333333333333,0.1645523854166667,0.27373307179707657
train,4,0.338140625,0.3645833333333333,0.12328043619791665,0.9274714285714285
train,4,0.20465624999999998,0.3388611111111111,0.06935004427083333,0.6039531928846626
train,0,0.13115625,0.21375,0.0280346484375,0.6135964912280703
train,4,0.1753125,0.41425,0.07262320312500001,0.4232045866022933
train,2,0.28765625,0.7964722222222222,0.22911021267361112,0.3611629407456492
train,4,0.547859375,0.41791666666666666,0.22895956380208335,1.3109297108673978
train,4,0.20465624999999998,0.3388611111111111,0.06935004427083333,0.6039531928846626
train,0,0.10232812499999999,0.2325,0.0237912890625,0.44012096774193543
train,4,0.20587499999999997,0.41936111111111113,0.08633596874999999,0.4909253494071669
train,4,0.15546875,0.2941666666666667,0.04573372395833333,0.5285056657223796
train,1,0.03428125,0.06797222222222223,0.0023301727430555556,0.5043420514916224
train,2,0.28765625,0.7964722222222222,0.22911021267361112,0.3611629407456492
train,4,0.547859375,0.41791666666666666,0.22895956380208335,1.3109297108673978
train,4,0.20465624999999998,0.3388611111111111,0.06935004427083333,0.6039531928846626
train,0,0.10232812499999999,0.2325,0.0237912890625,0.44012096774193543
train,4,0.20587499999999997,0.41936111111111113,0.08633596874999999,0.4909253494071669
train,4,0.15546875,0.2941666666666667,0.04573372395833333,0.5285056657223796
train,1,0.03428125,0.06797222222222223,0.0023301727430555556,0.5043420514916224
train,2,0.28765625,0.7964722222222222,0.22911021267361112,0.3611629407456492
train,4,0.547859375,0.41791666666666666,0.22895956380208335,1.3109297108673978
train,4,0.20465624999999998,0.3388611111111111,0.06935004427083333,0.6039531928846626
train,0,0.10232812499999999,0.2325,0.0237912890625,0.44012096774193543
train,4,0.20587499999999997,0.41936111111111113,0.08633596874999999,0.4909253494071669
train,4,0.15546875,0.2941666666666667,0.04573372395833333,0.5285056657223796
train,1,0.03428125,0.06797222222222223,0.0023301727430555556,0.5043420514916224
train,2,0.28765625,0.7964722222222222,0.22911021267361112,0.3611629407456492
train,4,0.547859375,0.41791666666666666,0.22895956380208335,1.3109297108673978
train,4,0.20465624999999998,0.3388611111111111,0.06935004427083333,0.6039531928846626
train,0,0.10232812499999999,0.2325,0.0237912890625,0.44012096774193543
train,4,0.20587499999999997,0.41936111111111113,0.08633596874999999,0.4909253494071669
train,4,0.15546875,0.2941666666666667,0.04573372395833333,0.5285056657223796
train,1,0.03428125,0.06797222222222223,0.0023301727430555556,0.5043420514916224
train,2,0.28765625,0.7964722222222222,0.22911021267361112,0.3611629407456492
train,4,0.547859375,0.41791666666666666,0.22895956380208335,1.3109297108673978
train,4,0.20465624999999998,0.3388611111111111,0.06935004427083333,0.6039531928846626
train,0,0.10232812499999999,0.2325,0.0237912890625,0.44012096774193543
train,4,0.20587499999999997,0.41936111111111113,0.08633596874999999,0.4909253494071669
train,4,0.15546875,0.2941666666666667,0.04573372395833333,0.5285056657223796
train,1,0.03428125,0.06797222222222223,0.0023301727430555556,0.5043420514916224
train,2,0.34875,0.7446944444444443,0.25971218749999997,0.46831288000298416
train,4,0.547859375,0.41791666666666666,0.22895956380208335,1.3109297108673978
train,4,0.20465624999999998,0.3388611111111111,0.06935004427083333,0.6039531928846626
train,0,0.10232812499999999,0.2325,0.0237912890625,0.44012096774193543
train,4,0.20587499999999997,0.41936111111111113,0.08633596874999999,0.4909253494071669
train,4,0.15546875,0.2941666666666667,0.04573372395833333,0.5285056657223796
train,1,0.03428125,0.06797222222222223,0.0023301727430555556,0.5043420514916224
train,2,0.34875,0.7446944444444443,0.25971218749999997,0.46831288000298416
train,4,0.547859375,0.41791666666666666,0.22895956380208335,1.3109297108673978
train,4,0.20465624999999998,0.3388611111111111,0.06935004427083333,0.6039531928846626
train,0,0.10232812499999999,0.2325,0.0237912890625,0.44012096774193543
train,4,0.20587499999999997,0.41936111111111113,0.08633596874999999,0.4909253494071669
train,4,0.15546875,0.2941666666666667,0.04573372395833333,0.5285056657223796
train,1,0.03428125,0.06797222222222223,0.0023301727430555556,0.5043420514916224
train,2,0.34875,0.7446944444444443,0.25971218749999997,0.46831288000298416
train,4,0.547859375,0.41791666666666666,0.22895956380208335,1.3109297108673978
train,4,0.20465624999999998,0.3388611111111111,0.06935004427083333,0.6039531928846626
train,0,0.10232812499999999,0.2325,0.0237912890625,0.44012096774193543
train,4,0.20587499999999997,0.41936111111111113,0.08633596874999999,0.4909253494071669
train,4,0.15546875,0.2941666666666667,0.04573372395833333,0.5285056657223796
train,1,0.03428125,0.06797222222222223,0.0023301727430555556,0.5043420514916224
train,2,0.34875,0.7446944444444443,0.25971218749999997,0.46831288000298416
train,4,0.436453125,0.4181944444444445,0.1825222721354167,1.0436607439388907
train,4,0.20465624999999998,0.3388611111111111,0.06935004427083333,0.6039531928846626
train,0,0.10232812499999999,0.2325,0.0237912890625,0.44012096774193543
train,4,0.20587499999999997,0.41936111111111113,0.08633596874999999,0.4909253494071669
train,4,0.15546875,0.2941666666666667,0.04573372395833333,0.5285056657223796
train,1,0.03428125,0.06797222222222223,0.0023301727430555556,0.5043420514916224
train,2,0.34875,0.7446944444444443,0.25971218749999997,0.46831288000298416
train,4,0.436453125,0.4181944444444445,0.1825222721354167,1.0436607439388907
train,4,0.20465624999999998,0.3388611111111111,0.06935004427083333,0.6039531928846626
train,0,0.10232812499999999,0.2325,0.0237912890625,0.44012096774193543
train,4,0.20587499999999997,0.41936111111111113,0.08633596874999999,0.4909253494071669
train,4,0.15546875,0.2941666666666667,0.04573372395833333,0.5285056657223796
train,1,0.03428125,0.06797222222222223,0.0023301727430555556,0.5043420514916224
train,2,0.34875,0.7446944444444443,0.25971218749999997,0.46831288000298416
train,4,0.436453125,0.4181944444444445,0.1825222721354167,1.0436607439388907
train,4,0.20465624999999998,0.3388611111111111,0.06935004427083333,0.6039531928846626
train,0,0.10232812499999999,0.2325,0.0237912890625,0.44012096774193543
train,4,0.20587499999999997,0.41936111111111113,0.08633596874999999,0.4909253494071669
train,4,0.15546875,0.2941666666666667,0.04573372395833333,0.5285056657223796
train,1,0.03428125,0.06797222222222223,0.0023301727430555556,0.5043420514916224
train,2,0.34875,0.7446944444444443,0.25971218749999997,0.46831288000298416
train,4,0.436453125,0.4181944444444445,0.1825222721354167,1.0436607439388907
train,4,0.20465624999999998,0.3388611111111111,0.06935004427083333,0.6039531928846626
train,0,0.10232812499999999,0.2325,0.0237912890625,0.44012096774193543
train,4,0.20587499999999997,0.41936111111111113,0.08633596874999999,0.4909253494071669
train,4,0.15546875,0.2941666666666667,0.04573372395833333,0.5285056657223796
train,1,0.03428125,0.06797222222222223,0.0023301727430555556,0.5043420514916224
train,2,0.34875,0.7446944444444443,0.25971218749999997,0.46831288000298416
train,4,0.436453125,0.4181944444444445,0.1825222721354167,1.0436607439388907
train,4,0.20465624999999998,0.3388611111111111,0.06935004427083333,0.6039531928846626
train,0,0.10232812499999999,0.2325,0.0237912890625,0.44012096774193543
train,4,0.20587499999999997,0.41936111111111113,0.08633596874999999,0.4909253494071669
train,4,0.15546875,0.2941666666666667,0.04573372395833333,0.5285056657223796
train,1,0.03428125,0.06797222222222223,0.0023301727430555556,0.5043420514916224
train,2,0.34875,0.7446944444444443,0.25971218749999997,0.46831288000298416
train,4,0.436453125,0.4181944444444445,0.1825222721354167,1.0436607439388907
train,4,0.20465624999999998,0.3388611111111111,0.06935004427083333,0.6039531928846626
train,0,0.10232812499999999,0.2325,0.0237912890625,0.44012096774193543
train,4,0.20587499999999997,0.41936111111111113,0.08633596874999999,0.4909253494071669
train,4,0.15546875,0.2941666666666667,0.04573372395833333,0.5285056657223796
train,1,0.03428125,0.06797222222222223,0.0023301727430555556,0.5043420514916224
train,2,0.34875,0.7446944444444443,0.25971218749999997,0.46831288000298416
train,4,0.436453125,0.4181944444444445,0.1825222721354167,1.0436607439388907
train,4,0.20465624999999998,0.3388611111111111,0.06935004427083333,0.6039531928846626
train,4,0.20587499999999997,0.41936111111111113,0.08633596874999999,0.4909253494071669
train,4,0.15546875,0.2941666666666667,0.04573372395833333,0.5285056657223796
train,1,0.03428125,0.06797222222222223,0.0023301727430555556,0.5043420514916224
train,4,0.21223437500000003,0.7753333333333333,0.1645523854166667,0.27373307179707657
train,4,0.338140625,0.3645833333333333,0.12328043619791665,0.9274714285714285
train,4,0.20465624999999998,0.3388611111111111,0.06935004427083333,0.6039531928846626
train,0,0.13115625,0.21375,0.0280346484375,0.6135964912280703
train,4,0.1753125,0.41425,0.07262320312500001,0.4232045866022933
train,2,0.34875,0.7446944444444443,0.25971218749999997,0.46831288000298416
train,4,0.436453125,0.4181944444444445,0.1825222721354167,1.0436607439388907
train,4,0.20465624999999998,0.3388611111111111,0.06935004427083333,0.6039531928846626
train,4,0.20587499999999997,0.41936111111111113,0.08633596874999999,0.4909253494071669
train,4,0.15546875,0.2941666666666667,0.04573372395833333,0.5285056657223796
train,1,0.03428125,0.06797222222222223,0.0023301727430555556,0.5043420514916224
train,2,0.34875,0.7446944444444443,0.25971218749999997,0.46831288000298416
train,4,0.436453125,0.4181944444444445,0.1825222721354167,1.0436607439388907
train,4,0.20465624999999998,0.3388611111111111,0.06935004427083333,0.6039531928846626
train,4,0.20587499999999997,0.41936111111111113,0.08633596874999999,0.4909253494071669
train,4,0.15546875,0.2941666666666667,0.04573372395833333,0.5285056657223796
train,1,0.03428125,0.06797222222222223,0.0023301727430555556,0.5043420514916224
train,2,0.34875,0.7446944444444443,0.25971218749999997,0.46831288000298416
train,4,0.436453125,0.4181944444444445,0.1825222721354167,1.0436607439388907
train,4,0.20465624999999998,0.3388611111111111,0.06935004427083333,0.6039531928846626
train,4,0.20587499999999997,0.41936111111111113,0.08633596874999999,0.4909253494071669
train,4,0.15546875,0.2941666666666667,0.04573372395833333,0.5285056657223796
train,1,0.03428125,0.06797222222222223,0.0023301727430555556,0.5043420514916224
train,2,0.34875,0.7446944444444443,0.25971218749999997,0.46831288000298416
train,4,0.436453125,0.4181944444444445,0.1825222721354167,1.0436607439388907
train,4,0.20465624999999998,0.3388611111111111,0.06935004427083333,0.6039531928846626
train,4,0.20587499999999997,0.41936111111111113,0.08633596874999999,0.4909253494071669
train,4,0.15546875,0.2941666666666667,0.04573372395833333,0.5285056657223796
train,1,0.03428125,0.06797222222222223,0.0023301727430555556,0.5043420514916224
train,2,0.34875,0.7446944444444443,0.25971218749999997,0.46831288000298416
train,4,0.436453125,0.4181944444444445,0.1825222721354167,1.0436607439388907
train,4,0.20465624999999998,0.3388611111111111,0.06935004427083333,0.6039531928846626
train,4,0.20587499999999997,0.41936111111111113,0.08633596874999999,0.4909253494071669
train,4,0.15546875,0.2941666666666667,0.04573372395833333,0.5285056657223796
train,1,0.03428125,0.06797222222222223,0.0023301727430555556,0.5043420514916224
train,2,0.379703125,0.6419722222222223,0.24375885894097224,0.5914634805936566
train,4,0.436453125,0.4181944444444445,0.1825222721354167,1.0436607439388907
train,4,0.20465624999999998,0.3388611111111111,0.06935004427083333,0.6039531928846626
train,4,0.158359375,0.3904444444444444,0.06183053819444444,0.4055874715424018
train,4,0.15546875,0.2941666666666667,0.04573372395833333,0.5285056657223796
train,1,0.03428125,0.06797222222222223,0.0023301727430555556,0.5043420514916224
train,2,0.379703125,0.6419722222222223,0.24375885894097224,0.5914634805936566
train,4,0.436453125,0.4181944444444445,0.1825222721354167,1.0436607439388907
train,4,0.20465624999999998,0.3388611111111111,0.06935004427083333,0.6039531928846626
train,4,0.156828125,0.2578333333333333,0.04043551822916667,0.6082538784744669
train,4,0.15546875,0.2941666666666667,0.04573372395833333,0.5285056657223796
train,1,0.03428125,0.06797222222222223,0.0023301727430555556,0.5043420514916224
train,2,0.379703125,0.6419722222222223,0.24375885894097224,0.5914634805936566
train,4,0.436453125,0.4181944444444445,0.1825222721354167,1.0436607439388907
train,4,0.20465624999999998,0.3388611111111111,0.06935004427083333,0.6039531928846626
train,4,0.156828125,0.2578333333333333,0.04043551822916667,0.6082538784744669
train,4,0.15546875,0.2941666666666667,0.04573372395833333,0.5285056657223796
train,1,0.03428125,0.06797222222222223,0.0023301727430555556,0.5043420514916224
train,2,0.379703125,0.6419722222222223,0.24375885894097224,0.5914634805936566
train,4,0.436453125,0.4181944444444445,0.1825222721354167,1.0436607439388907
train,4,0.20465624999999998,0.3388611111111111,0.06935004427083333,0.6039531928846626
train,4,0.156828125,0.2578333333333333,0.04043551822916667,0.6082538784744669
train,4,0.15546875,0.2941666666666667,0.04573372395833333,0.5285056657223796
train,1,0.03428125,0.06797222222222223,0.0023301727430555556,0.5043420514916224
train,2,0.379703125,0.6419722222222223,0.24375885894097224,0.5914634805936566
train,4,0.436453125,0.4181944444444445,0.1825222721354167,1.0436607439388907
train,4,0.20465624999999998,0.3388611111111111,0.06935004427083333,0.6039531928846626
train,4,0.156828125,0.2578333333333333,0.04043551822916667,0.6082538784744669
train,4,0.15546875,0.2941666666666667,0.04573372395833333,0.5285056657223796
train,1,0.03428125,0.06797222222222223,0.0023301727430555556,0.5043420514916224
train,2,0.379703125,0.6419722222222223,0.24375885894097224,0.5914634805936566
train,4,0.436453125,0.4181944444444445,0.1825222721354167,1.0436607439388907
train,4,0.20465624999999998,0.3388611111111111,0.06935004427083333,0.6039531928846626
train,4,0.156828125,0.2578333333333333,0.04043551822916667,0.6082538784744669
train,4,0.15546875,0.2941666666666667,0.04573372395833333,0.5285056657223796
train,1,0.03428125,0.06797222222222223,0.0023301727430555556,0.5043420514916224
train,2,0.379703125,0.6419722222222223,0.24375885894097224,0.5914634805936566
train,4,0.436453125,0.4181944444444445,0.1825222721354167,1.0436607439388907
train,4,0.20465624999999998,0.3388611111111111,0.06935004427083333,0.6039531928846626
train,4,0.156828125,0.2578333333333333,0.04043551822916667,0.6082538784744669
train,4,0.15546875,0.2941666666666667,0.04573372395833333,0.5285056657223796
train,1,0.03428125,0.06797222222222223,0.0023301727430555556,0.5043420514916224
train,1,0.024671875,0.05630555555555555,0.001389163628472222,0.4381783423778984
train,2,0.379703125,0.6419722222222223,0.24375885894097224,0.5914634805936566
train,2,0.436453125,0.4181944444444445,0.1825222721354167,1.0436607439388907
train,4,0.20465624999999998,0.3388611111111111,0.06935004427083333,0.6039531928846626
train,4,0.21646875,0.40555555555555556,0.08779010416666666,0.5337585616438356
train,4,0.15546875,0.2941666666666667,0.04573372395833333,0.5285056657223796
train,1,0.03428125,0.06797222222222223,0.0023301727430555556,0.5043420514916224
train,4,0.137859375,0.6161944444444445,0.08494818098958334,0.22372706577108595
train,4,0.338140625,0.3645833333333333,0.12328043619791665,0.9274714285714285
train,4,0.20465624999999998,0.3388611111111111,0.06935004427083333,0.6039531928846626
train,0,0.13115625,0.21375,0.0280346484375,0.6135964912280703
train,4,0.1753125,0.41425,0.07262320312500001,0.4232045866022933
train,2,0.379703125,0.6419722222222223,0.24375885894097224,0.5914634805936566
train,2,0.436453125,0.41816666666666663,0.1825101484375,1.04373007174173
train,4,0.20465624999999998,0.3388611111111111,0.06935004427083333,0.6039531928846626
train,4,0.18076562499999999,0.35694444444444445,0.06452328559027777,0.5064250972762645
train,4,0.15546875,0.2941666666666667,0.04573372395833333,0.5285056657223796
train,1,0.03428125,0.06797222222222223,0.0023301727430555556,0.5043420514916224
train,1,0.085890625,0.10505555555555555,0.00902328732638889,0.817573373876256
train,2,0.379703125,0.6419722222222223,0.24375885894097224,0.5914634805936566
train,2,0.436453125,0.4181944444444445,0.1825222721354167,1.0436607439388907
train,4,0.20465624999999998,0.3388611111111111,0.06935004427083333,0.6039531928846626
train,4,0.179953125,0.33661111111111114,0.060574221354166666,0.5346024508994883
train,4,0.15546875,0.2941666666666667,0.04573372395833333,0.5285056657223796
train,1,0.03428125,0.06797222222222223,0.0023301727430555556,0.5043420514916224
train,1,0.073515625,0.09966666666666667,0.007327057291666667,0.737614966555184
train,2,0.379703125,0.6419722222222223,0.24375885894097224,0.5914634805936566
train,2,0.436453125,0.4181944444444445,0.1825222721354167,1.0436607439388907
train,4,0.20465624999999998,0.3388611111111111,0.06935004427083333,0.6039531928846626
train,4,0.179953125,0.33661111111111114,0.060574221354166666,0.5346024508994883
train,4,0.15546875,0.2941666666666667,0.04573372395833333,0.5285056657223796
train,1,0.03428125,0.06797222222222223,0.0023301727430555556,0.5043420514916224
train,1,0.073515625,0.09966666666666667,0.007327057291666667,0.737614966555184
train,4,0.28425,0.6115277777777778,0.17382677083333334,0.4648194412900295
train,2,0.436453125,0.4181944444444445,0.1825222721354167,1.0436607439388907
train,4,0.20465624999999998,0.3388611111111111,0.06935004427083333,0.6039531928846626
train,4,0.179953125,0.33661111111111114,0.060574221354166666,0.5346024508994883
train,4,0.15546875,0.2941666666666667,0.04573372395833333,0.5285056657223796
train,1,0.073515625,0.09966666666666667,0.007327057291666667,0.737614966555184
train,4,0.21223437500000003,0.7753333333333333,0.1645523854166667,0.27373307179707657
train,4,0.338140625,0.3645833333333333,0.12328043619791665,0.9274714285714285
train,4,0.20465624999999998,0.3388611111111111,0.06935004427083333,0.6039531928846626
train,0,0.13115625,0.21375,0.0280346484375,0.6135964912280703
train,4,0.1753125,0.41425,0.07262320312500001,0.4232045866022933
train,4,0.28425,0.6115277777777778,0.17382677083333334,0.4648194412900295
train,2,0.436453125,0.4181944444444445,0.1825222721354167,1.0436607439388907
train,4,0.20465624999999998,0.3388611111111111,0.06935004427083333,0.6039531928846626
train,4,0.179953125,0.33661111111111114,0.060574221354166666,0.5346024508994883
train,4,0.15546875,0.2941666666666667,0.04573372395833333,0.5285056657223796
train,1,0.073515625,0.09966666666666667,0.007327057291666667,0.737614966555184
train,4,0.28425,0.6115277777777778,0.17382677083333334,0.4648194412900295
train,2,0.436453125,0.4181944444444445,0.1825222721354167,1.0436607439388907
train,4,0.20465624999999998,0.3388611111111111,0.06935004427083333,0.6039531928846626
train,4,0.179953125,0.33661111111111114,0.060574221354166666,0.5346024508994883
train,4,0.15546875,0.2941666666666667,0.04573372395833333,0.5285056657223796
train,1,0.046109375,0.10577777777777778,0.004877347222222222,0.4359079569327731
train,4,0.28425,0.6115277777777778,0.17382677083333334,0.4648194412900295
train,2,0.5156875000000001,0.4181944444444445,0.2156576475694445,1.2331285287279974
train,4,0.20465624999999998,0.3388611111111111,0.06935004427083333,0.6039531928846626
train,4,0.179953125,0.33661111111111114,0.060574221354166666,0.5346024508994883
train,4,0.15546875,0.2941666666666667,0.04573372395833333,0.5285056657223796
train,1,0.046109375,0.10577777777777778,0.004877347222222222,0.4359079569327731
train,4,0.28425,0.6115277777777778,0.17382677083333334,0.4648194412900295
train,2,0.5156875000000001,0.4181944444444445,0.2156576475694445,1.2331285287279974
train,4,0.20465624999999998,0.3388611111111111,0.06935004427083333,0.6039531928846626
train,4,0.179953125,0.33661111111111114,0.060574221354166666,0.5346024508994883
train,4,0.15546875,0.2941666666666667,0.04573372395833333,0.5285056657223796
train,1,0.046109375,0.10577777777777778,0.004877347222222222,0.4359079569327731
train,4,0.28425,0.6115277777777778,0.17382677083333334,0.4648194412900295
train,2,0.5156875000000001,0.4181944444444445,0.2156576475694445,1.2331285287279974
train,4,0.20465624999999998,0.3388611111111111,0.06935004427083333,0.6039531928846626
train,4,0.179953125,0.33661111111111114,0.060574221354166666,0.5346024508994883
train,4,0.15546875,0.2941666666666667,0.04573372395833333,0.5285056657223796
train,1,0.046109375,0.10577777777777778,0.004877347222222222,0.4359079569327731
train,4,0.28425,0.6115277777777778,0.17382677083333334,0.4648194412900295
train,2,0.5156875000000001,0.41816666666666663,0.21564332291666669,1.2332104424073338
train,4,0.20465624999999998,0.3388611111111111,0.06935004427083333,0.6039531928846626
train,4,0.179953125,0.33661111111111114,0.060574221354166666,0.5346024508994883
train,4,0.15546875,0.2941666666666667,0.04573372395833333,0.5285056657223796
train,1,0.046109375,0.10577777777777778,0.004877347222222222,0.4359079569327731
train,4,0.28425,0.6115277777777778,0.17382677083333334,0.4648194412900295
train,2,0.5156875000000001,0.41816666666666663,0.21564332291666669,1.2332104424073338
train,4,0.20465624999999998,0.3388611111111111,0.06935004427083333,0.6039531928846626
train,4,0.179953125,0.33661111111111114,0.060574221354166666,0.5346024508994883
train,4,0.15546875,0.2941666666666667,0.04573372395833333,0.5285056657223796
train,1,0.046109375,0.10577777777777778,0.004877347222222222,0.4359079569327731
train,4,0.28425,0.6115277777777778,0.17382677083333334,0.4648194412900295
train,2,0.5156875000000001,0.41816666666666663,0.21564332291666669,1.2332104424073338
train,4,0.20465624999999998,0.3388611111111111,0.06935004427083333,0.6039531928846626
train,4,0.179953125,0.33661111111111114,0.060574221354166666,0.5346024508994883
train,4,0.15546875,0.2941666666666667,0.04573372395833333,0.5285056657223796
train,1,0.046109375,0.10577777777777778,0.004877347222222222,0.4359079569327731
train,4,0.28425,0.6115277777777778,0.17382677083333334,0.4648194412900295
train,2,0.549515625,0.3875555555555556,0.21296783333333333,1.4179015553325685
train,4,0.20465624999999998,0.3388611111111111,0.06935004427083333,0.6039531928846626
train,4,0.179953125,0.33661111111111114,0.060574221354166666,0.5346024508994883
train,4,0.15546875,0.2941666666666667,0.04573372395833333,0.5285056657223796
train,1,0.046109375,0.10577777777777778,0.004877347222222222,0.4359079569327731
train,4,0.28425,0.6115277777777778,0.17382677083333334,0.4648194412900295
train,2,0.549515625,0.3875555555555556,0.21296783333333333,1.4179015553325685
train,4,0.20465624999999998,0.3388611111111111,0.06935004427083333,0.6039531928846626
train,4,0.179953125,0.33661111111111114,0.060574221354166666,0.5346024508994883
train,4,0.15546875,0.2941666666666667,0.04573372395833333,0.5285056657223796
train,1,0.046109375,0.10577777777777778,0.004877347222222222,0.4359079569327731
train,4,0.28425,0.6115277777777778,0.17382677083333334,0.4648194412900295
train,2,0.549515625,0.3875555555555556,0.21296783333333333,1.4179015553325685
train,4,0.20465624999999998,0.3388611111111111,0.06935004427083333,0.6039531928846626
train,4,0.179953125,0.33661111111111114,0.060574221354166666,0.5346024508994883
train,4,0.15546875,0.2941666666666667,0.04573372395833333,0.5285056657223796
train,1,0.046109375,0.10577777777777778,0.004877347222222222,0.4359079569327731
train,4,0.137859375,0.6161944444444445,0.08494818098958334,0.22372706577108595
train,4,0.338140625,0.3645833333333333,0.12328043619791665,0.9274714285714285
train,4,0.20465624999999998,0.3388611111111111,0.06935004427083333,0.6039531928846626
train,0,0.13115625,0.21375,0.0280346484375,0.6135964912280703
train,4,0.1753125,0.41425,0.07262320312500001,0.4232045866022933
train,4,0.28425,0.6115277777777778,0.17382677083333334,0.4648194412900295
train,2,0.549515625,0.3875555555555556,0.21296783333333333,1.4179015553325685
train,4,0.20465624999999998,0.3388611111111111,0.06935004427083333,0.6039531928846626
train,4,0.179953125,0.33661111111111114,0.060574221354166666,0.5346024508994883
train,4,0.15546875,0.2941666666666667,0.04573372395833333,0.5285056657223796
train,1,0.046109375,0.10577777777777778,0.004877347222222222,0.4359079569327731
train,4,0.28425,0.6115277777777778,0.17382677083333334,0.4648194412900295
train,2,0.549515625,0.3875555555555556,0.21296783333333333,1.4179015553325685
train,4,0.20465624999999998,0.3388611111111111,0.06935004427083333,0.6039531928846626
train,4,0.179953125,0.33661111111111114,0.060574221354166666,0.5346024508994883
train,4,0.15546875,0.2941666666666667,0.04573372395833333,0.5285056657223796
train,1,0.046109375,0.10577777777777778,0.004877347222222222,0.4359079569327731
train,4,0.28425,0.6115277777777778,0.17382677083333334,0.4648194412900295
train,2,0.549515625,0.3875555555555556,0.21296783333333333,1.4179015553325685
train,4,0.20465624999999998,0.3388611111111111,0.06935004427083333,0.6039531928846626
train,4,0.179953125,0.33661111111111114,0.060574221354166666,0.5346024508994883
train,4,0.15546875,0.2941666666666667,0.04573372395833333,0.5285056657223796
train,1,0.046109375,0.10577777777777778,0.004877347222222222,0.4359079569327731
train,4,0.28425,0.6115277777777778,0.17382677083333334,0.4648194412900295
train,2,0.549515625,0.3875555555555556,0.21296783333333333,1.4179015553325685
train,4,0.20465624999999998,0.3388611111111111,0.06935004427083333,0.6039531928846626
train,4,0.179953125,0.33661111111111114,0.060574221354166666,0.5346024508994883
train,4,0.15546875,0.2941666666666667,0.04573372395833333,0.5285056657223796
train,1,0.046109375,0.10577777777777778,0.004877347222222222,0.4359079569327731
train,4,0.28425,0.6115277777777778,0.17382677083333334,0.4648194412900295
train,2,0.549515625,0.3875555555555556,0.21296783333333333,1.4179015553325685
train,4,0.20465624999999998,0.3388611111111111,0.06935004427083333,0.6039531928846626
train,4,0.179953125,0.33661111111111114,0.060574221354166666,0.5346024508994883
train,4,0.15546875,0.2941666666666667,0.04573372395833333,0.5285056657223796
train,1,0.046109375,0.10577777777777778,0.004877347222222222,0.4359079569327731
train,4,0.28425,0.6115277777777778,0.17382677083333334,0.4648194412900295
train,2,0.549515625,0.3875555555555556,0.21296783333333333,1.4179015553325685
train,4,0.20465624999999998,0.3388611111111111,0.06935004427083333,0.6039531928846626
train,4,0.2004375,0.5120833333333333,0.102640703125,0.39141578519121234
train,4,0.15546875,0.2941666666666667,0.04573372395833333,0.5285056657223796
train,1,0.046109375,0.10577777777777778,0.004877347222222222,0.4359079569327731
train,4,0.28425,0.6115277777777778,0.17382677083333334,0.4648194412900295
train,2,0.549515625,0.3875555555555556,0.21296783333333333,1.4179015553325685
train,4,0.20465624999999998,0.3388611111111111,0.06935004427083333,0.6039531928846626
train,4,0.2004375,0.5120833333333333,0.102640703125,0.39141578519121234
train,4,0.15546875,0.2941666666666667,0.04573372395833333,0.5285056657223796
train,1,0.046109375,0.10577777777777778,0.004877347222222222,0.4359079569327731
train,4,0.28425,0.6115277777777778,0.17382677083333334,0.4648194412900295
train,2,0.549515625,0.3875555555555556,0.21296783333333333,1.4179015553325685
train,4,0.20465624999999998,0.3388611111111111,0.06935004427083333,0.6039531928846626
train,4,0.2004375,0.5120833333333333,0.102640703125,0.39141578519121234
train,4,0.15546875,0.2941666666666667,0.04573372395833333,0.5285056657223796
train,1,0.046109375,0.10577777777777778,0.004877347222222222,0.4359079569327731
train,4,0.27121875,0.7833333333333333,0.21245468750000002,0.3462367021276596
train,2,0.549515625,0.3875555555555556,0.21296783333333333,1.4179015553325685
train,4,0.20465624999999998,0.3388611111111111,0.06935004427083333,0.6039531928846626
train,4,0.2004375,0.5120833333333333,0.102640703125,0.39141578519121234
train,4,0.15546875,0.2941666666666667,0.04573372395833333,0.5285056657223796
train,1,0.046109375,0.10577777777777778,0.004877347222222222,0.4359079569327731
train,4,0.27121875,0.7833333333333333,0.21245468750000002,0.3462367021276596
train,2,0.549515625,0.3875555555555556,0.21296783333333333,1.4179015553325685
train,4,0.20465624999999998,0.3388611111111111,0.06935004427083333,0.6039531928846626
train,4,0.2004375,0.5120833333333333,0.102640703125,0.39141578519121234
train,4,0.15546875,0.2941666666666667,0.04573372395833333,0.5285056657223796
train,1,0.046109375,0.10577777777777778,0.004877347222222222,0.4359079569327731
train,4,0.27121875,0.7833333333333333,0.21245468750000002,0.3462367021276596
train,2,0.549515625,0.3875555555555556,0.21296783333333333,1.4179015553325685
train,4,0.20465624999999998,0.3388611111111111,0.06935004427083333,0.6039531928846626
train,4,0.2004375,0.5120833333333333,0.102640703125,0.39141578519121234
train,4,0.15546875,0.2941666666666667,0.04573372395833333,0.5285056657223796
train,1,0.046109375,0.10577777777777778,0.004877347222222222,0.4359079569327731
train,4,0.27121875,0.7833333333333333,0.21245468750000002,0.3462367021276596
train,2,0.549515625,0.3875555555555556,0.21296783333333333,1.4179015553325685
train,4,0.20465624999999998,0.3388611111111111,0.06935004427083333,0.6039531928846626
train,4,0.2004375,0.5120833333333333,0.102640703125,0.39141578519121234
train,4,0.15546875,0.2941666666666667,0.04573372395833333,0.5285056657223796
train,1,0.046109375,0.10577777777777778,0.004877347222222222,0.4359079569327731
train,4,0.27121875,0.7833333333333333,0.21245468750000002,0.3462367021276596
train,2,0.549515625,0.3875555555555556,0.21296783333333333,1.4179015553325685
train,4,0.20465624999999998,0.3388611111111111,0.06935004427083333,0.6039531928846626
train,4,0.2004375,0.5120833333333333,0.102640703125,0.39141578519121234
train,4,0.15546875,0.2941666666666667,0.04573372395833333,0.5285056657223796
train,1,0.046109375,0.10577777777777778,0.004877347222222222,0.4359079569327731
train,4,0.27121875,0.7833333333333333,0.21245468750000002,0.3462367021276596
train,2,0.549515625,0.3875555555555556,0.21296783333333333,1.4179015553325685
train,4,0.20465624999999998,0.3388611111111111,0.06935004427083333,0.6039531928846626
train,4,0.2004375,0.5120833333333333,0.102640703125,0.39141578519121234
train,4,0.15546875,0.2941666666666667,0.04573372395833333,0.5285056657223796
train,1,0.046109375,0.10577777777777778,0.004877347222222222,0.4359079569327731
train,4,0.27121875,0.7833333333333333,0.21245468750000002,0.3462367021276596
train,2,0.549515625,0.3875555555555556,0.21296783333333333,1.4179015553325685
train,4,0.20465624999999998,0.3388611111111111,0.06935004427083333,0.6039531928846626
train,4,0.2004375,0.5120833333333333,0.102640703125,0.39141578519121234
train,4,0.15546875,0.2941666666666667,0.04573372395833333,0.5285056657223796
train,1,0.046109375,0.10577777777777778,0.004877347222222222,0.4359079569327731
train,2,0.137859375,0.6161944444444445,0.08494818098958334,0.22372706577108595
train,4,0.338140625,0.3645833333333333,0.12328043619791665,0.9274714285714285
train,4,0.20465624999999998,0.3388611111111111,0.06935004427083333,0.6039531928846626
train,0,0.13115625,0.21375,0.0280346484375,0.6135964912280703
train,4,0.1753125,0.41425,0.07262320312500001,0.4232045866022933
train,1,0.07475000000000001,0.11166666666666668,0.008347083333333335,0.6694029850746269
train,4,0.27121875,0.7833333333333333,0.21245468750000002,0.3462367021276596
train,2,0.549515625,0.3875555555555556,0.21296783333333333,1.4179015553325685
train,4,0.20465624999999998,0.3388611111111111,0.06935004427083333,0.6039531928846626
train,4,0.2004375,0.5120555555555556,0.10263513541666668,0.3914370185526744
train,4,0.15546875,0.2941666666666667,0.04573372395833333,0.5285056657223796
train,1,0.046109375,0.10577777777777778,0.004877347222222222,0.4359079569327731
train,4,0.27121875,0.7833333333333333,0.21245468750000002,0.3462367021276596
train,2,0.549515625,0.3875555555555556,0.21296783333333333,1.4179015553325685
train,4,0.20465624999999998,0.3388611111111111,0.06935004427083333,0.6039531928846626
train,4,0.2004375,0.5120555555555556,0.10263513541666668,0.3914370185526744
train,4,0.15546875,0.2941666666666667,0.04573372395833333,0.5285056657223796
train,1,0.046109375,0.10577777777777778,0.004877347222222222,0.4359079569327731
train,4,0.27121875,0.7833333333333333,0.21245468750000002,0.3462367021276596
train,2,0.549515625,0.3875555555555556,0.21296783333333333,1.4179015553325685
train,4,0.20465624999999998,0.3388611111111111,0.06935004427083333,0.6039531928846626
train,4,0.2004375,0.5120555555555556,0.10263513541666668,0.3914370185526744
train,4,0.15546875,0.2941666666666667,0.04573372395833333,0.5285056657223796
train,1,0.046109375,0.10577777777777778,0.004877347222222222,0.4359079569327731
train,4,0.27121875,0.7833333333333333,0.21245468750000002,0.3462367021276596
train,2,0.549515625,0.3875555555555556,0.21296783333333333,1.4179015553325685
train,4,0.20465624999999998,0.3388611111111111,0.06935004427083333,0.6039531928846626
train,4,0.2004375,0.5120555555555556,0.10263513541666668,0.3914370185526744
train,4,0.15546875,0.2941666666666667,0.04573372395833333,0.5285056657223796
train,1,0.046109375,0.10577777777777778,0.004877347222222222,0.4359079569327731
train,4,0.27121875,0.7833333333333333,0.21245468750000002,0.3462367021276596
train,2,0.549515625,0.3875555555555556,0.21296783333333333,1.4179015553325685
train,4,0.20465624999999998,0.3388611111111111,0.06935004427083333,0.6039531928846626
train,4,0.2004375,0.5120555555555556,0.10263513541666668,0.3914370185526744
train,4,0.15546875,0.2941666666666667,0.04573372395833333,0.5285056657223796
train,1,0.046109375,0.10577777777777778,0.004877347222222222,0.4359079569327731
train,4,0.27121875,0.7833333333333333,0.21245468750000002,0.3462367021276596
train,2,0.549515625,0.3875555555555556,0.21296783333333333,1.4179015553325685
train,4,0.20465624999999998,0.3388611111111111,0.06935004427083333,0.6039531928846626
train,4,0.3256875,0.364,0.11855025000000001,0.8947458791208792
train,4,0.15546875,0.2941666666666667,0.04573372395833333,0.5285056657223796
train,1,0.046109375,0.10577777777777778,0.004877347222222222,0.4359079569327731
train,4,0.27121875,0.7833333333333333,0.21245468750000002,0.3462367021276596
train,2,0.549515625,0.3875555555555556,0.21296783333333333,1.4179015553325685
train,4,0.20465624999999998,0.3388611111111111,0.06935004427083333,0.6039531928846626
train,4,0.3256875,0.364,0.11855025000000001,0.8947458791208792
train,4,0.15546875,0.2941666666666667,0.04573372395833333,0.5285056657223796
train,1,0.046109375,0.10577777777777778,0.004877347222222222,0.4359079569327731
train,2,0.137859375,0.6161944444444445,0.08494818098958334,0.22372706577108595
train,4,0.338140625,0.3645833333333333,0.12328043619791665,0.9274714285714285
train,4,0.20465624999999998,0.3388611111111111,0.06935004427083333,0.6039531928846626
train,0,0.13115625,0.21375,0.0280346484375,0.6135964912280703
train,4,0.1753125,0.41425,0.07262320312500001,0.4232045866022933
train,1,0.07475000000000001,0.11166666666666668,0.008347083333333335,0.6694029850746269
train,4,0.27121875,0.7833333333333333,0.21245468750000002,0.3462367021276596
train,2,0.549515625,0.3875555555555556,0.21296783333333333,1.4179015553325685
train,4,0.20465624999999998,0.3388611111111111,0.06935004427083333,0.6039531928846626
train,4,0.3256875,0.364,0.11855025000000001,0.8947458791208792
train,4,0.15546875,0.2941666666666667,0.04573372395833333,0.5285056657223796
train,1,0.046109375,0.10577777777777778,0.004877347222222222,0.4359079569327731
train,4,0.27121875,0.7833333333333333,0.21245468750000002,0.3462367021276596
train,2,0.549515625,0.3875555555555556,0.21296783333333333,1.4179015553325685
train,4,0.20465624999999998,0.3388611111111111,0.06935004427083333,0.6039531928846626
train,4,0.3256875,0.364,0.11855025000000001,0.8947458791208792
train,4,0.15546875,0.2941666666666667,0.04573372395833333,0.5285056657223796
train,1,0.046109375,0.10577777777777778,0.004877347222222222,0.4359079569327731
train,4,0.27121875,0.7833333333333333,0.21245468750000002,0.3462367021276596
train,2,0.549515625,0.3875555555555556,0.21296783333333333,1.4179015553325685
train,4,0.20465624999999998,0.3388611111111111,0.06935004427083333,0.6039531928846626
train,4,0.3256875,0.364,0.11855025000000001,0.8947458791208792
train,4,0.15546875,0.2941666666666667,0.04573372395833333,0.5285056657223796
train,1,0.046109375,0.10577777777777778,0.004877347222222222,0.4359079569327731
train,4,0.27121875,0.7833333333333333,0.21245468750000002,0.3462367021276596
train,2,0.549515625,0.3875555555555556,0.21296783333333333,1.4179015553325685
train,4,0.20465624999999998,0.3388611111111111,0.06935004427083333,0.6039531928846626
train,4,0.3256875,0.364,0.11855025000000001,0.8947458791208792
train,4,0.15546875,0.2941666666666667,0.04573372395833333,0.5285056657223796
train,1,0.046109375,0.10577777777777778,0.004877347222222222,0.4359079569327731
train,4,0.27121875,0.7833333333333333,0.21245468750000002,0.3462367021276596
train,2,0.549515625,0.3875555555555556,0.21296783333333333,1.4179015553325685
train,4,0.20465624999999998,0.3388611111111111,0.06935004427083333,0.6039531928846626
train,4,0.3256875,0.364,0.11855025000000001,0.8947458791208792
train,4,0.15546875,0.2941666666666667,0.04573372395833333,0.5285056657223796
train,1,0.046109375,0.10577777777777778,0.004877347222222222,0.4359079569327731
train,4,0.27121875,0.7833333333333333,0.21245468750000002,0.3462367021276596
train,2,0.549515625,0.3875555555555556,0.21296783333333333,1.4179015553325685
train,4,0.20465624999999998,0.3388611111111111,0.06935004427083333,0.6039531928846626
train,4,0.3256875,0.364,0.11855025000000001,0.8947458791208792
train,4,0.15546875,0.2941666666666667,0.04573372395833333,0.5285056657223796
train,1,0.046109375,0.10577777777777778,0.004877347222222222,0.4359079569327731
train,4,0.27121875,0.7833333333333333,0.21245468750000002,0.3462367021276596
train,2,0.549515625,0.3875555555555556,0.21296783333333333,1.4179015553325685
train,4,0.20465624999999998,0.3388611111111111,0.06935004427083333,0.6039531928846626
train,4,0.3256875,0.364,0.11855025000000001,0.8947458791208792
train,4,0.15546875,0.2941666666666667,0.04573372395833333,0.5285056657223796
train,1,0.046109375,0.10577777777777778,0.004877347222222222,0.4359079569327731
train,4,0.27121875,0.7833333333333333,0.21245468750000002,0.3462367021276596
train,2,0.549515625,0.3875555555555556,0.21296783333333333,1.4179015553325685
train,4,0.20465624999999998,0.3388611111111111,0.06935004427083333,0.6039531928846626
train,4,0.3256875,0.364,0.11855025000000001,0.8947458791208792
train,4,0.15546875,0.2941666666666667,0.04573372395833333,0.5285056657223796
train,1,0.046109375,0.10577777777777778,0.004877347222222222,0.4359079569327731
train,2,0.137859375,0.6161944444444445,0.08494818098958334,0.22372706577108595
train,4,0.338140625,0.3645833333333333,0.12328043619791665,0.9274714285714285
train,4,0.20465624999999998,0.3388611111111111,0.06935004427083333,0.6039531928846626
train,0,0.13115625,0.21375,0.0280346484375,0.6135964912280703
train,4,0.1753125,0.41425,0.07262320312500001,0.4232045866022933
train,1,0.07475000000000001,0.11166666666666668,0.008347083333333335,0.6694029850746269
train,4,0.27121875,0.7833333333333333,0.21245468750000002,0.3462367021276596
train,2,0.549515625,0.3875555555555556,0.21296783333333333,1.4179015553325685
train,4,0.20465624999999998,0.3388611111111111,0.06935004427083333,0.6039531928846626
train,4,0.3256875,0.364,0.11855025000000001,0.8947458791208792
train,4,0.15546875,0.2941666666666667,0.04573372395833333,0.5285056657223796
train,1,0.046109375,0.10577777777777778,0.004877347222222222,0.4359079569327731
train,4,0.27121875,0.7833333333333333,0.21245468750000002,0.3462367021276596
train,2,0.549515625,0.3875555555555556,0.21296783333333333,1.4179015553325685
train,4,0.20465624999999998,0.3388611111111111,0.06935004427083333,0.6039531928846626
train,4,0.3256875,0.364,0.11855025000000001,0.8947458791208792
train,4,0.15546875,0.2941666666666667,0.04573372395833333,0.5285056657223796
train,1,0.046109375,0.10577777777777778,0.004877347222222222,0.4359079569327731
train,4,0.27121875,0.7833333333333333,0.21245468750000002,0.3462367021276596
train,2,0.549515625,0.3875555555555556,0.21296783333333333,1.4179015553325685
train,4,0.20465624999999998,0.3388611111111111,0.06935004427083333,0.6039531928846626
train,4,0.3256875,0.364,0.11855025000000001,0.8947458791208792
train,4,0.15546875,0.2941666666666667,0.04573372395833333,0.5285056657223796
train,1,0.046109375,0.10577777777777778,0.004877347222222222,0.4359079569327731
train,4,0.27121875,0.7833333333333333,0.21245468750000002,0.3462367021276596
train,4,0.549515625,0.34291666666666665,0.18843806640624997,1.6024756986634265
train,4,0.20465624999999998,0.3388611111111111,0.06935004427083333,0.6039531928846626
train,4,0.176,0.4006111111111111,0.07050755555555555,0.4393288032173069
train,4,0.134484375,0.3001666666666667,0.0403677265625,0.4480323431426984
train,4,0.27121875,0.7833333333333333,0.21245468750000002,0.3462367021276596
train,4,0.549515625,0.34291666666666665,0.18843806640624997,1.6024756986634265
train,4,0.20465624999999998,0.3388611111111111,0.06935004427083333,0.6039531928846626
train,4,0.176,0.4006111111111111,0.07050755555555555,0.4393288032173069
train,4,0.134484375,0.3001666666666667,0.0403677265625,0.4480323431426984
train,4,0.27121875,0.7833333333333333,0.21245468750000002,0.3462367021276596
train,4,0.549515625,0.34291666666666665,0.18843806640624997,1.6024756986634265
train,4,0.20465624999999998,0.3388611111111111,0.06935004427083333,0.6039531928846626
train,4,0.176,0.4006111111111111,0.07050755555555555,0.4393288032173069
train,4,0.134484375,0.3001666666666667,0.0403677265625,0.4480323431426984
train,4,0.27121875,0.7833333333333333,0.21245468750000002,0.3462367021276596
train,4,0.549515625,0.34291666666666665,0.18843806640624997,1.6024756986634265
train,4,0.20465624999999998,0.3388611111111111,0.06935004427083333,0.6039531928846626
train,4,0.176,0.4006111111111111,0.07050755555555555,0.4393288032173069
train,4,0.134484375,0.3001666666666667,0.0403677265625,0.4480323431426984
train,4,0.27121875,0.7833333333333333,0.21245468750000002,0.3462367021276596
train,4,0.549515625,0.34291666666666665,0.18843806640624997,1.6024756986634265
train,4,0.20465624999999998,0.3388611111111111,0.06935004427083333,0.6039531928846626
train,4,0.176,0.4006111111111111,0.07050755555555555,0.4393288032173069
train,4,0.134484375,0.3001666666666667,0.0403677265625,0.4480323431426984
train,4,0.27121875,0.7833333333333333,0.21245468750000002,0.3462367021276596
train,2,0.549515625,0.34291666666666665,0.18843806640624997,1.6024756986634265
train,4,0.20465624999999998,0.3388611111111111,0.06935004427083333,0.6039531928846626
train,4,0.176,0.4006111111111111,0.07050755555555555,0.4393288032173069
train,4,0.134484375,0.3001666666666667,0.0403677265625,0.4480323431426984
train,1,0.040890625,0.08830555555555555,0.0036108693576388886,0.46305835168291914
train,2,0.137859375,0.6161944444444445,0.08494818098958334,0.22372706577108595
train,4,0.338140625,0.3645833333333333,0.12328043619791665,0.9274714285714285
train,4,0.20465624999999998,0.3388611111111111,0.06935004427083333,0.6039531928846626
train,0,0.13115625,0.21375,0.0280346484375,0.6135964912280703
train,4,0.1753125,0.41425,0.07262320312500001,0.4232045866022933
train,1,0.07475000000000001,0.11166666666666668,0.008347083333333335,0.6694029850746269
train,4,0.27121875,0.7833333333333333,0.21245468750000002,0.3462367021276596
train,2,0.549515625,0.34291666666666665,0.18843806640624997,1.6024756986634265
train,4,0.20465624999999998,0.3388611111111111,0.06935004427083333,0.6039531928846626
train,4,0.176,0.4006111111111111,0.07050755555555555,0.4393288032173069
train,4,0.134484375,0.3001666666666667,0.0403677265625,0.4480323431426984
train,1,0.040890625,0.08830555555555555,0.0036108693576388886,0.46305835168291914
train,4,0.27121875,0.7833333333333333,0.21245468750000002,0.3462367021276596
train,2,0.549515625,0.34291666666666665,0.18843806640624997,1.6024756986634265
train,4,0.20465624999999998,0.3388611111111111,0.06935004427083333,0.6039531928846626
train,4,0.176,0.4006111111111111,0.07050755555555555,0.4393288032173069
train,4,0.134484375,0.3001666666666667,0.0403677265625,0.4480323431426984
train,1,0.040890625,0.08830555555555555,0.0036108693576388886,0.46305835168291914
train,4,0.27121875,0.7833333333333333,0.21245468750000002,0.3462367021276596
train,2,0.549515625,0.34291666666666665,0.18843806640624997,1.6024756986634265
train,4,0.20465624999999998,0.3388611111111111,0.06935004427083333,0.6039531928846626
train,4,0.176,0.4006111111111111,0.07050755555555555,0.4393288032173069
train,4,0.134484375,0.3001666666666667,0.0403677265625,0.4480323431426984
train,1,0.040890625,0.08830555555555555,0.0036108693576388886,0.46305835168291914
train,4,0.27121875,0.7833333333333333,0.21245468750000002,0.3462367021276596
train,2,0.549515625,0.34291666666666665,0.18843806640624997,1.6024756986634265
train,4,0.20465624999999998,0.3388611111111111,0.06935004427083333,0.6039531928846626
train,4,0.176,0.4006111111111111,0.07050755555555555,0.4393288032173069
train,4,0.134484375,0.3001666666666667,0.0403677265625,0.4480323431426984
train,1,0.040890625,0.08830555555555555,0.0036108693576388886,0.46305835168291914
train,4,0.27121875,0.7833333333333333,0.21245468750000002,0.3462367021276596
train,2,0.549515625,0.34291666666666665,0.18843806640624997,1.6024756986634265
train,4,0.20465624999999998,0.3388611111111111,0.06935004427083333,0.6039531928846626
train,4,0.176,0.4006111111111111,0.07050755555555555,0.4393288032173069
train,4,0.134484375,0.3001666666666667,0.0403677265625,0.4480323431426984
train,1,0.040890625,0.08830555555555555,0.0036108693576388886,0.46305835168291914
train,4,0.27121875,0.7833333333333333,0.21245468750000002,0.3462367021276596
train,2,0.549515625,0.34291666666666665,0.18843806640624997,1.6024756986634265
train,4,0.20465624999999998,0.3388611111111111,0.06935004427083333,0.6039531928846626
train,4,0.176,0.4006111111111111,0.07050755555555555,0.4393288032173069
train,4,0.134484375,0.3001666666666667,0.0403677265625,0.4480323431426984
train,1,0.040890625,0.08830555555555555,0.0036108693576388886,0.46305835168291914
train,4,0.27121875,0.7833333333333333,0.21245468750000002,0.3462367021276596
train,2,0.549515625,0.34291666666666665,0.18843806640624997,1.6024756986634265
train,4,0.20465624999999998,0.3388611111111111,0.06935004427083333,0.6039531928846626
train,4,0.176,0.4006111111111111,0.07050755555555555,0.4393288032173069
train,4,0.134484375,0.3001666666666667,0.0403677265625,0.4480323431426984
train,1,0.040890625,0.08830555555555555,0.0036108693576388886,0.46305835168291914
train,4,0.27121875,0.7833333333333333,0.21245468750000002,0.3462367021276596
train,2,0.549515625,0.34291666666666665,0.18843806640624997,1.6024756986634265
train,4,0.20465624999999998,0.3388611111111111,0.06935004427083333,0.6039531928846626
train,4,0.176,0.4006111111111111,0.07050755555555555,0.4393288032173069
train,4,0.134484375,0.3001666666666667,0.0403677265625,0.4480323431426984
train,1,0.040890625,0.08830555555555555,0.0036108693576388886,0.46305835168291914
train,2,0.137859375,0.6161944444444445,0.08494818098958334,0.22372706577108595
train,4,0.338140625,0.3645833333333333,0.12328043619791665,0.9274714285714285
train,4,0.20465624999999998,0.3388611111111111,0.06935004427083333,0.6039531928846626
train,0,0.09471874999999999,0.1951111111111111,0.018480680555555552,0.4854605637813212
train,4,0.1753125,0.41425,0.07262320312500001,0.4232045866022933
train,1,0.07475000000000001,0.11166666666666668,0.008347083333333335,0.6694029850746269
train,4,0.27121875,0.7833333333333333,0.21245468750000002,0.3462367021276596
train,2,0.549515625,0.34291666666666665,0.18843806640624997,1.6024756986634265
train,4,0.20465624999999998,0.3388611111111111,0.06935004427083333,0.6039531928846626
train,4,0.176,0.4006111111111111,0.07050755555555555,0.4393288032173069
train,4,0.134484375,0.3001666666666667,0.0403677265625,0.4480323431426984
train,1,0.040890625,0.08830555555555555,0.0036108693576388886,0.46305835168291914
train,4,0.27121875,0.7833333333333333,0.21245468750000002,0.3462367021276596
train,2,0.549515625,0.34291666666666665,0.18843806640624997,1.6024756986634265
train,4,0.20465624999999998,0.3388611111111111,0.06935004427083333,0.6039531928846626
train,4,0.176,0.4006111111111111,0.07050755555555555,0.4393288032173069
train,4,0.134484375,0.3001666666666667,0.0403677265625,0.4480323431426984
train,1,0.040890625,0.08830555555555555,0.0036108693576388886,0.46305835168291914
train,4,0.27121875,0.7833333333333333,0.21245468750000002,0.3462367021276596
train,2,0.549515625,0.34291666666666665,0.18843806640624997,1.6024756986634265
train,4,0.20465624999999998,0.3388611111111111,0.06935004427083333,0.6039531928846626
train,4,0.176,0.4006111111111111,0.07050755555555555,0.4393288032173069
train,4,0.134484375,0.3001666666666667,0.0403677265625,0.4480323431426984
train,1,0.040890625,0.08830555555555555,0.0036108693576388886,0.46305835168291914
train,4,0.27121875,0.7833333333333333,0.21245468750000002,0.3462367021276596
train,2,0.549515625,0.34291666666666665,0.18843806640624997,1.6024756986634265
train,4,0.20465624999999998,0.3388611111111111,0.06935004427083333,0.6039531928846626
train,4,0.176,0.4006111111111111,0.07050755555555555,0.4393288032173069
train,4,0.134484375,0.3001666666666667,0.0403677265625,0.4480323431426984
train,1,0.040890625,0.08830555555555555,0.0036108693576388886,0.46305835168291914
train,4,0.27121875,0.7833333333333333,0.21245468750000002,0.3462367021276596
train,2,0.549515625,0.34291666666666665,0.18843806640624997,1.6024756986634265
train,4,0.20465624999999998,0.3388611111111111,0.06935004427083333,0.6039531928846626
train,4,0.176,0.4006111111111111,0.07050755555555555,0.4393288032173069
train,4,0.134484375,0.3001666666666667,0.0403677265625,0.4480323431426984
train,1,0.040890625,0.08830555555555555,0.0036108693576388886,0.46305835168291914
train,4,0.27121875,0.7833333333333333,0.21245468750000002,0.3462367021276596
train,4,0.549515625,0.34291666666666665,0.18843806640624997,1.6024756986634265
train,4,0.20465624999999998,0.3388611111111111,0.06935004427083333,0.6039531928846626
train,4,0.176,0.4006111111111111,0.07050755555555555,0.4393288032173069
train,4,0.134484375,0.3001666666666667,0.0403677265625,0.4480323431426984
train,4,0.27121875,0.7833333333333333,0.21245468750000002,0.3462367021276596
train,4,0.549515625,0.34291666666666665,0.18843806640624997,1.6024756986634265
train,4,0.20465624999999998,0.3388611111111111,0.06935004427083333,0.6039531928846626
train,4,0.176,0.4006111111111111,0.07050755555555555,0.4393288032173069
train,4,0.134484375,0.3001666666666667,0.0403677265625,0.4480323431426984
train,4,0.27121875,0.7833333333333333,0.21245468750000002,0.3462367021276596
train,4,0.549515625,0.34291666666666665,0.18843806640624997,1.6024756986634265
train,4,0.20465624999999998,0.3388611111111111,0.06935004427083333,0.6039531928846626
train,4,0.176,0.4006111111111111,0.07050755555555555,0.4393288032173069
train,4,0.134484375,0.3001666666666667,0.0403677265625,0.4480323431426984
train,4,0.27121875,0.7833333333333333,0.21245468750000002,0.3462367021276596
train,4,0.49670312499999997,0.33738888888888885,0.16758211545138885,1.472197637082167
train,4,0.20465624999999998,0.3388611111111111,0.06935004427083333,0.6039531928846626
train,4,0.176,0.4006111111111111,0.07050755555555555,0.4393288032173069
train,4,0.134484375,0.3001666666666667,0.0403677265625,0.4480323431426984
train,4,0.27121875,0.7833333333333333,0.21245468750000002,0.3462367021276596
train,4,0.49670312499999997,0.33738888888888885,0.16758211545138885,1.472197637082167
train,4,0.20465624999999998,0.3388611111111111,0.06935004427083333,0.6039531928846626
train,4,0.193953125,0.522,0.10124353125,0.37155771072796934
train,4,0.134484375,0.3001666666666667,0.0403677265625,0.4480323431426984
train,4,0.27121875,0.7833333333333333,0.21245468750000002,0.3462367021276596
train,4,0.49670312499999997,0.33738888888888885,0.16758211545138885,1.472197637082167
train,4,0.20465624999999998,0.3388611111111111,0.06935004427083333,0.6039531928846626
train,4,0.193953125,0.522,0.10124353125,0.37155771072796934
train,4,0.134484375,0.3001666666666667,0.0403677265625,0.4480323431426984
train,4,0.27121875,0.7833333333333333,0.21245468750000002,0.3462367021276596
train,4,0.49670312499999997,0.33738888888888885,0.16758211545138885,1.472197637082167
train,4,0.20465624999999998,0.3388611111111111,0.06935004427083333,0.6039531928846626
train,4,0.1575,0.5204722222222222,0.081974375,0.30260980946789773
train,4,0.134484375,0.3001666666666667,0.0403677265625,0.4480323431426984
train,4,0.27121875,0.7833333333333333,0.21245468750000002,0.3462367021276596
train,2,0.49670312499999997,0.33738888888888885,0.16758211545138885,1.472197637082167
train,4,0.20465624999999998,0.3388611111111111,0.06935004427083333,0.6039531928846626
train,4,0.1524375,0.45425,0.069244734375,0.3355806274078151
train,4,0.134484375,0.3001666666666667,0.0403677265625,0.4480323431426984
train,1,0.047859374999999996,0.08205555555555555,0.003927127604166666,0.5832557549085985
train,4,0.27121875,0.7833333333333333,0.21245468750000002,0.3462367021276596
train,2,0.49670312499999997,0.33738888888888885,0.16758211545138885,1.472197637082167
train,4,0.20465624999999998,0.3388611111111111,0.06935004427083333,0.6039531928846626
train,4,0.146765625,0.39647222222222217,0.05818849348958333,0.3701788341624046
train,4,0.134484375,0.3001666666666667,0.0403677265625,0.4480323431426984
train,1,0.047859374999999996,0.08205555555555555,0.003927127604166666,0.5832557549085985
train,4,0.27121875,0.7833333333333333,0.21245468750000002,0.3462367021276596
train,2,0.49670312499999997,0.33738888888888885,0.16758211545138885,1.472197637082167
train,4,0.20465624999999998,0.3388611111111111,0.06935004427083333,0.6039531928846626
train,4,0.146765625,0.39647222222222217,0.05818849348958333,0.3701788341624046
train,4,0.134484375,0.3001666666666667,0.0403677265625,0.4480323431426984
train,1,0.047859374999999996,0.08205555555555555,0.003927127604166666,0.5832557549085985
train,4,0.27121875,0.7833333333333333,0.21245468750000002,0.3462367021276596
train,2,0.49670312499999997,0.33738888888888885,0.16758211545138885,1.472197637082167
train,4,0.20465624999999998,0.3388611111111111,0.06935004427083333,0.6039531928846626
train,4,0.146765625,0.39647222222222217,0.05818849348958333,0.3701788341624046
train,4,0.134484375,0.3001666666666667,0.0403677265625,0.4480323431426984
train,1,0.047859374999999996,0.08205555555555555,0.003927127604166666,0.5832557549085985
train,4,0.27121875,0.7833333333333333,0.21245468750000002,0.3462367021276596
train,2,0.49670312499999997,0.33738888888888885,0.16758211545138885,1.472197637082167
train,4,0.20465624999999998,0.3388611111111111,0.06935004427083333,0.6039531928846626
train,4,0.14803125,0.30597222222222226,0.04529345052083334,0.48380617339990917
train,4,0.134484375,0.3001666666666667,0.0403677265625,0.4480323431426984
train,1,0.047859374999999996,0.08205555555555555,0.003927127604166666,0.5832557549085985
train,4,0.27121875,0.7833333333333333,0.21245468750000002,0.3462367021276596
train,2,0.49670312499999997,0.33738888888888885,0.16758211545138885,1.472197637082167
train,4,0.20465624999999998,0.3388611111111111,0.06935004427083333,0.6039531928846626
train,4,0.16946875,0.3838055555555555,0.06504304774305555,0.4415484548020555
train,4,0.134484375,0.3001666666666667,0.0403677265625,0.4480323431426984
train,1,0.047859374999999996,0.08205555555555555,0.003927127604166666,0.5832557549085985
train,4,0.27121875,0.7833333333333333,0.21245468750000002,0.3462367021276596
train,2,0.5460625,0.355,0.1938521875,1.5382042253521129
train,4,0.20465624999999998,0.3388611111111111,0.06935004427083333,0.6039531928846626
train,4,0.16946875,0.3838055555555555,0.06504304774305555,0.4415484548020555
train,4,0.134484375,0.3001666666666667,0.0403677265625,0.4480323431426984
train,1,0.047859374999999996,0.08205555555555555,0.003927127604166666,0.5832557549085985
train,4,0.27121875,0.7833333333333333,0.21245468750000002,0.3462367021276596
train,2,0.5460625,0.355,0.1938521875,1.5382042253521129
train,4,0.20465624999999998,0.3388611111111111,0.06935004427083333,0.6039531928846626
train,4,0.16946875,0.3838055555555555,0.06504304774305555,0.4415484548020555
train,4,0.134484375,0.3001666666666667,0.0403677265625,0.4480323431426984
train,1,0.047859374999999996,0.08205555555555555,0.003927127604166666,0.5832557549085985
train,2,0.166015625,0.6394722222222222,0.10616238064236111,0.2596135050605968
train,4,0.338140625,0.3645833333333333,0.12328043619791665,0.9274714285714285
train,4,0.20465624999999998,0.3388611111111111,0.06935004427083333,0.6039531928846626
train,0,0.09471874999999999,0.1951111111111111,0.018480680555555552,0.4854605637813212
train,4,0.1753125,0.41425,0.07262320312500001,0.4232045866022933
train,1,0.07475000000000001,0.11166666666666668,0.008347083333333335,0.6694029850746269
train,4,0.27121875,0.7833333333333333,0.21245468750000002,0.3462367021276596
train,2,0.5460625,0.355,0.1938521875,1.5382042253521129
train,4,0.20465624999999998,0.3388611111111111,0.06935004427083333,0.6039531928846626
train,4,0.16946875,0.3838055555555555,0.06504304774305555,0.4415484548020555
train,4,0.134484375,0.3001666666666667,0.0403677265625,0.4480323431426984
train,1,0.047859374999999996,0.08205555555555555,0.003927127604166666,0.5832557549085985
train,4,0.27121875,0.7833333333333333,0.21245468750000002,0.3462367021276596
train,2,0.5460625,0.355,0.1938521875,1.5382042253521129
train,4,0.20465624999999998,0.3388611111111111,0.06935004427083333,0.6039531928846626
train,4,0.16946875,0.3838055555555555,0.06504304774305555,0.4415484548020555
train,4,0.134484375,0.3001666666666667,0.0403677265625,0.4480323431426984
train,1,0.047859374999999996,0.08205555555555555,0.003927127604166666,0.5832557549085985
train,4,0.27121875,0.7833333333333333,0.21245468750000002,0.3462367021276596
train,2,0.515125,0.35480555555555554,0.18276921180555555,1.4518515618883585
train,4,0.20465624999999998,0.3388611111111111,0.06935004427083333,0.6039531928846626
train,4,0.16946875,0.3838055555555555,0.06504304774305555,0.4415484548020555
train,4,0.134484375,0.3001666666666667,0.0403677265625,0.4480323431426984
train,1,0.047859374999999996,0.08205555555555555,0.003927127604166666,0.5832557549085985
train,4,0.27121875,0.7833333333333333,0.21245468750000002,0.3462367021276596
train,2,0.515125,0.35480555555555554,0.18276921180555555,1.4518515618883585
train,4,0.20465624999999998,0.3388611111111111,0.06935004427083333,0.6039531928846626
train,4,0.16946875,0.3838055555555555,0.06504304774305555,0.4415484548020555
train,4,0.134484375,0.3001666666666667,0.0403677265625,0.4480323431426984
train,1,0.047859374999999996,0.08205555555555555,0.003927127604166666,0.5832557549085985
train,4,0.27121875,0.7833333333333333,0.21245468750000002,0.3462367021276596
train,2,0.515125,0.35480555555555554,0.18276921180555555,1.4518515618883585
train,4,0.20465624999999998,0.3388611111111111,0.06935004427083333,0.6039531928846626
train,4,0.16946875,0.3838055555555555,0.06504304774305555,0.4415484548020555
train,4,0.134484375,0.3001666666666667,0.0403677265625,0.4480323431426984
train,1,0.047859374999999996,0.08205555555555555,0.003927127604166666,0.5832557549085985
train,2,0.166015625,0.6394722222222222,0.10616238064236111,0.2596135050605968
train,4,0.338140625,0.3645833333333333,0.12328043619791665,0.9274714285714285
train,4,0.20465624999999998,0.3388611111111111,0.06935004427083333,0.6039531928846626
train,0,0.09471874999999999,0.1951111111111111,0.018480680555555552,0.4854605637813212
train,4,0.1753125,0.41425,0.07262320312500001,0.4232045866022933
train,1,0.07475000000000001,0.11166666666666668,0.008347083333333335,0.6694029850746269
train,4,0.27121875,0.7833333333333333,0.21245468750000002,0.3462367021276596
train,2,0.515125,0.35480555555555554,0.18276921180555555,1.4518515618883585
train,4,0.20465624999999998,0.3388611111111111,0.06935004427083333,0.6039531928846626
train,4,0.16946875,0.3838055555555555,0.06504304774305555,0.4415484548020555
train,4,0.134484375,0.3001666666666667,0.0403677265625,0.4480323431426984
train,1,0.047859374999999996,0.08205555555555555,0.003927127604166666,0.5832557549085985
train,4,0.27121875,0.7833333333333333,0.21245468750000002,0.3462367021276596
train,4,0.515125,0.35480555555555554,0.18276921180555555,1.4518515618883585
train,4,0.20465624999999998,0.3388611111111111,0.06935004427083333,0.6039531928846626
train,4,0.16946875,0.3838055555555555,0.06504304774305555,0.4415484548020555
train,4,0.134484375,0.3001666666666667,0.0403677265625,0.4480323431426984
train,4,0.27121875,0.7833333333333333,0.21245468750000002,0.3462367021276596
train,4,0.515125,0.35480555555555554,0.18276921180555555,1.4518515618883585
train,4,0.20465624999999998,0.3388611111111111,0.06935004427083333,0.6039531928846626
train,4,0.16946875,0.3838055555555555,0.06504304774305555,0.4415484548020555
train,4,0.134484375,0.3001666666666667,0.0403677265625,0.4480323431426984
train,4,0.27121875,0.7833333333333333,0.21245468750000002,0.3462367021276596
train,4,0.515125,0.35480555555555554,0.18276921180555555,1.4518515618883585
train,4,0.20465624999999998,0.3388611111111111,0.06935004427083333,0.6039531928846626
train,4,0.16946875,0.3838055555555555,0.06504304774305555,0.4415484548020555
train,4,0.134484375,0.3001666666666667,0.0403677265625,0.4480323431426984
train,4,0.27121875,0.7833333333333333,0.21245468750000002,0.3462367021276596
train,4,0.4185,0.36872222222222223,0.15431025,1.1350007533524182
train,4,0.20465624999999998,0.3388611111111111,0.06935004427083333,0.6039531928846626
train,4,0.16946875,0.3838055555555555,0.06504304774305555,0.4415484548020555
train,4,0.134484375,0.3001666666666667,0.0403677265625,0.4480323431426984
train,4,0.27121875,0.7833333333333333,0.21245468750000002,0.3462367021276596
train,4,0.4185,0.36872222222222223,0.15431025,1.1350007533524182
train,4,0.20465624999999998,0.3388611111111111,0.06935004427083333,0.6039531928846626
train,4,0.16946875,0.3838055555555555,0.06504304774305555,0.4415484548020555
train,4,0.134484375,0.3001666666666667,0.0403677265625,0.4480323431426984
train,4,0.27121875,0.7833333333333333,0.21245468750000002,0.3462367021276596
train,4,0.4185,0.36872222222222223,0.15431025,1.1350007533524182
train,4,0.20465624999999998,0.3388611111111111,0.06935004427083333,0.6039531928846626
train,4,0.16946875,0.3838055555555555,0.06504304774305555,0.4415484548020555
train,4,0.134484375,0.3001666666666667,0.0403677265625,0.4480323431426984
train,4,0.27121875,0.7833333333333333,0.21245468750000002,0.3462367021276596
train,4,0.4185,0.36872222222222223,0.15431025,1.1350007533524182
train,4,0.20465624999999998,0.3388611111111111,0.06935004427083333,0.6039531928846626
train,4,0.16946875,0.3838055555555555,0.06504304774305555,0.4415484548020555
train,4,0.134484375,0.3001666666666667,0.0403677265625,0.4480323431426984
train,4,0.27121875,0.7833333333333333,0.21245468750000002,0.3462367021276596
train,4,0.4185,0.36872222222222223,0.15431025,1.1350007533524182
train,4,0.20465624999999998,0.3388611111111111,0.06935004427083333,0.6039531928846626
train,4,0.16946875,0.3838055555555555,0.06504304774305555,0.4415484548020555
train,4,0.134484375,0.3001666666666667,0.0403677265625,0.4480323431426984
train,4,0.27121875,0.7833333333333333,0.21245468750000002,0.3462367021276596
train,4,0.4185,0.36872222222222223,0.15431025,1.1350007533524182
train,4,0.20465624999999998,0.3388611111111111,0.06935004427083333,0.6039531928846626
train,4,0.16946875,0.3838055555555555,0.06504304774305555,0.4415484548020555
train,4,0.134484375,0.3001666666666667,0.0403677265625,0.4480323431426984
train,4,0.27121875,0.7833333333333333,0.21245468750000002,0.3462367021276596
train,4,0.4185,0.36872222222222223,0.15431025,1.1350007533524182
train,4,0.20465624999999998,0.3388611111111111,0.06935004427083333,0.6039531928846626
train,4,0.16946875,0.3838055555555555,0.06504304774305555,0.4415484548020555
train,4,0.134484375,0.3001666666666667,0.0403677265625,0.4480323431426984
train,2,0.166015625,0.6394722222222222,0.10616238064236111,0.2596135050605968
train,4,0.338140625,0.3645833333333333,0.12328043619791665,0.9274714285714285
train,4,0.20465624999999998,0.3388611111111111,0.06935004427083333,0.6039531928846626
train,0,0.09471874999999999,0.1951111111111111,0.018480680555555552,0.4854605637813212
train,4,0.1753125,0.41425,0.07262320312500001,0.4232045866022933
train,1,0.07475000000000001,0.11166666666666668,0.008347083333333335,0.6694029850746269
train,4,0.27121875,0.7833333333333333,0.21245468750000002,0.3462367021276596
train,4,0.4185,0.36872222222222223,0.15431025,1.1350007533524182
train,4,0.20465624999999998,0.3388611111111111,0.06935004427083333,0.6039531928846626
train,4,0.16946875,0.3838055555555555,0.06504304774305555,0.4415484548020555
train,4,0.134484375,0.3001666666666667,0.0403677265625,0.4480323431426984
train,4,0.27121875,0.7833333333333333,0.21245468750000002,0.3462367021276596
train,4,0.4185,0.36872222222222223,0.15431025,1.1350007533524182
train,4,0.20465624999999998,0.3388611111111111,0.06935004427083333,0.6039531928846626
train,4,0.16946875,0.3838055555555555,0.06504304774305555,0.4415484548020555
train,4,0.134484375,0.3001666666666667,0.0403677265625,0.4480323431426984
train,4,0.27121875,0.7833333333333333,0.21245468750000002,0.3462367021276596
train,4,0.4185,0.36872222222222223,0.15431025,1.1350007533524182
train,4,0.20465624999999998,0.3388611111111111,0.06935004427083333,0.6039531928846626
train,4,0.16946875,0.3838055555555555,0.06504304774305555,0.4415484548020555
train,4,0.134484375,0.3001666666666667,0.0403677265625,0.4480323431426984
train,4,0.27121875,0.7833333333333333,0.21245468750000002,0.3462367021276596
train,4,0.4185,0.36872222222222223,0.15431025,1.1350007533524182
train,4,0.20465624999999998,0.3388611111111111,0.06935004427083333,0.6039531928846626
train,4,0.142,0.3110555555555556,0.04416988888888889,0.45651009108769414
train,4,0.134484375,0.3001666666666667,0.0403677265625,0.4480323431426984
train,4,0.27121875,0.7833333333333333,0.21245468750000002,0.3462367021276596
train,4,0.4185,0.36872222222222223,0.15431025,1.1350007533524182
train,4,0.20465624999999998,0.3388611111111111,0.06935004427083333,0.6039531928846626
train,4,0.142,0.3110555555555556,0.04416988888888889,0.45651009108769414
train,4,0.134484375,0.3001666666666667,0.0403677265625,0.4480323431426984
train,4,0.27121875,0.7833333333333333,0.21245468750000002,0.3462367021276596
train,4,0.4185,0.36872222222222223,0.15431025,1.1350007533524182
train,4,0.20465624999999998,0.3388611111111111,0.06935004427083333,0.6039531928846626
train,4,0.142,0.3110555555555556,0.04416988888888889,0.45651009108769414
train,4,0.134484375,0.3001666666666667,0.0403677265625,0.4480323431426984
train,4,0.27121875,0.7833333333333333,0.21245468750000002,0.3462367021276596
train,4,0.4185,0.36872222222222223,0.15431025,1.1350007533524182
train,4,0.20465624999999998,0.3388611111111111,0.06935004427083333,0.6039531928846626
train,4,0.142,0.3110555555555556,0.04416988888888889,0.45651009108769414
train,4,0.134484375,0.3001666666666667,0.0403677265625,0.4480323431426984
train,4,0.27121875,0.7833333333333333,0.21245468750000002,0.3462367021276596
train,4,0.4185,0.36872222222222223,0.15431025,1.1350007533524182
train,4,0.20465624999999998,0.3388611111111111,0.06935004427083333,0.6039531928846626
train,4,0.142,0.3110555555555556,0.04416988888888889,0.45651009108769414
train,4,0.134484375,0.3001666666666667,0.0403677265625,0.4480323431426984
train,4,0.27121875,0.7833333333333333,0.21245468750000002,0.3462367021276596
train,4,0.4185,0.36872222222222223,0.15431025,1.1350007533524182
train,4,0.20465624999999998,0.3388611111111111,0.06935004427083333,0.6039531928846626
train,4,0.185078125,0.40822222222222226,0.07555300347222223,0.4533759186173108
train,4,0.134484375,0.3001666666666667,0.0403677265625,0.4480323431426984
train,4,0.27121875,0.7833333333333333,0.21245468750000002,0.3462367021276596
train,4,0.4185,0.36872222222222223,0.15431025,1.1350007533524182
train,4,0.20465624999999998,0.3388611111111111,0.06935004427083333,0.6039531928846626
train,4,0.185078125,0.40822222222222226,0.07555300347222223,0.4533759186173108
train,4,0.134484375,0.3001666666666667,0.0403677265625,0.4480323431426984
train,4,0.27121875,0.7833333333333333,0.21245468750000002,0.3462367021276596
train,4,0.4185,0.36872222222222223,0.15431025,1.1350007533524182
train,4,0.20465624999999998,0.3388611111111111,0.06935004427083333,0.6039531928846626
train,4,0.185078125,0.40822222222222226,0.07555300347222223,0.4533759186173108
train,4,0.134484375,0.3001666666666667,0.0403677265625,0.4480323431426984
train,4,0.27121875,0.7833333333333333,0.21245468750000002,0.3462367021276596
train,4,0.4185,0.36872222222222223,0.15431025,1.1350007533524182
train,4,0.20465624999999998,0.3388611111111111,0.06935004427083333,0.6039531928846626
train,4,0.185078125,0.40822222222222226,0.07555300347222223,0.4533759186173108
train,4,0.134484375,0.3001666666666667,0.0403677265625,0.4480323431426984
train,4,0.21442187499999998,0.8847777777777778,0.18971571006944443,0.24234545711415295
train,4,0.338140625,0.3645833333333333,0.12328043619791665,0.9274714285714285
train,4,0.20465624999999998,0.3388611111111111,0.06935004427083333,0.6039531928846626
train,0,0.09471874999999999,0.1951111111111111,0.018480680555555552,0.4854605637813212
train,4,0.1753125,0.41425,0.07262320312500001,0.4232045866022933
train,4,0.162421875,0.36624999999999996,0.05948701171874999,0.4434726962457338
train,4,0.27121875,0.7833333333333333,0.21245468750000002,0.3462367021276596
train,4,0.4185,0.36872222222222223,0.15431025,1.1350007533524182
train,4,0.20465624999999998,0.3388611111111111,0.06935004427083333,0.6039531928846626
train,4,0.134484375,0.3001666666666667,0.0403677265625,0.4480323431426984
train,4,0.301,0.4271111111111111,0.12856044444444445,0.7047346514047866
train,4,0.27121875,0.7833333333333333,0.21245468750000002,0.3462367021276596
train,4,0.4185,0.36872222222222223,0.15431025,1.1350007533524182
train,4,0.20465624999999998,0.3388611111111111,0.06935004427083333,0.6039531928846626
train,4,0.134484375,0.3001666666666667,0.0403677265625,0.4480323431426984
train,4,0.301,0.4271111111111111,0.12856044444444445,0.7047346514047866
train,4,0.27121875,0.7833333333333333,0.21245468750000002,0.3462367021276596
train,4,0.4185,0.36872222222222223,0.15431025,1.1350007533524182
train,4,0.20465624999999998,0.3388611111111111,0.06935004427083333,0.6039531928846626
train,4,0.134484375,0.3001666666666667,0.0403677265625,0.4480323431426984
train,4,0.301,0.4271111111111111,0.12856044444444445,0.7047346514047866
train,2,0.359515625,0.7181388888888888,0.2581821514756944,0.5006213012029552
train,4,0.4185,0.36872222222222223,0.15431025,1.1350007533524182
train,4,0.20465624999999998,0.3388611111111111,0.06935004427083333,0.6039531928846626
train,4,0.134484375,0.3001666666666667,0.0403677265625,0.4480323431426984
train,2,0.301,0.4271111111111111,0.12856044444444445,0.7047346514047866
train,1,0.054359375,0.08327777777777778,0.00452692795138889,0.6527476651100733
train,1,0.052390625,0.08183333333333334,0.004287299479166668,0.6402113034623218
train,4,0.21442187499999998,0.8847777777777778,0.18971571006944443,0.24234545711415295
train,4,0.338140625,0.3645833333333333,0.12328043619791665,0.9274714285714285
train,4,0.20465624999999998,0.3388611111111111,0.06935004427083333,0.6039531928846626
train,0,0.09471874999999999,0.1951111111111111,0.018480680555555552,0.4854605637813212
train,4,0.1753125,0.41425,0.07262320312500001,0.4232045866022933
train,4,0.20201562499999998,0.3324444444444445,0.06715897222222222,0.6076673211898395
train,2,0.36517187500000003,0.6880277777777778,0.25124839366319446,0.5307516452016634
train,4,0.4185,0.36872222222222223,0.15431025,1.1350007533524182
train,4,0.20465624999999998,0.3388611111111111,0.06935004427083333,0.6039531928846626
train,4,0.134484375,0.3001666666666667,0.0403677265625,0.4480323431426984
train,2,0.253640625,0.4271111111111111,0.10833272916666667,0.5938516194068679
train,1,0.054359375,0.08327777777777778,0.00452692795138889,0.6527476651100733
train,1,0.02471875,0.06461111111111112,0.001597105902777778,0.3825773860705073
train,2,0.34471875,0.6674722222222222,0.23009019010416668,0.5164540763244413
train,4,0.4185,0.36872222222222223,0.15431025,1.1350007533524182
train,4,0.20465624999999998,0.3388611111111111,0.06935004427083333,0.6039531928846626
train,4,0.134484375,0.3001666666666667,0.0403677265625,0.4480323431426984
train,5,0.253640625,0.4271111111111111,0.10833272916666667,0.5938516194068679
train,1,0.029765625,0.04886111111111111,0.0014543815104166666,0.6091884593519045
train,2,0.353875,0.6801944444444444,0.24070380902777777,0.5202556458529015
train,4,0.4185,0.36872222222222223,0.15431025,1.1350007533524182
train,4,0.20465624999999998,0.3388611111111111,0.06935004427083333,0.6039531928846626
train,4,0.134484375,0.3001666666666667,0.0403677265625,0.4480323431426984
train,5,0.253640625,0.4271111111111111,0.10833272916666667,0.5938516194068679
train,1,0.03371875,0.07205555555555555,0.0024296232638888887,0.46795489591364686
train,2,0.35790625,0.6893333333333334,0.24671670833333334,0.5192063588007737
train,4,0.4185,0.36872222222222223,0.15431025,1.1350007533524182
train,4,0.20465624999999998,0.3388611111111111,0.06935004427083333,0.6039531928846626
train,4,0.134484375,0.3001666666666667,0.0403677265625,0.4480323431426984
train,5,0.1968125,0.41733333333333333,0.08213641666666667,0.47159544728434505
train,1,0.028453125000000003,0.06938888888888889,0.001974330729166667,0.4100530424339472
train,2,0.35790625,0.6893333333333334,0.24671670833333334,0.5192063588007737
train,4,0.4185,0.36872222222222223,0.15431025,1.1350007533524182
train,4,0.20465624999999998,0.3388611111111111,0.06935004427083333,0.6039531928846626
train,4,0.134484375,0.3001666666666667,0.0403677265625,0.4480323431426984
train,5,0.1968125,0.41733333333333333,0.08213641666666667,0.47159544728434505
train,1,0.028453125000000003,0.06938888888888889,0.001974330729166667,0.4100530424339472
train,2,0.35790625,0.6893333333333334,0.24671670833333334,0.5192063588007737
train,4,0.4185,0.36872222222222223,0.15431025,1.1350007533524182
train,4,0.20465624999999998,0.3388611111111111,0.06935004427083333,0.6039531928846626
train,4,0.134484375,0.3001666666666667,0.0403677265625,0.4480323431426984
train,4,0.1968125,0.41733333333333333,0.08213641666666667,0.47159544728434505
train,1,0.028453125000000003,0.06938888888888889,0.001974330729166667,0.4100530424339472
train,2,0.35790625,0.6893333333333334,0.24671670833333334,0.5192063588007737
train,4,0.4185,0.36872222222222223,0.15431025,1.1350007533524182
train,4,0.20465624999999998,0.3388611111111111,0.06935004427083333,0.6039531928846626
train,4,0.134484375,0.3001666666666667,0.0403677265625,0.4480323431426984
train,4,0.1968125,0.41733333333333333,0.08213641666666667,0.47159544728434505
train,1,0.028453125000000003,0.06938888888888889,0.001974330729166667,0.4100530424339472
train,2,0.35790625,0.6893333333333334,0.24671670833333334,0.5192063588007737
train,4,0.4185,0.36872222222222223,0.15431025,1.1350007533524182
train,4,0.20465624999999998,0.3388611111111111,0.06935004427083333,0.6039531928846626
train,4,0.134484375,0.3001666666666667,0.0403677265625,0.4480323431426984
train,4,0.1968125,0.41733333333333333,0.08213641666666667,0.47159544728434505
train,1,0.028453125000000003,0.06938888888888889,0.001974330729166667,0.4100530424339472
train,4,0.21442187499999998,0.8847777777777778,0.18971571006944443,0.24234545711415295
train,4,0.338140625,0.3645833333333333,0.12328043619791665,0.9274714285714285
train,4,0.20465624999999998,0.3388611111111111,0.06935004427083333,0.6039531928846626
train,0,0.09471874999999999,0.1951111111111111,0.018480680555555552,0.4854605637813212
train,4,0.1753125,0.41425,0.07262320312500001,0.4232045866022933
train,4,0.18270312500000002,0.37319444444444444,0.0681837912326389,0.48956550055824344
train,2,0.35790625,0.6893333333333334,0.24671670833333334,0.5192063588007737
train,4,0.4185,0.36872222222222223,0.15431025,1.1350007533524182
train,4,0.20465624999999998,0.3388611111111111,0.06935004427083333,0.6039531928846626
train,4,0.134484375,0.3001666666666667,0.0403677265625,0.4480323431426984
train,2,0.312359375,0.41733333333333333,0.13035797916666667,0.7484649560702875
train,1,0.028453125000000003,0.06938888888888889,0.001974330729166667,0.4100530424339472
train,1,0.026546874999999998,0.04961111111111111,0.0013170199652777776,0.5350993840985442
train,2,0.35790625,0.6893333333333334,0.24671670833333334,0.5192063588007737
train,4,0.4185,0.36872222222222223,0.15431025,1.1350007533524182
train,4,0.20465624999999998,0.3388611111111111,0.06935004427083333,0.6039531928846626
train,4,0.134484375,0.3001666666666667,0.0403677265625,0.4480323431426984
train,2,0.312359375,0.41733333333333333,0.13035797916666667,0.7484649560702875
train,1,0.028453125000000003,0.06938888888888889,0.001974330729166667,0.4100530424339472
train,1,0.0326875,0.06783333333333334,0.0022173020833333337,0.48187960687960685
train,2,0.35790625,0.6893333333333334,0.24671670833333334,0.5192063588007737
train,4,0.4185,0.36872222222222223,0.15431025,1.1350007533524182
train,4,0.20465624999999998,0.3388611111111111,0.06935004427083333,0.6039531928846626
train,4,0.134484375,0.3001666666666667,0.0403677265625,0.4480323431426984
train,4,0.312359375,0.41733333333333333,0.13035797916666667,0.7484649560702875
train,1,0.028453125000000003,0.06938888888888889,0.001974330729166667,0.4100530424339472
train,2,0.35790625,0.6893333333333334,0.24671670833333334,0.5192063588007737
train,4,0.4185,0.36872222222222223,0.15431025,1.1350007533524182
train,4,0.20465624999999998,0.3388611111111111,0.06935004427083333,0.6039531928846626
train,4,0.134484375,0.3001666666666667,0.0403677265625,0.4480323431426984
train,4,0.312359375,0.41733333333333333,0.13035797916666667,0.7484649560702875
train,1,0.028453125000000003,0.06938888888888889,0.001974330729166667,0.4100530424339472
train,2,0.35790625,0.6893333333333334,0.24671670833333334,0.5192063588007737
train,4,0.4185,0.36872222222222223,0.15431025,1.1350007533524182
train,4,0.20465624999999998,0.3388611111111111,0.06935004427083333,0.6039531928846626
train,4,0.134484375,0.3001666666666667,0.0403677265625,0.4480323431426984
train,4,0.312359375,0.41733333333333333,0.13035797916666667,0.7484649560702875
train,1,0.028453125000000003,0.06938888888888889,0.001974330729166667,0.4100530424339472
train,2,0.35790625,0.6893333333333334,0.24671670833333334,0.5192063588007737
train,4,0.4185,0.36872222222222223,0.15431025,1.1350007533524182
train,4,0.20465624999999998,0.3388611111111111,0.06935004427083333,0.6039531928846626
train,4,0.134484375,0.3001666666666667,0.0403677265625,0.4480323431426984
train,4,0.312359375,0.41733333333333333,0.13035797916666667,0.7484649560702875
train,1,0.028453125000000003,0.06938888888888889,0.001974330729166667,0.4100530424339472
train,4,0.21442187499999998,0.8847777777777778,0.18971571006944443,0.24234545711415295
train,4,0.338140625,0.3645833333333333,0.12328043619791665,0.9274714285714285
train,4,0.20465624999999998,0.3388611111111111,0.06935004427083333,0.6039531928846626
train,0,0.09471874999999999,0.1951111111111111,0.018480680555555552,0.4854605637813212
train,4,0.1753125,0.41425,0.07262320312500001,0.4232045866022933
train,4,0.1331875,0.3431944444444444,0.045709210069444436,0.38808174828004854
train,2,0.35790625,0.6893333333333334,0.24671670833333334,0.5192063588007737
train,4,0.4185,0.36872222222222223,0.15431025,1.1350007533524182
train,4,0.20465624999999998,0.3388611111111111,0.06935004427083333,0.6039531928846626
train,4,0.134484375,0.3001666666666667,0.0403677265625,0.4480323431426984
train,4,0.312359375,0.41733333333333333,0.13035797916666667,0.7484649560702875
train,1,0.028453125000000003,0.06938888888888889,0.001974330729166667,0.4100530424339472
train,2,0.35790625,0.6893333333333334,0.24671670833333334,0.5192063588007737
train,4,0.4185,0.36872222222222223,0.15431025,1.1350007533524182
train,4,0.20465624999999998,0.3388611111111111,0.06935004427083333,0.6039531928846626
train,4,0.134484375,0.3001666666666667,0.0403677265625,0.4480323431426984
train,4,0.312359375,0.41733333333333333,0.13035797916666667,0.7484649560702875
train,1,0.028453125000000003,0.06938888888888889,0.001974330729166667,0.4100530424339472
train,2,0.35790625,0.6893333333333334,0.24671670833333334,0.5192063588007737
train,4,0.4185,0.36872222222222223,0.15431025,1.1350007533524182
train,4,0.20465624999999998,0.3388611111111111,0.06935004427083333,0.6039531928846626
train,4,0.134484375,0.3001666666666667,0.0403677265625,0.4480323431426984
train,2,0.312359375,0.41733333333333333,0.13035797916666667,0.7484649560702875
train,1,0.028453125000000003,0.06938888888888889,0.001974330729166667,0.4100530424339472
train,1,0.035203125,0.05991666666666667,0.00210925390625,0.5875347705146037
train,2,0.35790625,0.6893333333333334,0.24671670833333334,0.5192063588007737
train,4,0.4185,0.36872222222222223,0.15431025,1.1350007533524182
train,4,0.20465624999999998,0.3388611111111111,0.06935004427083333,0.6039531928846626
train,4,0.134484375,0.3001666666666667,0.0403677265625,0.4480323431426984
train,2,0.24114062500000003,0.41733333333333333,0.10063602083333334,0.577812999201278
train,1,0.028453125000000003,0.06938888888888889,0.001974330729166667,0.4100530424339472
train,1,0.035203125,0.05991666666666667,0.00210925390625,0.5875347705146037
train,2,0.35790625,0.6893333333333334,0.24671670833333334,0.5192063588007737
train,4,0.4185,0.36872222222222223,0.15431025,1.1350007533524182
train,4,0.20465624999999998,0.3388611111111111,0.06935004427083333,0.6039531928846626
train,4,0.134484375,0.3001666666666667,0.0403677265625,0.4480323431426984
train,2,0.24114062500000003,0.41733333333333333,0.10063602083333334,0.577812999201278
train,1,0.028453125000000003,0.06938888888888889,0.001974330729166667,0.4100530424339472
train,1,0.035203125,0.05991666666666667,0.00210925390625,0.5875347705146037
train,2,0.35790625,0.6893333333333334,0.24671670833333334,0.5192063588007737
train,4,0.4185,0.36872222222222223,0.15431025,1.1350007533524182
train,4,0.20465624999999998,0.3388611111111111,0.06935004427083333,0.6039531928846626
train,4,0.134484375,0.3001666666666667,0.0403677265625,0.4480323431426984
train,2,0.24114062500000003,0.41733333333333333,0.10063602083333334,0.577812999201278
train,1,0.028453125000000003,0.06938888888888889,0.001974330729166667,0.4100530424339472
train,1,0.035203125,0.05991666666666667,0.00210925390625,0.5875347705146037
train,2,0.35790625,0.6893333333333334,0.24671670833333334,0.5192063588007737
train,4,0.4185,0.36872222222222223,0.15431025,1.1350007533524182
train,4,0.20465624999999998,0.3388611111111111,0.06935004427083333,0.6039531928846626
train,4,0.134484375,0.3001666666666667,0.0403677265625,0.4480323431426984
train,4,0.24114062500000003,0.41733333333333333,0.10063602083333334,0.577812999201278
train,1,0.028453125000000003,0.06938888888888889,0.001974330729166667,0.4100530424339472
train,2,0.35790625,0.6893333333333334,0.24671670833333334,0.5192063588007737
train,4,0.4185,0.36872222222222223,0.15431025,1.1350007533524182
train,4,0.20465624999999998,0.3388611111111111,0.06935004427083333,0.6039531928846626
train,4,0.134484375,0.3001666666666667,0.0403677265625,0.4480323431426984
train,4,0.24114062500000003,0.41733333333333333,0.10063602083333334,0.577812999201278
train,1,0.028453125000000003,0.06938888888888889,0.001974330729166667,0.4100530424339472
train,2,0.35790625,0.6893333333333334,0.24671670833333334,0.5192063588007737
train,4,0.4185,0.36872222222222223,0.15431025,1.1350007533524182
train,4,0.20465624999999998,0.3388611111111111,0.06935004427083333,0.6039531928846626
train,4,0.134484375,0.3001666666666667,0.0403677265625,0.4480323431426984
train,4,0.24114062500000003,0.41733333333333333,0.10063602083333334,0.577812999201278
train,1,0.028453125000000003,0.06938888888888889,0.001974330729166667,0.4100530424339472
train,2,0.35790625,0.6893333333333334,0.24671670833333334,0.5192063588007737
train,4,0.4185,0.36872222222222223,0.15431025,1.1350007533524182
train,4,0.20465624999999998,0.3388611111111111,0.06935004427083333,0.6039531928846626
train,4,0.134484375,0.3001666666666667,0.0403677265625,0.4480323431426984
train,5,0.24114062500000003,0.41733333333333333,0.10063602083333334,0.577812999201278
train,1,0.028453125000000003,0.06938888888888889,0.001974330729166667,0.4100530424339472
train,2,0.35790625,0.6893333333333334,0.24671670833333334,0.5192063588007737
train,4,0.4185,0.36872222222222223,0.15431025,1.1350007533524182
train,4,0.20465624999999998,0.3388611111111111,0.06935004427083333,0.6039531928846626
train,4,0.134484375,0.3001666666666667,0.0403677265625,0.4480323431426984
train,5,0.24114062500000003,0.41733333333333333,0.10063602083333334,0.577812999201278
train,1,0.028453125000000003,0.06938888888888889,0.001974330729166667,0.4100530424339472
train,2,0.35790625,0.6893333333333334,0.24671670833333334,0.5192063588007737
train,4,0.4185,0.36872222222222223,0.15431025,1.1350007533524182
train,4,0.20465624999999998,0.3388611111111111,0.06935004427083333,0.6039531928846626
train,4,0.134484375,0.3001666666666667,0.0403677265625,0.4480323431426984
train,5,0.24114062500000003,0.41733333333333333,0.10063602083333334,0.577812999201278
train,1,0.028453125000000003,0.06938888888888889,0.001974330729166667,0.4100530424339472
train,2,0.35790625,0.6893333333333334,0.24671670833333334,0.5192063588007737
train,4,0.4185,0.36872222222222223,0.15431025,1.1350007533524182
train,4,0.20465624999999998,0.3388611111111111,0.06935004427083333,0.6039531928846626
train,4,0.134484375,0.3001666666666667,0.0403677265625,0.4480323431426984
train,5,0.24114062500000003,0.41733333333333333,0.10063602083333334,0.577812999201278
train,1,0.028453125000000003,0.06938888888888889,0.001974330729166667,0.4100530424339472
train,4,0.35790625,0.6893333333333334,0.24671670833333334,0.5192063588007737
train,4,0.4185,0.36872222222222223,0.15431025,1.1350007533524182
train,4,0.20465624999999998,0.3388611111111111,0.06935004427083333,0.6039531928846626
train,4,0.134484375,0.3001666666666667,0.0403677265625,0.4480323431426984
train,5,0.24114062500000003,0.41733333333333333,0.10063602083333334,0.577812999201278
train,4,0.35790625,0.6893333333333334,0.24671670833333334,0.5192063588007737
train,4,0.4185,0.36872222222222223,0.15431025,1.1350007533524182
train,4,0.20465624999999998,0.3388611111111111,0.06935004427083333,0.6039531928846626
train,4,0.134484375,0.3001666666666667,0.0403677265625,0.4480323431426984
train,4,0.1505,0.4281388888888889,0.06443490277777777,0.35152144293777976
train,4,0.35790625,0.6893333333333334,0.24671670833333334,0.5192063588007737
train,4,0.4185,0.36872222222222223,0.15431025,1.1350007533524182
train,4,0.20465624999999998,0.3388611111111111,0.06935004427083333,0.6039531928846626
train,4,0.134484375,0.3001666666666667,0.0403677265625,0.4480323431426984
train,4,0.1505,0.4281388888888889,0.06443490277777777,0.35152144293777976
train,4,0.35790625,0.6893333333333334,0.24671670833333334,0.5192063588007737
train,4,0.4185,0.36872222222222223,0.15431025,1.1350007533524182
train,4,0.20465624999999998,0.3388611111111111,0.06935004427083333,0.6039531928846626
train,4,0.134484375,0.3001666666666667,0.0403677265625,0.4480323431426984
train,4,0.1505,0.4281388888888889,0.06443490277777777,0.35152144293777976
train,4,0.35790625,0.6893333333333334,0.24671670833333334,0.5192063588007737
train,4,0.4185,0.36872222222222223,0.15431025,1.1350007533524182
train,4,0.20465624999999998,0.3388611111111111,0.06935004427083333,0.6039531928846626
train,4,0.134484375,0.3001666666666667,0.0403677265625,0.4480323431426984
train,4,0.181390625,0.4281388888888889,0.07766038064236111,0.42367238694608444
train,4,0.35790625,0.6893333333333334,0.24671670833333334,0.5192063588007737
train,4,0.4185,0.36872222222222223,0.15431025,1.1350007533524182
train,4,0.20465624999999998,0.3388611111111111,0.06935004427083333,0.6039531928846626
train,4,0.134484375,0.3001666666666667,0.0403677265625,0.4480323431426984
train,4,0.242875,0.4281388888888889,0.1039842326388889,0.5672808668007526
train,4,0.35790625,0.6893333333333334,0.24671670833333334,0.5192063588007737
train,4,0.4185,0.36872222222222223,0.15431025,1.1350007533524182
train,4,0.20465624999999998,0.3388611111111111,0.06935004427083333,0.6039531928846626
train,4,0.134484375,0.3001666666666667,0.0403677265625,0.4480323431426984
train,4,0.242875,0.4281388888888889,0.1039842326388889,0.5672808668007526
train,4,0.35790625,0.6893333333333334,0.24671670833333334,0.5192063588007737
train,4,0.4185,0.36872222222222223,0.15431025,1.1350007533524182
train,4,0.20465624999999998,0.3388611111111111,0.06935004427083333,0.6039531928846626
train,4,0.134484375,0.3001666666666667,0.0403677265625,0.4480323431426984
train,5,0.203765625,0.4281388888888889,0.08723998828125,0.4759334652566016
train,4,0.35790625,0.6893333333333334,0.24671670833333334,0.5192063588007737
train,4,0.4185,0.36872222222222223,0.15431025,1.1350007533524182
train,4,0.20465624999999998,0.3388611111111111,0.06935004427083333,0.6039531928846626
train,4,0.134484375,0.3001666666666667,0.0403677265625,0.4480323431426984
train,5,0.203765625,0.4281388888888889,0.08723998828125,0.4759334652566016
train,4,0.35790625,0.6893333333333334,0.24671670833333334,0.5192063588007737
train,4,0.4185,0.36872222222222223,0.15431025,1.1350007533524182
train,4,0.20465624999999998,0.3388611111111111,0.06935004427083333,0.6039531928846626
train,4,0.134484375,0.3001666666666667,0.0403677265625,0.4480323431426984
train,5,0.203765625,0.4281388888888889,0.08723998828125,0.4759334652566016
train,4,0.35790625,0.6893333333333334,0.24671670833333334,0.5192063588007737
train,4,0.4185,0.36872222222222223,0.15431025,1.1350007533524182
train,4,0.20465624999999998,0.3388611111111111,0.06935004427083333,0.6039531928846626
train,4,0.134484375,0.3001666666666667,0.0403677265625,0.4480323431426984
train,5,0.203765625,0.4281388888888889,0.08723998828125,0.4759334652566016
train,4,0.35790625,0.6893333333333334,0.24671670833333334,0.5192063588007737
train,4,0.4185,0.36872222222222223,0.15431025,1.1350007533524182
train,4,0.20465624999999998,0.3388611111111111,0.06935004427083333,0.6039531928846626
train,4,0.134484375,0.3001666666666667,0.0403677265625,0.4480323431426984
train,5,0.203765625,0.4281388888888889,0.08723998828125,0.4759334652566016
train,4,0.35790625,0.6893333333333334,0.24671670833333334,0.5192063588007737
train,4,0.4185,0.36872222222222223,0.15431025,1.1350007533524182
train,4,0.20465624999999998,0.3388611111111111,0.06935004427083333,0.6039531928846626
train,4,0.134484375,0.3001666666666667,0.0403677265625,0.4480323431426984
train,5,0.203765625,0.4281388888888889,0.08723998828125,0.4759334652566016
train,4,0.35790625,0.6893333333333334,0.24671670833333334,0.5192063588007737
train,4,0.4185,0.36872222222222223,0.15431025,1.1350007533524182
train,4,0.20465624999999998,0.3388611111111111,0.06935004427083333,0.6039531928846626
train,4,0.134484375,0.3001666666666667,0.0403677265625,0.4480323431426984
train,4,0.203765625,0.4281388888888889,0.08723998828125,0.4759334652566016
train,4,0.35790625,0.6893333333333334,0.24671670833333334,0.5192063588007737
train,4,0.4185,0.36872222222222223,0.15431025,1.1350007533524182
train,4,0.20465624999999998,0.3388611111111111,0.06935004427083333,0.6039531928846626
train,4,0.134484375,0.3001666666666667,0.0403677265625,0.4480323431426984
train,4,0.203765625,0.4281388888888889,0.08723998828125,0.4759334652566016
train,4,0.35790625,0.6893333333333334,0.24671670833333334,0.5192063588007737
train,4,0.4185,0.36872222222222223,0.15431025,1.1350007533524182
train,4,0.20465624999999998,0.3388611111111111,0.06935004427083333,0.6039531928846626
train,4,0.134484375,0.3001666666666667,0.0403677265625,0.4480323431426984
train,4,0.203765625,0.4281388888888889,0.08723998828125,0.4759334652566016
train,4,0.35790625,0.6893333333333334,0.24671670833333334,0.5192063588007737
train,4,0.4185,0.36872222222222223,0.15431025,1.1350007533524182
train,4,0.20465624999999998,0.3388611111111111,0.06935004427083333,0.6039531928846626
train,4,0.134484375,0.3001666666666667,0.0403677265625,0.4480323431426984
train,4,0.203765625,0.4281388888888889,0.08723998828125,0.4759334652566016
train,4,0.21442187499999998,0.8847777777777778,0.18971571006944443,0.24234545711415295
train,4,0.338140625,0.3645833333333333,0.12328043619791665,0.9274714285714285
train,4,0.20465624999999998,0.3388611111111111,0.06935004427083333,0.6039531928846626
train,0,0.09471874999999999,0.1951111111111111,0.018480680555555552,0.4854605637813212
train,4,0.1753125,0.41425,0.07262320312500001,0.4232045866022933
train,4,0.15546875,0.2941666666666667,0.04573372395833333,0.5285056657223796
train,4,0.35790625,0.6893333333333334,0.24671670833333334,0.5192063588007737
train,4,0.4185,0.36872222222222223,0.15431025,1.1350007533524182
train,4,0.20465624999999998,0.3388611111111111,0.06935004427083333,0.6039531928846626
train,4,0.134484375,0.3001666666666667,0.0403677265625,0.4480323431426984
train,4,0.1771875,0.4912777777777778,0.08704828125000001,0.36066662897206825
train,4,0.35790625,0.6893333333333334,0.24671670833333334,0.5192063588007737
train,4,0.4185,0.36872222222222223,0.15431025,1.1350007533524182
train,4,0.20465624999999998,0.3388611111111111,0.06935004427083333,0.6039531928846626
train,4,0.134484375,0.3001666666666667,0.0403677265625,0.4480323431426984
train,4,0.1771875,0.4912777777777778,0.08704828125000001,0.36066662897206825
train,2,0.35790625,0.6893333333333334,0.24671670833333334,0.5192063588007737
train,4,0.4185,0.36872222222222223,0.15431025,1.1350007533524182
train,4,0.20465624999999998,0.3388611111111111,0.06935004427083333,0.6039531928846626
train,4,0.134484375,0.3001666666666667,0.0403677265625,0.4480323431426984
train,4,0.1771875,0.4912777777777778,0.08704828125000001,0.36066662897206825
train,1,0.04409375,0.07083333333333333,0.0031233072916666666,0.6225
train,2,0.35790625,0.6893333333333334,0.24671670833333334,0.5192063588007737
train,4,0.4185,0.36872222222222223,0.15431025,1.1350007533524182
train,4,0.20465624999999998,0.3388611111111111,0.06935004427083333,0.6039531928846626
train,4,0.134484375,0.3001666666666667,0.0403677265625,0.4480323431426984
train,4,0.1771875,0.4912777777777778,0.08704828125000001,0.36066662897206825
train,1,0.04409375,0.07083333333333333,0.0031233072916666666,0.6225
train,2,0.35790625,0.6893333333333334,0.24671670833333334,0.5192063588007737
train,4,0.4185,0.36872222222222223,0.15431025,1.1350007533524182
train,4,0.20465624999999998,0.3388611111111111,0.06935004427083333,0.6039531928846626
train,4,0.134484375,0.3001666666666667,0.0403677265625,0.4480323431426984
train,4,0.1771875,0.4912777777777778,0.08704828125000001,0.36066662897206825
train,1,0.04409375,0.07083333333333333,0.0031233072916666666,0.6225
train,2,0.3999375,0.6583055555555556,0.263281078125,0.6075256339929954
train,4,0.4185,0.36872222222222223,0.15431025,1.1350007533524182
train,4,0.20465624999999998,0.3388611111111111,0.06935004427083333,0.6039531928846626
train,4,0.134484375,0.3001666666666667,0.0403677265625,0.4480323431426984
train,4,0.1771875,0.4912777777777778,0.08704828125000001,0.36066662897206825
train,1,0.04409375,0.07083333333333333,0.0031233072916666666,0.6225
train,2,0.330171875,0.7186944444444445,0.23729269227430558,0.4594050747883894
train,4,0.4185,0.36872222222222223,0.15431025,1.1350007533524182
train,4,0.20465624999999998,0.3388611111111111,0.06935004427083333,0.6039531928846626
train,4,0.134484375,0.3001666666666667,0.0403677265625,0.4480323431426984
train,4,0.1771875,0.4912777777777778,0.08704828125000001,0.36066662897206825
train,1,0.04409375,0.07083333333333333,0.0031233072916666666,0.6225
train,4,0.21442187499999998,0.8847777777777778,0.18971571006944443,0.24234545711415295
train,4,0.338140625,0.3645833333333333,0.12328043619791665,0.9274714285714285
train,4,0.20465624999999998,0.3388611111111111,0.06935004427083333,0.6039531928846626
train,0,0.09471874999999999,0.1951111111111111,0.018480680555555552,0.4854605637813212
train,4,0.1753125,0.41425,0.07262320312500001,0.4232045866022933
train,4,0.15546875,0.2941666666666667,0.04573372395833333,0.5285056657223796
train,4,0.282703125,0.7049166666666667,0.19928214453125,0.4010447452417543
train,4,0.4185,0.36872222222222223,0.15431025,1.1350007533524182
train,4,0.20465624999999998,0.3388611111111111,0.06935004427083333,0.6039531928846626
train,4,0.134484375,0.3001666666666667,0.0403677265625,0.4480323431426984
train,4,0.1771875,0.4912777777777778,0.08704828125000001,0.36066662897206825
train,4,0.282703125,0.7049166666666667,0.19928214453125,0.4010447452417543
train,4,0.4185,0.36872222222222223,0.15431025,1.1350007533524182
train,4,0.20465624999999998,0.3388611111111111,0.06935004427083333,0.6039531928846626
train,4,0.134484375,0.3001666666666667,0.0403677265625,0.4480323431426984
train,4,0.1771875,0.4912777777777778,0.08704828125000001,0.36066662897206825
train,4,0.282703125,0.7049166666666667,0.19928214453125,0.4010447452417543
train,4,0.4185,0.36872222222222223,0.15431025,1.1350007533524182
train,4,0.20465624999999998,0.3388611111111111,0.06935004427083333,0.6039531928846626
train,4,0.134484375,0.3001666666666667,0.0403677265625,0.4480323431426984
train,4,0.1771875,0.4912777777777778,0.08704828125000001,0.36066662897206825
train,4,0.282703125,0.7049166666666667,0.19928214453125,0.4010447452417543
train,4,0.4185,0.36872222222222223,0.15431025,1.1350007533524182
train,4,0.20465624999999998,0.3388611111111111,0.06935004427083333,0.6039531928846626
train,4,0.134484375,0.3001666666666667,0.0403677265625,0.4480323431426984
train,4,0.1771875,0.4912777777777778,0.08704828125000001,0.36066662897206825
train,4,0.282703125,0.7049166666666667,0.19928214453125,0.4010447452417543
train,4,0.4185,0.36872222222222223,0.15431025,1.1350007533524182
train,4,0.20465624999999998,0.3388611111111111,0.06935004427083333,0.6039531928846626
train,4,0.134484375,0.3001666666666667,0.0403677265625,0.4480323431426984
train,4,0.1771875,0.4912777777777778,0.08704828125000001,0.36066662897206825
train,4,0.282703125,0.7049166666666667,0.19928214453125,0.4010447452417543
train,4,0.4185,0.36872222222222223,0.15431025,1.1350007533524182
train,4,0.20465624999999998,0.3388611111111111,0.06935004427083333,0.6039531928846626
train,4,0.134484375,0.3001666666666667,0.0403677265625,0.4480323431426984
train,4,0.1771875,0.4912777777777778,0.08704828125000001,0.36066662897206825
train,4,0.21442187499999998,0.8847777777777778,0.18971571006944443,0.24234545711415295
train,4,0.338140625,0.3645833333333333,0.12328043619791665,0.9274714285714285
train,4,0.20465624999999998,0.3388611111111111,0.06935004427083333,0.6039531928846626
train,0,0.09471874999999999,0.1951111111111111,0.018480680555555552,0.4854605637813212
train,4,0.1753125,0.41425,0.07262320312500001,0.4232045866022933
train,4,0.15546875,0.2941666666666667,0.04573372395833333,0.5285056657223796
train,4,0.282703125,0.7049166666666667,0.19928214453125,0.4010447452417543
train,4,0.4185,0.36872222222222223,0.15431025,1.1350007533524182
train,4,0.20465624999999998,0.3388611111111111,0.06935004427083333,0.6039531928846626
train,4,0.134484375,0.3001666666666667,0.0403677265625,0.4480323431426984
train,4,0.1771875,0.4912777777777778,0.08704828125000001,0.36066662897206825
train,4,0.282703125,0.7049166666666667,0.19928214453125,0.4010447452417543
train,4,0.4185,0.36872222222222223,0.15431025,1.1350007533524182
train,4,0.20465624999999998,0.3388611111111111,0.06935004427083333,0.6039531928846626
train,4,0.134484375,0.3001666666666667,0.0403677265625,0.4480323431426984
train,4,0.1771875,0.4912777777777778,0.08704828125000001,0.36066662897206825
train,4,0.282703125,0.7049166666666667,0.19928214453125,0.4010447452417543
train,4,0.4185,0.36872222222222223,0.15431025,1.1350007533524182
train,4,0.20465624999999998,0.3388611111111111,0.06935004427083333,0.6039531928846626
train,4,0.134484375,0.3001666666666667,0.0403677265625,0.4480323431426984
train,4,0.1771875,0.4912777777777778,0.08704828125000001,0.36066662897206825
train,4,0.282703125,0.7049166666666667,0.19928214453125,0.4010447452417543
train,4,0.4185,0.36872222222222223,0.15431025,1.1350007533524182
train,4,0.20465624999999998,0.3388611111111111,0.06935004427083333,0.6039531928846626
train,4,0.134484375,0.3001666666666667,0.0403677265625,0.4480323431426984
train,4,0.1771875,0.4912777777777778,0.08704828125000001,0.36066662897206825
train,4,0.282703125,0.7049166666666667,0.19928214453125,0.4010447452417543
train,4,0.4185,0.36872222222222223,0.15431025,1.1350007533524182
train,4,0.20465624999999998,0.3388611111111111,0.06935004427083333,0.6039531928846626
train,4,0.134484375,0.3001666666666667,0.0403677265625,0.4480323431426984
train,4,0.1771875,0.4912777777777778,0.08704828125000001,0.36066662897206825
train,4,0.282703125,0.7049166666666667,0.19928214453125,0.4010447452417543
train,4,0.4185,0.36872222222222223,0.15431025,1.1350007533524182
train,4,0.20465624999999998,0.3388611111111111,0.06935004427083333,0.6039531928846626
train,4,0.134484375,0.3001666666666667,0.0403677265625,0.4480323431426984
train,4,0.1771875,0.4912777777777778,0.08704828125000001,0.36066662897206825
train,4,0.282703125,0.7049166666666667,0.19928214453125,0.4010447452417543
train,4,0.4185,0.36872222222222223,0.15431025,1.1350007533524182
train,4,0.20465624999999998,0.3388611111111111,0.06935004427083333,0.6039531928846626
train,4,0.134484375,0.3001666666666667,0.0403677265625,0.4480323431426984
train,4,0.1771875,0.4912777777777778,0.08704828125000001,0.36066662897206825
train,4,0.282703125,0.7049166666666667,0.19928214453125,0.4010447452417543
train,4,0.4185,0.36872222222222223,0.15431025,1.1350007533524182
train,4,0.20465624999999998,0.3388611111111111,0.06935004427083333,0.6039531928846626
train,4,0.134484375,0.3001666666666667,0.0403677265625,0.4480323431426984
train,4,0.1771875,0.4912777777777778,0.08704828125000001,0.36066662897206825
train,4,0.282703125,0.7049166666666667,0.19928214453125,0.4010447452417543
train,4,0.4185,0.36872222222222223,0.15431025,1.1350007533524182
train,4,0.20465624999999998,0.3388611111111111,0.06935004427083333,0.6039531928846626
train,4,0.134484375,0.3001666666666667,0.0403677265625,0.4480323431426984
train,4,0.1771875,0.4912777777777778,0.08704828125000001,0.36066662897206825
train,4,0.282703125,0.7049166666666667,0.19928214453125,0.4010447452417543
train,4,0.4185,0.36872222222222223,0.15431025,1.1350007533524182
train,4,0.20465624999999998,0.3388611111111111,0.06935004427083333,0.6039531928846626
train,4,0.134484375,0.3001666666666667,0.0403677265625,0.4480323431426984
train,4,0.1771875,0.4912777777777778,0.08704828125000001,0.36066662897206825
train,4,0.282703125,0.7049166666666667,0.19928214453125,0.4010447452417543
train,4,0.4185,0.36872222222222223,0.15431025,1.1350007533524182
train,4,0.20465624999999998,0.3388611111111111,0.06935004427083333,0.6039531928846626
train,4,0.134484375,0.3001666666666667,0.0403677265625,0.4480323431426984
train,4,0.1771875,0.4912777777777778,0.08704828125000001,0.36066662897206825
train,4,0.282703125,0.7049166666666667,0.19928214453125,0.4010447452417543
train,4,0.4185,0.36872222222222223,0.15431025,1.1350007533524182
train,4,0.20465624999999998,0.3388611111111111,0.06935004427083333,0.6039531928846626
train,4,0.134484375,0.3001666666666667,0.0403677265625,0.4480323431426984
train,4,0.1771875,0.4912777777777778,0.08704828125000001,0.36066662897206825
train,4,0.282703125,0.7049166666666667,0.19928214453125,0.4010447452417543
train,4,0.4185,0.36872222222222223,0.15431025,1.1350007533524182
train,4,0.20465624999999998,0.3388611111111111,0.06935004427083333,0.6039531928846626
train,4,0.134484375,0.3001666666666667,0.0403677265625,0.4480323431426984
train,4,0.1771875,0.4912777777777778,0.08704828125000001,0.36066662897206825
train,4,0.282703125,0.7049166666666667,0.19928214453125,0.4010447452417543
train,4,0.4185,0.36872222222222223,0.15431025,1.1350007533524182
train,4,0.20465624999999998,0.3388611111111111,0.06935004427083333,0.6039531928846626
train,4,0.134484375,0.3001666666666667,0.0403677265625,0.4480323431426984
train,4,0.1771875,0.4912777777777778,0.08704828125000001,0.36066662897206825
train,4,0.282703125,0.7049166666666667,0.19928214453125,0.4010447452417543
train,4,0.4185,0.36872222222222223,0.15431025,1.1350007533524182
train,4,0.20465624999999998,0.3388611111111111,0.06935004427083333,0.6039531928846626
train,4,0.134484375,0.3001666666666667,0.0403677265625,0.4480323431426984
train,4,0.1771875,0.4912777777777778,0.08704828125000001,0.36066662897206825
train,4,0.282703125,0.7049166666666667,0.19928214453125,0.4010447452417543
train,4,0.4185,0.36872222222222223,0.15431025,1.1350007533524182
train,4,0.20465624999999998,0.3388611111111111,0.06935004427083333,0.6039531928846626
train,4,0.134484375,0.3001666666666667,0.0403677265625,0.4480323431426984
train,4,0.1771875,0.4912777777777778,0.08704828125000001,0.36066662897206825
train,4,0.21442187499999998,0.8847777777777778,0.18971571006944443,0.24234545711415295
train,4,0.338140625,0.3645833333333333,0.12328043619791665,0.9274714285714285
train,4,0.20465624999999998,0.3388611111111111,0.06935004427083333,0.6039531928846626
train,0,0.09471874999999999,0.1951111111111111,0.018480680555555552,0.4854605637813212
train,4,0.1753125,0.41425,0.07262320312500001,0.4232045866022933
train,4,0.15546875,0.2941666666666667,0.04573372395833333,0.5285056657223796
train,4,0.282703125,0.7049166666666667,0.19928214453125,0.4010447452417543
train,4,0.4185,0.36872222222222223,0.15431025,1.1350007533524182
train,4,0.20465624999999998,0.3388611111111111,0.06935004427083333,0.6039531928846626
train,4,0.134484375,0.3001666666666667,0.0403677265625,0.4480323431426984
train,4,0.261453125,0.4912777777777778,0.12844611024305558,0.5321900090467035
train,4,0.282703125,0.7049166666666667,0.19928214453125,0.4010447452417543
train,4,0.36707812500000003,0.3703333333333333,0.135941265625,0.9912100585058508
train,4,0.20465624999999998,0.3388611111111111,0.06935004427083333,0.6039531928846626
train,4,0.134484375,0.3001666666666667,0.0403677265625,0.4480323431426984
train,4,0.261453125,0.4912777777777778,0.12844611024305558,0.5321900090467035
train,4,0.282703125,0.7049166666666667,0.19928214453125,0.4010447452417543
train,4,0.36707812500000003,0.3703333333333333,0.135941265625,0.9912100585058508
train,4,0.20465624999999998,0.3388611111111111,0.06935004427083333,0.6039531928846626
train,4,0.134484375,0.3001666666666667,0.0403677265625,0.4480323431426984
train,4,0.261453125,0.4912777777777778,0.12844611024305558,0.5321900090467035
train,4,0.35559375000000004,0.5884722222222222,0.20925704427083333,0.6042659900873261
train,4,0.36707812500000003,0.3703333333333333,0.135941265625,0.9912100585058508
train,4,0.20465624999999998,0.3388611111111111,0.06935004427083333,0.6039531928846626
train,4,0.134484375,0.3001666666666667,0.0403677265625,0.4480323431426984
train,4,0.261453125,0.4912777777777778,0.12844611024305558,0.5321900090467035
train,4,0.35559375000000004,0.5884722222222222,0.20925704427083333,0.6042659900873261
train,4,0.36707812500000003,0.3703333333333333,0.135941265625,0.9912100585058508
train,4,0.20465624999999998,0.3388611111111111,0.06935004427083333,0.6039531928846626
train,4,0.134484375,0.3001666666666667,0.0403677265625,0.4480323431426984
train,4,0.316125,0.4912777777777778,0.1553051875,0.6434750650231821
train,4,0.35559375000000004,0.5884722222222222,0.20925704427083333,0.6042659900873261
train,4,0.36707812500000003,0.3703333333333333,0.135941265625,0.9912100585058508
train,4,0.20465624999999998,0.3388611111111111,0.06935004427083333,0.6039531928846626
train,4,0.134484375,0.3001666666666667,0.0403677265625,0.4480323431426984
train,4,0.316125,0.4912777777777778,0.1553051875,0.6434750650231821
train,4,0.35559375000000004,0.5884722222222222,0.20925704427083333,0.6042659900873261
train,4,0.36707812500000003,0.3703333333333333,0.135941265625,0.9912100585058508
train,4,0.20465624999999998,0.3388611111111111,0.06935004427083333,0.6039531928846626
train,4,0.134484375,0.3001666666666667,0.0403677265625,0.4480323431426984
train,4,0.316125,0.3481388888888889,0.11005540625,0.9080427670948695
train,4,0.35559375000000004,0.5884722222222222,0.20925704427083333,0.6042659900873261
train,4,0.36707812500000003,0.3703333333333333,0.135941265625,0.9912100585058508
train,4,0.20465624999999998,0.3388611111111111,0.06935004427083333,0.6039531928846626
train,4,0.134484375,0.3001666666666667,0.0403677265625,0.4480323431426984
train,4,0.316125,0.3481111111111111,0.110046625,0.9081152250239387
train,4,0.35559375000000004,0.5884722222222222,0.20925704427083333,0.6042659900873261
train,4,0.36707812500000003,0.3703333333333333,0.135941265625,0.9912100585058508
train,4,0.20465624999999998,0.3388611111111111,0.06935004427083333,0.6039531928846626
train,4,0.134484375,0.3001666666666667,0.0403677265625,0.4480323431426984
train,4,0.316125,0.3481111111111111,0.110046625,0.9081152250239387
train,4,0.35559375000000004,0.5884722222222222,0.20925704427083333,0.6042659900873261
train,4,0.36707812500000003,0.3703333333333333,0.135941265625,0.9912100585058508
train,4,0.20465624999999998,0.3388611111111111,0.06935004427083333,0.6039531928846626
train,4,0.134484375,0.3001666666666667,0.0403677265625,0.4480323431426984
train,4,0.316125,0.3481111111111111,0.110046625,0.9081152250239387
train,4,0.35559375000000004,0.5884722222222222,0.20925704427083333,0.6042659900873261
train,4,0.36707812500000003,0.3703333333333333,0.135941265625,0.9912100585058508
train,4,0.20465624999999998,0.3388611111111111,0.06935004427083333,0.6039531928846626
train,4,0.134484375,0.3001666666666667,0.0403677265625,0.4480323431426984
train,4,0.316125,0.3481111111111111,0.110046625,0.9081152250239387
train,4,0.35559375000000004,0.5884722222222222,0.20925704427083333,0.6042659900873261
train,4,0.36707812500000003,0.3703333333333333,0.135941265625,0.9912100585058508
train,4,0.20465624999999998,0.3388611111111111,0.06935004427083333,0.6039531928846626
train,4,0.134484375,0.3001666666666667,0.0403677265625,0.4480323431426984
train,4,0.316125,0.3481111111111111,0.110046625,0.9081152250239387
train,4,0.334359375,0.7049444444444445,0.23570478385416668,0.474305993380093
train,4,0.36707812500000003,0.3703333333333333,0.135941265625,0.9912100585058508
train,4,0.20465624999999998,0.3388611111111111,0.06935004427083333,0.6039531928846626
train,4,0.134484375,0.3001666666666667,0.0403677265625,0.4480323431426984
train,4,0.316125,0.3481111111111111,0.110046625,0.9081152250239387
train,4,0.21442187499999998,0.8847777777777778,0.18971571006944443,0.24234545711415295
train,4,0.338140625,0.3645833333333333,0.12328043619791665,0.9274714285714285
train,4,0.20465624999999998,0.3388611111111111,0.06935004427083333,0.6039531928846626
train,0,0.09471874999999999,0.1951111111111111,0.018480680555555552,0.4854605637813212
train,4,0.1753125,0.41425,0.07262320312500001,0.4232045866022933
train,4,0.15546875,0.2941666666666667,0.04573372395833333,0.5285056657223796
train,4,0.334359375,0.7049444444444445,0.23570478385416668,0.474305993380093
train,4,0.36707812500000003,0.3703333333333333,0.135941265625,0.9912100585058508
train,4,0.20465624999999998,0.3388611111111111,0.06935004427083333,0.6039531928846626
train,4,0.134484375,0.3001666666666667,0.0403677265625,0.4480323431426984
train,4,0.316125,0.3481111111111111,0.110046625,0.9081152250239387
train,4,0.334359375,0.7049444444444445,0.23570478385416668,0.474305993380093
train,4,0.36707812500000003,0.3703333333333333,0.135941265625,0.9912100585058508
train,4,0.20465624999999998,0.3388611111111111,0.06935004427083333,0.6039531928846626
train,4,0.134484375,0.3001666666666667,0.0403677265625,0.4480323431426984
train,4,0.316125,0.3481111111111111,0.110046625,0.9081152250239387
train,4,0.334359375,0.7049444444444445,0.23570478385416668,0.474305993380093
train,4,0.5700000000000001,0.3921111111111111,0.22350333333333333,1.4536695947860587
train,4,0.20465624999999998,0.3388611111111111,0.06935004427083333,0.6039531928846626
train,4,0.134484375,0.3001666666666667,0.0403677265625,0.4480323431426984
train,4,0.316125,0.3481111111111111,0.110046625,0.9081152250239387
train,4,0.334359375,0.7049444444444445,0.23570478385416668,0.474305993380093
train,4,0.5700000000000001,0.3921111111111111,0.22350333333333333,1.4536695947860587
train,4,0.20465624999999998,0.3388611111111111,0.06935004427083333,0.6039531928846626
train,4,0.134484375,0.3001666666666667,0.0403677265625,0.4480323431426984
train,4,0.316125,0.3481111111111111,0.110046625,0.9081152250239387
train,4,0.334359375,0.7049444444444445,0.23570478385416668,0.474305993380093
train,2,0.5700000000000001,0.3921111111111111,0.22350333333333333,1.4536695947860587
train,4,0.20465624999999998,0.3388611111111111,0.06935004427083333,0.6039531928846626
train,4,0.134484375,0.3001666666666667,0.0403677265625,0.4480323431426984
train,4,0.316125,0.3481111111111111,0.110046625,0.9081152250239387
train,1,0.07320312500000001,0.09400000000000001,0.006881093750000002,0.7787566489361701
train,4,0.334359375,0.7049444444444445,0.23570478385416668,0.474305993380093
train,2,0.5700000000000001,0.3921111111111111,0.22350333333333333,1.4536695947860587
train,4,0.20465624999999998,0.3388611111111111,0.06935004427083333,0.6039531928846626
train,4,0.134484375,0.3001666666666667,0.0403677265625,0.4480323431426984
train,4,0.316125,0.3481111111111111,0.110046625,0.9081152250239387
train,1,0.07320312500000001,0.09400000000000001,0.006881093750000002,0.7787566489361701
train,4,0.334359375,0.7049444444444445,0.23570478385416668,0.474305993380093
train,2,0.5700000000000001,0.3921111111111111,0.22350333333333333,1.4536695947860587
train,4,0.20465624999999998,0.3388611111111111,0.06935004427083333,0.6039531928846626
train,4,0.134484375,0.3001666666666667,0.0403677265625,0.4480323431426984
train,4,0.316125,0.3481111111111111,0.110046625,0.9081152250239387
train,1,0.07320312500000001,0.09400000000000001,0.006881093750000002,0.7787566489361701
train,4,0.334359375,0.7049444444444445,0.23570478385416668,0.474305993380093
train,2,0.5700000000000001,0.3921111111111111,0.22350333333333333,1.4536695947860587
train,4,0.20465624999999998,0.3388611111111111,0.06935004427083333,0.6039531928846626
train,4,0.134484375,0.3001666666666667,0.0403677265625,0.4480323431426984
train,4,0.316125,0.3481111111111111,0.110046625,0.9081152250239387
train,1,0.07320312500000001,0.09400000000000001,0.006881093750000002,0.7787566489361701
train,4,0.334359375,0.7049444444444445,0.23570478385416668,0.474305993380093
train,2,0.5700000000000001,0.3921111111111111,0.22350333333333333,1.4536695947860587
train,4,0.20465624999999998,0.3388611111111111,0.06935004427083333,0.6039531928846626
train,4,0.134484375,0.3001666666666667,0.0403677265625,0.4480323431426984
train,4,0.316125,0.3481111111111111,0.110046625,0.9081152250239387
train,1,0.07320312500000001,0.09400000000000001,0.006881093750000002,0.7787566489361701
train,4,0.334359375,0.7049444444444445,0.23570478385416668,0.474305993380093
train,2,0.5700000000000001,0.3921111111111111,0.22350333333333333,1.4536695947860587
train,4,0.20465624999999998,0.3388611111111111,0.06935004427083333,0.6039531928846626
train,4,0.134484375,0.3001666666666667,0.0403677265625,0.4480323431426984
train,4,0.316125,0.3481111111111111,0.110046625,0.9081152250239387
train,1,0.07320312500000001,0.09400000000000001,0.006881093750000002,0.7787566489361701
train,4,0.21223437500000003,0.7753333333333333,0.1645523854166667,0.27373307179707657
train,4,0.338140625,0.3645833333333333,0.12328043619791665,0.9274714285714285
train,4,0.20465624999999998,0.3388611111111111,0.06935004427083333,0.6039531928846626
train,0,0.13115625,0.21375,0.0280346484375,0.6135964912280703
train,4,0.1753125,0.41425,0.07262320312500001,0.4232045866022933
train,4,0.334359375,0.7049444444444445,0.23570478385416668,0.474305993380093
train,2,0.5700000000000001,0.3921111111111111,0.22350333333333333,1.4536695947860587
train,4,0.20465624999999998,0.3388611111111111,0.06935004427083333,0.6039531928846626
train,4,0.134484375,0.3001666666666667,0.0403677265625,0.4480323431426984
train,4,0.316125,0.3481111111111111,0.110046625,0.9081152250239387
train,1,0.07320312500000001,0.09400000000000001,0.006881093750000002,0.7787566489361701
train,4,0.334359375,0.7049444444444445,0.23570478385416668,0.474305993380093
train,2,0.5700000000000001,0.3921111111111111,0.22350333333333333,1.4536695947860587
train,4,0.20465624999999998,0.3388611111111111,0.06935004427083333,0.6039531928846626
train,4,0.134484375,0.3001666666666667,0.0403677265625,0.4480323431426984
train,4,0.15665625,0.518,0.0811479375,0.30242519305019305
train,1,0.07320312500000001,0.09400000000000001,0.006881093750000002,0.7787566489361701
train,4,0.334359375,0.7049444444444445,0.23570478385416668,0.474305993380093
train,2,0.5700000000000001,0.3921111111111111,0.22350333333333333,1.4536695947860587
train,4,0.20465624999999998,0.3388611111111111,0.06935004427083333,0.6039531928846626
train,4,0.134484375,0.3001666666666667,0.0403677265625,0.4480323431426984
train,4,0.15665625,0.518,0.0811479375,0.30242519305019305
train,1,0.07320312500000001,0.09400000000000001,0.006881093750000002,0.7787566489361701
train,4,0.334359375,0.7049444444444445,0.23570478385416668,0.474305993380093
train,2,0.5700000000000001,0.3921111111111111,0.22350333333333333,1.4536695947860587
train,4,0.20465624999999998,0.3388611111111111,0.06935004427083333,0.6039531928846626
train,4,0.134484375,0.3001666666666667,0.0403677265625,0.4480323431426984
train,4,0.15665625,0.518,0.0811479375,0.30242519305019305
train,1,0.07320312500000001,0.09400000000000001,0.006881093750000002,0.7787566489361701
train,4,0.334359375,0.7049444444444445,0.23570478385416668,0.474305993380093
train,2,0.5700000000000001,0.3921111111111111,0.22350333333333333,1.4536695947860587
train,4,0.20465624999999998,0.3388611111111111,0.06935004427083333,0.6039531928846626
train,4,0.134484375,0.3001666666666667,0.0403677265625,0.4480323431426984
train,4,0.15665625,0.518,0.0811479375,0.30242519305019305
train,1,0.07320312500000001,0.09400000000000001,0.006881093750000002,0.7787566489361701
train,4,0.334359375,0.7049444444444445,0.23570478385416668,0.474305993380093
train,2,0.5700000000000001,0.3921111111111111,0.22350333333333333,1.4536695947860587
train,4,0.20465624999999998,0.3388611111111111,0.06935004427083333,0.6039531928846626
train,4,0.134484375,0.3001666666666667,0.0403677265625,0.4480323431426984
train,4,0.15665625,0.518,0.0811479375,0.30242519305019305
train,1,0.07320312500000001,0.09400000000000001,0.006881093750000002,0.7787566489361701
train,4,0.334359375,0.7049444444444445,0.23570478385416668,0.474305993380093
train,2,0.5700000000000001,0.3921111111111111,0.22350333333333333,1.4536695947860587
train,4,0.20465624999999998,0.3388611111111111,0.06935004427083333,0.6039531928846626
train,4,0.134484375,0.3001666666666667,0.0403677265625,0.4480323431426984
train,4,0.15665625,0.518,0.0811479375,0.30242519305019305
train,1,0.07320312500000001,0.09400000000000001,0.006881093750000002,0.7787566489361701
train,4,0.334359375,0.7049444444444445,0.23570478385416668,0.474305993380093
train,2,0.5700000000000001,0.3921111111111111,0.22350333333333333,1.4536695947860587
train,4,0.20465624999999998,0.3388611111111111,0.06935004427083333,0.6039531928846626
train,4,0.134484375,0.3001666666666667,0.0403677265625,0.4480323431426984
train,4,0.15665625,0.518,0.0811479375,0.30242519305019305
train,1,0.07320312500000001,0.09400000000000001,0.006881093750000002,0.7787566489361701
train,4,0.334359375,0.7049444444444445,0.23570478385416668,0.474305993380093
train,2,0.5700000000000001,0.3921111111111111,0.22350333333333333,1.4536695947860587
train,4,0.20465624999999998,0.3388611111111111,0.06935004427083333,0.6039531928846626
train,4,0.134484375,0.3001666666666667,0.0403677265625,0.4480323431426984
train,4,0.15665625,0.518,0.0811479375,0.30242519305019305
train,1,0.07320312500000001,0.09400000000000001,0.006881093750000002,0.7787566489361701
train,4,0.334359375,0.7049444444444445,0.23570478385416668,0.474305993380093
train,2,0.5700000000000001,0.3921111111111111,0.22350333333333333,1.4536695947860587
train,4,0.20465624999999998,0.3388611111111111,0.06935004427083333,0.6039531928846626
train,4,0.134484375,0.3001666666666667,0.0403677265625,0.4480323431426984
train,4,0.15665625,0.518,0.0811479375,0.30242519305019305
train,1,0.07320312500000001,0.09400000000000001,0.006881093750000002,0.7787566489361701
train,4,0.334359375,0.7049444444444445,0.23570478385416668,0.474305993380093
train,2,0.5700000000000001,0.3921111111111111,0.22350333333333333,1.4536695947860587
train,4,0.20465624999999998,0.3388611111111111,0.06935004427083333,0.6039531928846626
train,4,0.134484375,0.3001666666666667,0.0403677265625,0.4480323431426984
train,4,0.15665625,0.518,0.0811479375,0.30242519305019305
train,1,0.07320312500000001,0.09400000000000001,0.006881093750000002,0.7787566489361701
train,4,0.334359375,0.7049444444444445,0.23570478385416668,0.474305993380093
train,2,0.5700000000000001,0.3921111111111111,0.22350333333333333,1.4536695947860587
train,4,0.20465624999999998,0.3388611111111111,0.06935004427083333,0.6039531928846626
train,4,0.134484375,0.3001666666666667,0.0403677265625,0.4480323431426984
train,4,0.15665625,0.518,0.0811479375,0.30242519305019305
train,1,0.07320312500000001,0.09400000000000001,0.006881093750000002,0.7787566489361701
train,4,0.334359375,0.7049444444444445,0.23570478385416668,0.474305993380093
train,2,0.5700000000000001,0.3921111111111111,0.22350333333333333,1.4536695947860587
train,4,0.20465624999999998,0.3388611111111111,0.06935004427083333,0.6039531928846626
train,4,0.134484375,0.3001666666666667,0.0403677265625,0.4480323431426984
train,4,0.15665625,0.518,0.0811479375,0.30242519305019305
train,1,0.07320312500000001,0.09400000000000001,0.006881093750000002,0.7787566489361701
train,2,0.488953125,0.37963888888888886,0.18562562109374997,1.287942672129948
train,1,0.052031249999999994,0.066,0.0034340624999999996,0.7883522727272726
train,4,0.19403125000000002,0.3236388888888889,0.06279605815972224,0.5995300832546563
train,4,0.35026562499999997,0.7615833333333334,0.2667564622395833,0.4599176605755552
train,4,0.1771875,0.4761666666666666,0.08437078125,0.3721123556177809
train,4,0.14765625,0.2975,0.04392773437499999,0.49632352941176466
train,2,0.488953125,0.3796111111111111,0.1856120390625,1.2880369164349479
train,1,0.052031249999999994,0.066,0.0034340624999999996,0.7883522727272726
train,4,0.19403125000000002,0.3236388888888889,0.06279605815972224,0.5995300832546563
train,4,0.35026562499999997,0.7615833333333334,0.2667564622395833,0.4599176605755552
train,4,0.1771875,0.4761666666666666,0.08437078125,0.3721123556177809
train,4,0.14765625,0.2975,0.04392773437499999,0.49632352941176466
train,2,0.513484375,0.3592777777777778,0.18448352517361113,1.4292127338796967
train,1,0.046671875,0.07341666666666667,0.0034264934895833336,0.6357122587968218
train,4,0.19403125000000002,0.3236388888888889,0.06279605815972224,0.5995300832546563
train,4,0.35026562499999997,0.7615833333333334,0.2667564622395833,0.4599176605755552
train,4,0.1771875,0.4761666666666666,0.08437078125,0.3721123556177809
train,4,0.14765625,0.2975,0.04392773437499999,0.49632352941176466
train,2,0.513484375,0.3592777777777778,0.18448352517361113,1.4292127338796967
train,1,0.046671875,0.07341666666666667,0.0034264934895833336,0.6357122587968218
train,4,0.19403125000000002,0.3236388888888889,0.06279605815972224,0.5995300832546563
train,4,0.35026562499999997,0.7615833333333334,0.2667564622395833,0.4599176605755552
train,4,0.1771875,0.4761666666666666,0.08437078125,0.3721123556177809
train,4,0.14765625,0.2975,0.04392773437499999,0.49632352941176466
train,2,0.513484375,0.3592777777777778,0.18448352517361113,1.4292127338796967
train,1,0.046671875,0.07341666666666667,0.0034264934895833336,0.6357122587968218
train,4,0.27356250000000004,0.7615833333333334,0.20834064062500005,0.35920231972863553
train,4,0.19403125000000002,0.3236388888888889,0.06279605815972224,0.5995300832546563
train,4,0.1771875,0.4761666666666666,0.08437078125,0.3721123556177809
train,4,0.14765625,0.2975,0.04392773437499999,0.49632352941176466
train,4,0.21442187499999998,0.8847777777777778,0.18971571006944443,0.24234545711415295
train,4,0.338140625,0.3645833333333333,0.12328043619791665,0.9274714285714285
train,4,0.20465624999999998,0.3388611111111111,0.06935004427083333,0.6039531928846626
train,0,0.09471874999999999,0.1951111111111111,0.018480680555555552,0.4854605637813212
train,4,0.1753125,0.41425,0.07262320312500001,0.4232045866022933
train,4,0.15546875,0.2941666666666667,0.04573372395833333,0.5285056657223796
train,2,0.513484375,0.3592777777777778,0.18448352517361113,1.4292127338796967
train,1,0.046671875,0.07341666666666667,0.0034264934895833336,0.6357122587968218
train,4,0.27356250000000004,0.7615833333333334,0.20834064062500005,0.35920231972863553
train,4,0.19403125000000002,0.3236388888888889,0.06279605815972224,0.5995300832546563
train,4,0.1771875,0.4761666666666666,0.08437078125,0.3721123556177809
train,4,0.14765625,0.2975,0.04392773437499999,0.49632352941176466
train,2,0.513484375,0.3592777777777778,0.18448352517361113,1.4292127338796967
train,1,0.046671875,0.07341666666666667,0.0034264934895833336,0.6357122587968218
train,4,0.27356250000000004,0.7615833333333334,0.20834064062500005,0.35920231972863553
train,4,0.19403125000000002,0.3236388888888889,0.06279605815972224,0.5995300832546563
train,4,0.1771875,0.4761666666666666,0.08437078125,0.3721123556177809
train,4,0.14765625,0.2975,0.04392773437499999,0.49632352941176466
train,2,0.513484375,0.3592777777777778,0.18448352517361113,1.4292127338796967
train,1,0.046671875,0.07341666666666667,0.0034264934895833336,0.6357122587968218
train,4,0.27356250000000004,0.7615833333333334,0.20834064062500005,0.35920231972863553
train,4,0.19403125000000002,0.3236388888888889,0.06279605815972224,0.5995300832546563
train,4,0.1771875,0.4761666666666666,0.08437078125,0.3721123556177809
train,4,0.14765625,0.2975,0.04392773437499999,0.49632352941176466
train,4,0.513484375,0.3592777777777778,0.18448352517361113,1.4292127338796967
train,4,0.27356250000000004,0.7615833333333334,0.20834064062500005,0.35920231972863553
train,4,0.19403125000000002,0.3236388888888889,0.06279605815972224,0.5995300832546563
train,4,0.14095312499999998,0.1398611111111111,0.01971386067708333,1.007807845084409
train,4,0.14765625,0.2975,0.04392773437499999,0.49632352941176466
train,4,0.513484375,0.3592777777777778,0.18448352517361113,1.4292127338796967
train,4,0.27356250000000004,0.7615833333333334,0.20834064062500005,0.35920231972863553
train,4,0.19403125000000002,0.3236388888888889,0.06279605815972224,0.5995300832546563
train,4,0.14095312499999998,0.1398611111111111,0.01971386067708333,1.007807845084409
train,4,0.14765625,0.2975,0.04392773437499999,0.49632352941176466
train,4,0.513484375,0.3592777777777778,0.18448352517361113,1.4292127338796967
train,4,0.27356250000000004,0.7615833333333334,0.20834064062500005,0.35920231972863553
train,4,0.19403125000000002,0.3236388888888889,0.06279605815972224,0.5995300832546563
train,4,0.14742187499999998,0.17466666666666666,0.025749687499999997,0.8440183683206106
train,4,0.14765625,0.2975,0.04392773437499999,0.49632352941176466
train,2,0.513484375,0.3592777777777778,0.18448352517361113,1.4292127338796967
train,4,0.27356250000000004,0.7615833333333334,0.20834064062500005,0.35920231972863553
train,4,0.19403125000000002,0.3236388888888889,0.06279605815972224,0.5995300832546563
train,4,0.14742187499999998,0.17466666666666666,0.025749687499999997,0.8440183683206106
train,4,0.14765625,0.2975,0.04392773437499999,0.49632352941176466
train,1,0.037,0.058638888888888886,0.0021696388888888885,0.6309805779251539
train,2,0.513484375,0.3592777777777778,0.18448352517361113,1.4292127338796967
train,4,0.27356250000000004,0.7615833333333334,0.20834064062500005,0.35920231972863553
train,4,0.19403125000000002,0.3236388888888889,0.06279605815972224,0.5995300832546563
train,4,0.14742187499999998,0.17466666666666666,0.025749687499999997,0.8440183683206106
train,4,0.14765625,0.2975,0.04392773437499999,0.49632352941176466
train,1,0.037,0.058638888888888886,0.0021696388888888885,0.6309805779251539
train,4,0.21442187499999998,0.8847777777777778,0.18971571006944443,0.24234545711415295
train,4,0.338140625,0.3645833333333333,0.12328043619791665,0.9274714285714285
train,4,0.20465624999999998,0.3388611111111111,0.06935004427083333,0.6039531928846626
train,0,0.09471874999999999,0.1951111111111111,0.018480680555555552,0.4854605637813212
train,4,0.1753125,0.41425,0.07262320312500001,0.4232045866022933
train,4,0.15546875,0.2941666666666667,0.04573372395833333,0.5285056657223796
train,2,0.513484375,0.3592777777777778,0.18448352517361113,1.4292127338796967
train,4,0.27356250000000004,0.7615833333333334,0.20834064062500005,0.35920231972863553
train,4,0.19403125000000002,0.3236388888888889,0.06279605815972224,0.5995300832546563
train,4,0.14742187499999998,0.17466666666666666,0.025749687499999997,0.8440183683206106
train,4,0.14765625,0.2975,0.04392773437499999,0.49632352941176466
train,1,0.037,0.058638888888888886,0.0021696388888888885,0.6309805779251539
train,2,0.513484375,0.3592777777777778,0.18448352517361113,1.4292127338796967
train,4,0.27356250000000004,0.7615833333333334,0.20834064062500005,0.35920231972863553
train,4,0.19403125000000002,0.3236388888888889,0.06279605815972224,0.5995300832546563
train,4,0.14742187499999998,0.17466666666666666,0.025749687499999997,0.8440183683206106
train,4,0.14765625,0.2975,0.04392773437499999,0.49632352941176466
train,1,0.037,0.058638888888888886,0.0021696388888888885,0.6309805779251539
train,2,0.513484375,0.3592777777777778,0.18448352517361113,1.4292127338796967
train,4,0.27356250000000004,0.7615833333333334,0.20834064062500005,0.35920231972863553
train,4,0.19403125000000002,0.3236388888888889,0.06279605815972224,0.5995300832546563
train,4,0.14742187499999998,0.17466666666666666,0.025749687499999997,0.8440183683206106
train,4,0.14765625,0.2975,0.04392773437499999,0.49632352941176466
train,1,0.037,0.058638888888888886,0.0021696388888888885,0.6309805779251539
train,2,0.513484375,0.3592777777777778,0.18448352517361113,1.4292127338796967
train,4,0.27356250000000004,0.7615833333333334,0.20834064062500005,0.35920231972863553
train,4,0.19403125000000002,0.3236388888888889,0.06279605815972224,0.5995300832546563
train,4,0.14742187499999998,0.17466666666666666,0.025749687499999997,0.8440183683206106
train,4,0.14765625,0.2975,0.04392773437499999,0.49632352941176466
train,1,0.037,0.058638888888888886,0.0021696388888888885,0.6309805779251539
train,2,0.513484375,0.3592777777777778,0.18448352517361113,1.4292127338796967
train,4,0.27356250000000004,0.7615833333333334,0.20834064062500005,0.35920231972863553
train,4,0.19403125000000002,0.3236388888888889,0.06279605815972224,0.5995300832546563
train,4,0.14742187499999998,0.17466666666666666,0.025749687499999997,0.8440183683206106
train,4,0.14765625,0.2975,0.04392773437499999,0.49632352941176466
train,1,0.037,0.058638888888888886,0.0021696388888888885,0.6309805779251539
train,2,0.513484375,0.3592777777777778,0.18448352517361113,1.4292127338796967
train,4,0.27356250000000004,0.7615833333333334,0.20834064062500005,0.35920231972863553
train,4,0.19403125000000002,0.3236388888888889,0.06279605815972224,0.5995300832546563
train,4,0.31740625,0.3155,0.100141671875,1.006041996830428
train,4,0.14765625,0.2975,0.04392773437499999,0.49632352941176466
train,1,0.037,0.058638888888888886,0.0021696388888888885,0.6309805779251539
train,2,0.513484375,0.3592777777777778,0.18448352517361113,1.4292127338796967
train,4,0.27356250000000004,0.7615833333333334,0.20834064062500005,0.35920231972863553
train,4,0.19403125000000002,0.3236388888888889,0.06279605815972224,0.5995300832546563
train,4,0.31740625,0.3155,0.100141671875,1.006041996830428
train,4,0.14765625,0.2975,0.04392773437499999,0.49632352941176466
train,1,0.037,0.058638888888888886,0.0021696388888888885,0.6309805779251539
train,2,0.513484375,0.3592777777777778,0.18448352517361113,1.4292127338796967
train,4,0.27356250000000004,0.7615833333333334,0.20834064062500005,0.35920231972863553
train,4,0.19403125000000002,0.3236388888888889,0.06279605815972224,0.5995300832546563
train,4,0.31740625,0.3155,0.100141671875,1.006041996830428
train,4,0.14765625,0.2975,0.04392773437499999,0.49632352941176466
train,1,0.037,0.058638888888888886,0.0021696388888888885,0.6309805779251539
train,2,0.513484375,0.3592777777777778,0.18448352517361113,1.4292127338796967
train,4,0.27356250000000004,0.7615833333333334,0.20834064062500005,0.35920231972863553
train,4,0.19403125000000002,0.3236388888888889,0.06279605815972224,0.5995300832546563
train,4,0.31740625,0.3155,0.100141671875,1.006041996830428
train,4,0.14765625,0.2975,0.04392773437499999,0.49632352941176466
train,1,0.037,0.058638888888888886,0.0021696388888888885,0.6309805779251539
train,4,0.21442187499999998,0.8847777777777778,0.18971571006944443,0.24234545711415295
train,4,0.338140625,0.3645833333333333,0.12328043619791665,0.9274714285714285
train,4,0.20465624999999998,0.3388611111111111,0.06935004427083333,0.6039531928846626
train,0,0.09471874999999999,0.1951111111111111,0.018480680555555552,0.4854605637813212
train,4,0.1753125,0.41425,0.07262320312500001,0.4232045866022933
train,4,0.15546875,0.2941666666666667,0.04573372395833333,0.5285056657223796
train,2,0.513484375,0.3592777777777778,0.18448352517361113,1.4292127338796967
train,4,0.27356250000000004,0.7615833333333334,0.20834064062500005,0.35920231972863553
train,4,0.19403125000000002,0.3236388888888889,0.06279605815972224,0.5995300832546563
train,4,0.33985937499999996,0.4592222222222222,0.15607097743055554,0.7400760646019839
train,4,0.14765625,0.2975,0.04392773437499999,0.49632352941176466
train,1,0.037,0.058638888888888886,0.0021696388888888885,0.6309805779251539
train,2,0.513484375,0.3592777777777778,0.18448352517361113,1.4292127338796967
train,4,0.27356250000000004,0.7615833333333334,0.20834064062500005,0.35920231972863553
train,4,0.19403125000000002,0.3236388888888889,0.06279605815972224,0.5995300832546563
train,4,0.33985937499999996,0.4592222222222222,0.15607097743055554,0.7400760646019839
train,4,0.14765625,0.2975,0.04392773437499999,0.49632352941176466
train,1,0.037,0.058638888888888886,0.0021696388888888885,0.6309805779251539
train,4,0.513484375,0.3592777777777778,0.18448352517361113,1.4292127338796967
train,4,0.27356250000000004,0.7615833333333334,0.20834064062500005,0.35920231972863553
train,4,0.19403125000000002,0.3236388888888889,0.06279605815972224,0.5995300832546563
train,4,0.33985937499999996,0.4158333333333333,0.1413248567708333,0.8172970941883768
train,4,0.14765625,0.2975,0.04392773437499999,0.49632352941176466
train,2,0.513484375,0.3592777777777778,0.18448352517361113,1.4292127338796967
train,4,0.27356250000000004,0.7615833333333334,0.20834064062500005,0.35920231972863553
train,4,0.19403125000000002,0.3236388888888889,0.06279605815972224,0.5995300832546563
train,4,0.33985937499999996,0.4158333333333333,0.1413248567708333,0.8172970941883768
train,4,0.14765625,0.2975,0.04392773437499999,0.49632352941176466
train,1,0.04746875,0.05580555555555555,0.0026490199652777773,0.850609756097561
train,4,0.21442187499999998,0.8847777777777778,0.18971571006944443,0.24234545711415295
train,4,0.338140625,0.3645833333333333,0.12328043619791665,0.9274714285714285
train,4,0.20465624999999998,0.3388611111111111,0.06935004427083333,0.6039531928846626
train,0,0.09471874999999999,0.1951111111111111,0.018480680555555552,0.4854605637813212
train,4,0.1753125,0.41425,0.07262320312500001,0.4232045866022933
train,4,0.15546875,0.2941666666666667,0.04573372395833333,0.5285056657223796
train,2,0.513484375,0.3592777777777778,0.18448352517361113,1.4292127338796967
train,4,0.27356250000000004,0.7615833333333334,0.20834064062500005,0.35920231972863553
train,4,0.19403125000000002,0.3236388888888889,0.06279605815972224,0.5995300832546563
train,4,0.33985937499999996,0.4158333333333333,0.1413248567708333,0.8172970941883768
train,4,0.14765625,0.2975,0.04392773437499999,0.49632352941176466
train,1,0.04746875,0.05580555555555555,0.0026490199652777773,0.850609756097561
train,2,0.513484375,0.3592777777777778,0.18448352517361113,1.4292127338796967
train,4,0.27356250000000004,0.7615833333333334,0.20834064062500005,0.35920231972863553
train,4,0.19403125000000002,0.3236388888888889,0.06279605815972224,0.5995300832546563
train,4,0.33985937499999996,0.4158333333333333,0.1413248567708333,0.8172970941883768
train,4,0.14765625,0.2975,0.04392773437499999,0.49632352941176466
train,1,0.04746875,0.05580555555555555,0.0026490199652777773,0.850609756097561
train,2,0.513484375,0.3592777777777778,0.18448352517361113,1.4292127338796967
train,4,0.27356250000000004,0.7615833333333334,0.20834064062500005,0.35920231972863553
train,4,0.19403125000000002,0.3236388888888889,0.06279605815972224,0.5995300832546563
train,4,0.33985937499999996,0.4158333333333333,0.1413248567708333,0.8172970941883768
train,4,0.14765625,0.2975,0.04392773437499999,0.49632352941176466
train,1,0.04746875,0.05580555555555555,0.0026490199652777773,0.850609756097561
train,2,0.513484375,0.3592777777777778,0.18448352517361113,1.4292127338796967
train,4,0.27356250000000004,0.7615833333333334,0.20834064062500005,0.35920231972863553
train,4,0.19403125000000002,0.3236388888888889,0.06279605815972224,0.5995300832546563
train,4,0.33985937499999996,0.4158333333333333,0.1413248567708333,0.8172970941883768
train,4,0.14765625,0.2975,0.04392773437499999,0.49632352941176466
train,1,0.04746875,0.05580555555555555,0.0026490199652777773,0.850609756097561
train,2,0.513484375,0.3592777777777778,0.18448352517361113,1.4292127338796967
train,4,0.27356250000000004,0.7615833333333334,0.20834064062500005,0.35920231972863553
train,4,0.19403125000000002,0.3236388888888889,0.06279605815972224,0.5995300832546563
train,4,0.33985937499999996,0.4158333333333333,0.1413248567708333,0.8172970941883768
train,4,0.14765625,0.2975,0.04392773437499999,0.49632352941176466
train,1,0.04746875,0.05580555555555555,0.0026490199652777773,0.850609756097561
train,4,0.513484375,0.3592777777777778,0.18448352517361113,1.4292127338796967
train,4,0.27356250000000004,0.7615833333333334,0.20834064062500005,0.35920231972863553
train,4,0.19403125000000002,0.3236388888888889,0.06279605815972224,0.5995300832546563
train,4,0.33985937499999996,0.4158333333333333,0.1413248567708333,0.8172970941883768
train,4,0.14765625,0.2975,0.04392773437499999,0.49632352941176466
train,4,0.513484375,0.3592777777777778,0.18448352517361113,1.4292127338796967
train,4,0.27356250000000004,0.7615833333333334,0.20834064062500005,0.35920231972863553
train,4,0.19403125000000002,0.3236388888888889,0.06279605815972224,0.5995300832546563
train,4,0.33985937499999996,0.4158333333333333,0.1413248567708333,0.8172970941883768
train,4,0.14765625,0.2975,0.04392773437499999,0.49632352941176466
train,4,0.513484375,0.3592777777777778,0.18448352517361113,1.4292127338796967
train,4,0.27356250000000004,0.7615833333333334,0.20834064062500005,0.35920231972863553
train,4,0.19403125000000002,0.3236388888888889,0.06279605815972224,0.5995300832546563
train,4,0.33985937499999996,0.4158333333333333,0.1413248567708333,0.8172970941883768
train,4,0.14765625,0.2975,0.04392773437499999,0.49632352941176466
train,4,0.513484375,0.3592777777777778,0.18448352517361113,1.4292127338796967
train,4,0.27356250000000004,0.7615833333333334,0.20834064062500005,0.35920231972863553
train,4,0.19403125000000002,0.3236388888888889,0.06279605815972224,0.5995300832546563
train,4,0.33985937499999996,0.4158333333333333,0.1413248567708333,0.8172970941883768
train,4,0.14765625,0.2975,0.04392773437499999,0.49632352941176466
train,4,0.513484375,0.3592777777777778,0.18448352517361113,1.4292127338796967
train,4,0.27356250000000004,0.7615833333333334,0.20834064062500005,0.35920231972863553
train,4,0.19403125000000002,0.3236388888888889,0.06279605815972224,0.5995300832546563
train,4,0.33985937499999996,0.4158333333333333,0.1413248567708333,0.8172970941883768
train,4,0.14765625,0.2975,0.04392773437499999,0.49632352941176466
train,4,0.513484375,0.3592777777777778,0.18448352517361113,1.4292127338796967
train,4,0.27356250000000004,0.7615833333333334,0.20834064062500005,0.35920231972863553
train,4,0.19403125000000002,0.3236388888888889,0.06279605815972224,0.5995300832546563
train,4,0.33985937499999996,0.4158333333333333,0.1413248567708333,0.8172970941883768
train,4,0.14765625,0.2975,0.04392773437499999,0.49632352941176466
train,4,0.513484375,0.3592777777777778,0.18448352517361113,1.4292127338796967
train,4,0.27356250000000004,0.7615833333333334,0.20834064062500005,0.35920231972863553
train,4,0.19403125000000002,0.3236388888888889,0.06279605815972224,0.5995300832546563
train,4,0.33985937499999996,0.4158333333333333,0.1413248567708333,0.8172970941883768
train,4,0.14765625,0.2975,0.04392773437499999,0.49632352941176466
train,4,0.513484375,0.3592777777777778,0.18448352517361113,1.4292127338796967
train,4,0.27356250000000004,0.7615833333333334,0.20834064062500005,0.35920231972863553
train,4,0.19403125000000002,0.3236388888888889,0.06279605815972224,0.5995300832546563
train,4,0.33985937499999996,0.4158333333333333,0.1413248567708333,0.8172970941883768
train,4,0.14765625,0.2975,0.04392773437499999,0.49632352941176466
train,4,0.513484375,0.3592777777777778,0.18448352517361113,1.4292127338796967
train,4,0.27356250000000004,0.7615833333333334,0.20834064062500005,0.35920231972863553
train,4,0.19403125000000002,0.3236388888888889,0.06279605815972224,0.5995300832546563
train,4,0.33985937499999996,0.4158333333333333,0.1413248567708333,0.8172970941883768
train,4,0.14765625,0.2975,0.04392773437499999,0.49632352941176466
train,4,0.513484375,0.3592777777777778,0.18448352517361113,1.4292127338796967
train,4,0.27356250000000004,0.7615833333333334,0.20834064062500005,0.35920231972863553
train,4,0.19403125000000002,0.3236388888888889,0.06279605815972224,0.5995300832546563
train,4,0.33985937499999996,0.4158333333333333,0.1413248567708333,0.8172970941883768
train,4,0.14765625,0.2975,0.04392773437499999,0.49632352941176466
train,4,0.513484375,0.3592777777777778,0.18448352517361113,1.4292127338796967
train,4,0.27356250000000004,0.7615833333333334,0.20834064062500005,0.35920231972863553
train,4,0.19403125000000002,0.3236388888888889,0.06279605815972224,0.5995300832546563
train,4,0.33985937499999996,0.4158333333333333,0.1413248567708333,0.8172970941883768
train,4,0.14765625,0.2975,0.04392773437499999,0.49632352941176466
train,4,0.513484375,0.3592777777777778,0.18448352517361113,1.4292127338796967
train,4,0.27356250000000004,0.7615833333333334,0.20834064062500005,0.35920231972863553
train,4,0.19403125000000002,0.3236388888888889,0.06279605815972224,0.5995300832546563
train,4,0.33985937499999996,0.4158333333333333,0.1413248567708333,0.8172970941883768
train,4,0.14765625,0.2975,0.04392773437499999,0.49632352941176466
train,4,0.513484375,0.3592777777777778,0.18448352517361113,1.4292127338796967
train,4,0.27356250000000004,0.7615833333333334,0.20834064062500005,0.35920231972863553
train,4,0.19403125000000002,0.3236388888888889,0.06279605815972224,0.5995300832546563
train,4,0.33985937499999996,0.4158333333333333,0.1413248567708333,0.8172970941883768
train,4,0.14765625,0.2975,0.04392773437499999,0.49632352941176466
train,4,0.513484375,0.3592777777777778,0.18448352517361113,1.4292127338796967
train,4,0.27356250000000004,0.7615833333333334,0.20834064062500005,0.35920231972863553
train,4,0.19403125000000002,0.3236388888888889,0.06279605815972224,0.5995300832546563
train,4,0.33985937499999996,0.4158333333333333,0.1413248567708333,0.8172970941883768
train,4,0.14765625,0.2975,0.04392773437499999,0.49632352941176466
train,2,0.513484375,0.3592777777777778,0.18448352517361113,1.4292127338796967
train,4,0.27356250000000004,0.7615833333333334,0.20834064062500005,0.35920231972863553
train,4,0.19403125000000002,0.3236388888888889,0.06279605815972224,0.5995300832546563
train,4,0.33985937499999996,0.4158333333333333,0.1413248567708333,0.8172970941883768
train,4,0.14765625,0.2975,0.04392773437499999,0.49632352941176466
train,1,0.0398125,0.08863888888888889,0.003528935763888889,0.44915387026010656
train,2,0.513484375,0.3592777777777778,0.18448352517361113,1.4292127338796967
train,4,0.27356250000000004,0.7615833333333334,0.20834064062500005,0.35920231972863553
train,4,0.19403125000000002,0.3236388888888889,0.06279605815972224,0.5995300832546563
train,4,0.33985937499999996,0.4158333333333333,0.1413248567708333,0.8172970941883768
train,4,0.14765625,0.2975,0.04392773437499999,0.49632352941176466
train,1,0.0398125,0.08863888888888889,0.003528935763888889,0.44915387026010656
train,2,0.513484375,0.3592777777777778,0.18448352517361113,1.4292127338796967
train,4,0.27356250000000004,0.7615833333333334,0.20834064062500005,0.35920231972863553
train,4,0.19403125000000002,0.3236388888888889,0.06279605815972224,0.5995300832546563
train,4,0.33985937499999996,0.4158333333333333,0.1413248567708333,0.8172970941883768
train,4,0.14765625,0.2975,0.04392773437499999,0.49632352941176466
train,1,0.0398125,0.08863888888888889,0.003528935763888889,0.44915387026010656
train,2,0.513484375,0.3592777777777778,0.18448352517361113,1.4292127338796967
train,4,0.27356250000000004,0.7615833333333334,0.20834064062500005,0.35920231972863553
train,4,0.19403125000000002,0.3236388888888889,0.06279605815972224,0.5995300832546563
train,4,0.33985937499999996,0.4158333333333333,0.1413248567708333,0.8172970941883768
train,4,0.14765625,0.2975,0.04392773437499999,0.49632352941176466
train,1,0.0398125,0.08863888888888889,0.003528935763888889,0.44915387026010656
train,2,0.513484375,0.3592777777777778,0.18448352517361113,1.4292127338796967
train,4,0.27356250000000004,0.7615833333333334,0.20834064062500005,0.35920231972863553
train,4,0.19403125000000002,0.3236388888888889,0.06279605815972224,0.5995300832546563
train,4,0.33985937499999996,0.4158333333333333,0.1413248567708333,0.8172970941883768
train,4,0.14765625,0.2975,0.04392773437499999,0.49632352941176466
train,1,0.0398125,0.08863888888888889,0.003528935763888889,0.44915387026010656
train,4,0.22334375,0.7863055555555556,0.17561643142361114,0.28404193309075493
train,4,0.376546875,0.32305555555555554,0.12164555989583332,1.16557932072227
train,4,0.20465624999999998,0.3388611111111111,0.06935004427083333,0.6039531928846626
train,0,0.09471874999999999,0.1951111111111111,0.018480680555555552,0.4854605637813212
train,4,0.1753125,0.41425,0.07262320312500001,0.4232045866022933
train,4,0.15546875,0.2941666666666667,0.04573372395833333,0.5285056657223796
train,2,0.513484375,0.3592777777777778,0.18448352517361113,1.4292127338796967
train,4,0.27356250000000004,0.7615833333333334,0.20834064062500005,0.35920231972863553
train,4,0.19403125000000002,0.3236388888888889,0.06279605815972224,0.5995300832546563
train,4,0.33985937499999996,0.4158333333333333,0.1413248567708333,0.8172970941883768
train,4,0.14765625,0.2975,0.04392773437499999,0.49632352941176466
train,1,0.0398125,0.08863888888888889,0.003528935763888889,0.44915387026010656
train,2,0.513484375,0.3592777777777778,0.18448352517361113,1.4292127338796967
train,4,0.27356250000000004,0.7615833333333334,0.20834064062500005,0.35920231972863553
train,4,0.19403125000000002,0.3236388888888889,0.06279605815972224,0.5995300832546563
train,4,0.33985937499999996,0.4158333333333333,0.1413248567708333,0.8172970941883768
train,4,0.14765625,0.2975,0.04392773437499999,0.49632352941176466
train,1,0.0398125,0.08863888888888889,0.003528935763888889,0.44915387026010656
train,2,0.513484375,0.3592777777777778,0.18448352517361113,1.4292127338796967
train,4,0.27356250000000004,0.7615833333333334,0.20834064062500005,0.35920231972863553
train,4,0.19403125000000002,0.3236388888888889,0.06279605815972224,0.5995300832546563
train,4,0.33985937499999996,0.4158333333333333,0.1413248567708333,0.8172970941883768
train,4,0.14765625,0.2975,0.04392773437499999,0.49632352941176466
train,1,0.0398125,0.08863888888888889,0.003528935763888889,0.44915387026010656
train,4,0.513484375,0.3592777777777778,0.18448352517361113,1.4292127338796967
train,4,0.27356250000000004,0.7615833333333334,0.20834064062500005,0.35920231972863553
train,4,0.19403125000000002,0.3236388888888889,0.06279605815972224,0.5995300832546563
train,4,0.33985937499999996,0.4158333333333333,0.1413248567708333,0.8172970941883768
train,4,0.14765625,0.2975,0.04392773437499999,0.49632352941176466
train,4,0.513484375,0.3592777777777778,0.18448352517361113,1.4292127338796967
train,4,0.27356250000000004,0.7615833333333334,0.20834064062500005,0.35920231972863553
train,4,0.19403125000000002,0.3236388888888889,0.06279605815972224,0.5995300832546563
train,4,0.33985937499999996,0.4158333333333333,0.1413248567708333,0.8172970941883768
train,4,0.14765625,0.2975,0.04392773437499999,0.49632352941176466
train,4,0.513484375,0.3592777777777778,0.18448352517361113,1.4292127338796967
train,4,0.27356250000000004,0.7615833333333334,0.20834064062500005,0.35920231972863553
train,4,0.19403125000000002,0.3236388888888889,0.06279605815972224,0.5995300832546563
train,4,0.33985937499999996,0.4158333333333333,0.1413248567708333,0.8172970941883768
train,4,0.14765625,0.2975,0.04392773437499999,0.49632352941176466
train,4,0.513484375,0.3592777777777778,0.18448352517361113,1.4292127338796967
train,4,0.27356250000000004,0.7615833333333334,0.20834064062500005,0.35920231972863553
train,4,0.19403125000000002,0.3236388888888889,0.06279605815972224,0.5995300832546563
train,4,0.33985937499999996,0.4158333333333333,0.1413248567708333,0.8172970941883768
train,4,0.14765625,0.2975,0.04392773437499999,0.49632352941176466
train,2,0.513484375,0.3592777777777778,0.18448352517361113,1.4292127338796967
train,4,0.27356250000000004,0.7615833333333334,0.20834064062500005,0.35920231972863553
train,4,0.19403125000000002,0.3236388888888889,0.06279605815972224,0.5995300832546563
train,4,0.33985937499999996,0.4158333333333333,0.1413248567708333,0.8172970941883768
train,4,0.14765625,0.2975,0.04392773437499999,0.49632352941176466
train,1,0.03746875,0.08305555555555555,0.003111987847222222,0.45112876254180606
train,2,0.513484375,0.3592777777777778,0.18448352517361113,1.4292127338796967
train,4,0.27356250000000004,0.7615833333333334,0.20834064062500005,0.35920231972863553
train,4,0.19403125000000002,0.3236388888888889,0.06279605815972224,0.5995300832546563
train,4,0.33985937499999996,0.4158333333333333,0.1413248567708333,0.8172970941883768
train,4,0.14765625,0.2975,0.04392773437499999,0.49632352941176466
train,1,0.03746875,0.08305555555555555,0.003111987847222222,0.45112876254180606
train,4,0.22334375,0.7863055555555556,0.17561643142361114,0.28404193309075493
train,4,0.376546875,0.32305555555555554,0.12164555989583332,1.16557932072227
train,4,0.20465624999999998,0.3388611111111111,0.06935004427083333,0.6039531928846626
train,0,0.09471874999999999,0.1951111111111111,0.018480680555555552,0.4854605637813212
train,4,0.1753125,0.41425,0.07262320312500001,0.4232045866022933
train,4,0.15546875,0.2941666666666667,0.04573372395833333,0.5285056657223796
train,2,0.513484375,0.3592777777777778,0.18448352517361113,1.4292127338796967
train,4,0.27356250000000004,0.7615833333333334,0.20834064062500005,0.35920231972863553
train,4,0.19403125000000002,0.3236388888888889,0.06279605815972224,0.5995300832546563
train,4,0.33985937499999996,0.4158333333333333,0.1413248567708333,0.8172970941883768
train,4,0.14765625,0.2975,0.04392773437499999,0.49632352941176466
train,1,0.03746875,0.08305555555555555,0.003111987847222222,0.45112876254180606
train,4,0.513484375,0.3592777777777778,0.18448352517361113,1.4292127338796967
train,4,0.27356250000000004,0.7615833333333334,0.20834064062500005,0.35920231972863553
train,4,0.19403125000000002,0.3236388888888889,0.06279605815972224,0.5995300832546563
train,4,0.33985937499999996,0.4158333333333333,0.1413248567708333,0.8172970941883768
train,4,0.14765625,0.2975,0.04392773437499999,0.49632352941176466
train,4,0.513484375,0.3592777777777778,0.18448352517361113,1.4292127338796967
train,4,0.27356250000000004,0.7615833333333334,0.20834064062500005,0.35920231972863553
train,4,0.19403125000000002,0.3236388888888889,0.06279605815972224,0.5995300832546563
train,4,0.33985937499999996,0.4158333333333333,0.1413248567708333,0.8172970941883768
train,4,0.14765625,0.2975,0.04392773437499999,0.49632352941176466
train,4,0.21223437500000003,0.7753333333333333,0.1645523854166667,0.27373307179707657
train,4,0.338140625,0.3645833333333333,0.12328043619791665,0.9274714285714285
train,4,0.20465624999999998,0.3388611111111111,0.06935004427083333,0.6039531928846626
train,0,0.13115625,0.21375,0.0280346484375,0.6135964912280703
train,4,0.1753125,0.41425,0.07262320312500001,0.4232045866022933
train,4,0.513484375,0.3592777777777778,0.18448352517361113,1.4292127338796967
train,4,0.27356250000000004,0.7615833333333334,0.20834064062500005,0.35920231972863553
train,4,0.19403125000000002,0.3236388888888889,0.06279605815972224,0.5995300832546563
train,4,0.33985937499999996,0.4158333333333333,0.1413248567708333,0.8172970941883768
train,4,0.14765625,0.2975,0.04392773437499999,0.49632352941176466
train,4,0.513484375,0.3592777777777778,0.18448352517361113,1.4292127338796967
train,4,0.27356250000000004,0.7615833333333334,0.20834064062500005,0.35920231972863553
train,4,0.19403125000000002,0.3236388888888889,0.06279605815972224,0.5995300832546563
train,4,0.33985937499999996,0.4158333333333333,0.1413248567708333,0.8172970941883768
train,4,0.14765625,0.2975,0.04392773437499999,0.49632352941176466
train,2,0.513484375,0.3592777777777778,0.18448352517361113,1.4292127338796967
train,4,0.27356250000000004,0.7615833333333334,0.20834064062500005,0.35920231972863553
train,4,0.19403125000000002,0.3236388888888889,0.06279605815972224,0.5995300832546563
train,4,0.33985937499999996,0.4158333333333333,0.1413248567708333,0.8172970941883768
train,4,0.14765625,0.2975,0.04392773437499999,0.49632352941176466
train,1,0.03675,0.07530555555555556,0.0027674791666666664,0.48801180376244924
train,2,0.513484375,0.3592777777777778,0.18448352517361113,1.4292127338796967
train,4,0.27356250000000004,0.7615833333333334,0.20834064062500005,0.35920231972863553
train,4,0.19403125000000002,0.3236388888888889,0.06279605815972224,0.5995300832546563
train,4,0.33985937499999996,0.4158333333333333,0.1413248567708333,0.8172970941883768
train,4,0.14765625,0.2975,0.04392773437499999,0.49632352941176466
train,1,0.03675,0.07530555555555556,0.0027674791666666664,0.48801180376244924
train,2,0.513484375,0.3592777777777778,0.18448352517361113,1.4292127338796967
train,4,0.27356250000000004,0.7615833333333334,0.20834064062500005,0.35920231972863553
train,4,0.19403125000000002,0.3236388888888889,0.06279605815972224,0.5995300832546563
train,4,0.33985937499999996,0.4158333333333333,0.1413248567708333,0.8172970941883768
train,4,0.14765625,0.2975,0.04392773437499999,0.49632352941176466
train,1,0.03675,0.07530555555555556,0.0027674791666666664,0.48801180376244924
train,2,0.513484375,0.3592777777777778,0.18448352517361113,1.4292127338796967
train,4,0.27356250000000004,0.7615833333333334,0.20834064062500005,0.35920231972863553
train,4,0.19403125000000002,0.3236388888888889,0.06279605815972224,0.5995300832546563
train,4,0.33985937499999996,0.4158333333333333,0.1413248567708333,0.8172970941883768
train,4,0.14765625,0.2975,0.04392773437499999,0.49632352941176466
train,1,0.03675,0.07530555555555556,0.0027674791666666664,0.48801180376244924
train,2,0.513484375,0.3592777777777778,0.18448352517361113,1.4292127338796967
train,4,0.27356250000000004,0.7615833333333334,0.20834064062500005,0.35920231972863553
train,4,0.19403125000000002,0.3236388888888889,0.06279605815972224,0.5995300832546563
train,2,0.33985937499999996,0.4158333333333333,0.1413248567708333,0.8172970941883768
train,4,0.14765625,0.2975,0.04392773437499999,0.49632352941176466
train,1,0.03675,0.07530555555555556,0.0027674791666666664,0.48801180376244924
train,1,0.141828125,0.15641666666666668,0.022184282552083334,0.9067328183271177
train,2,0.513484375,0.3592777777777778,0.18448352517361113,1.4292127338796967
train,4,0.27356250000000004,0.7615833333333334,0.20834064062500005,0.35920231972863553
train,4,0.19403125000000002,0.3236388888888889,0.06279605815972224,0.5995300832546563
train,2,0.33985937499999996,0.4158333333333333,0.1413248567708333,0.8172970941883768
train,4,0.14765625,0.2975,0.04392773437499999,0.49632352941176466
train,1,0.03675,0.07530555555555556,0.0027674791666666664,0.48801180376244924
train,1,0.141828125,0.15641666666666668,0.022184282552083334,0.9067328183271177
train,2,0.513484375,0.3592777777777778,0.18448352517361113,1.4292127338796967
train,4,0.27356250000000004,0.7615833333333334,0.20834064062500005,0.35920231972863553
train,4,0.19403125000000002,0.3236388888888889,0.06279605815972224,0.5995300832546563
train,2,0.33985937499999996,0.4158333333333333,0.1413248567708333,0.8172970941883768
train,4,0.14765625,0.2975,0.04392773437499999,0.49632352941176466
train,1,0.03675,0.07530555555555556,0.0027674791666666664,0.48801180376244924
train,1,0.141828125,0.15641666666666668,0.022184282552083334,0.9067328183271177
train,2,0.513484375,0.3592777777777778,0.18448352517361113,1.4292127338796967
train,4,0.27356250000000004,0.7615833333333334,0.20834064062500005,0.35920231972863553
train,4,0.19403125000000002,0.3236388888888889,0.06279605815972224,0.5995300832546563
train,2,0.33985937499999996,0.4158333333333333,0.1413248567708333,0.8172970941883768
train,4,0.14765625,0.2975,0.04392773437499999,0.49632352941176466
train,1,0.03675,0.07530555555555556,0.0027674791666666664,0.48801180376244924
train,1,0.141828125,0.15641666666666668,0.022184282552083334,0.9067328183271177
train,4,0.22334375,0.7863055555555556,0.17561643142361114,0.28404193309075493
train,4,0.376546875,0.32305555555555554,0.12164555989583332,1.16557932072227
train,4,0.20465624999999998,0.3388611111111111,0.06935004427083333,0.6039531928846626
train,0,0.09471874999999999,0.1951111111111111,0.018480680555555552,0.4854605637813212
train,4,0.1753125,0.41425,0.07262320312500001,0.4232045866022933
train,4,0.15546875,0.2941666666666667,0.04573372395833333,0.5285056657223796
train,2,0.513484375,0.3592777777777778,0.18448352517361113,1.4292127338796967
train,4,0.27356250000000004,0.7615833333333334,0.20834064062500005,0.35920231972863553
train,4,0.19403125000000002,0.3236388888888889,0.06279605815972224,0.5995300832546563
train,2,0.33985937499999996,0.4158333333333333,0.1413248567708333,0.8172970941883768
train,4,0.14765625,0.2975,0.04392773437499999,0.49632352941176466
train,1,0.03675,0.07530555555555556,0.0027674791666666664,0.48801180376244924
train,1,0.141828125,0.15641666666666668,0.022184282552083334,0.9067328183271177
train,2,0.513484375,0.3592777777777778,0.18448352517361113,1.4292127338796967
train,4,0.27356250000000004,0.7615833333333334,0.20834064062500005,0.35920231972863553
train,4,0.19403125000000002,0.3236388888888889,0.06279605815972224,0.5995300832546563
train,2,0.33985937499999996,0.4158333333333333,0.1413248567708333,0.8172970941883768
train,4,0.14765625,0.2975,0.04392773437499999,0.49632352941176466
train,1,0.03675,0.07530555555555556,0.0027674791666666664,0.48801180376244924
train,1,0.141828125,0.15641666666666668,0.022184282552083334,0.9067328183271177
train,2,0.513484375,0.3592777777777778,0.18448352517361113,1.4292127338796967
train,4,0.27356250000000004,0.7615833333333334,0.20834064062500005,0.35920231972863553
train,4,0.19403125000000002,0.3236388888888889,0.06279605815972224,0.5995300832546563
train,2,0.33985937499999996,0.4158333333333333,0.1413248567708333,0.8172970941883768
train,4,0.14765625,0.2975,0.04392773437499999,0.49632352941176466
train,1,0.03675,0.07530555555555556,0.0027674791666666664,0.48801180376244924
train,1,0.141828125,0.15641666666666668,0.022184282552083334,0.9067328183271177
train,4,0.513484375,0.3592777777777778,0.18448352517361113,1.4292127338796967
train,4,0.27356250000000004,0.7615833333333334,0.20834064062500005,0.35920231972863553
train,4,0.19403125000000002,0.3236388888888889,0.06279605815972224,0.5995300832546563
train,2,0.33985937499999996,0.4158333333333333,0.1413248567708333,0.8172970941883768
train,4,0.14765625,0.2975,0.04392773437499999,0.49632352941176466
train,1,0.141828125,0.15641666666666668,0.022184282552083334,0.9067328183271177
train,2,0.513484375,0.3592777777777778,0.18448352517361113,1.4292127338796967
train,4,0.27356250000000004,0.7615833333333334,0.20834064062500005,0.35920231972863553
train,4,0.19403125000000002,0.3236388888888889,0.06279605815972224,0.5995300832546563
train,5,0.25390625,0.4158333333333333,0.10558268229166665,0.6105961923847696
train,4,0.14765625,0.2975,0.04392773437499999,0.49632352941176466
train,1,0.037546875,0.06730555555555556,0.0025271132812500004,0.5578569954601733
train,4,0.22334375,0.7863055555555556,0.17561643142361114,0.28404193309075493
train,4,0.376546875,0.32305555555555554,0.12164555989583332,1.16557932072227
train,4,0.20465624999999998,0.3388611111111111,0.06935004427083333,0.6039531928846626
train,0,0.09471874999999999,0.1951111111111111,0.018480680555555552,0.4854605637813212
train,4,0.1753125,0.41425,0.07262320312500001,0.4232045866022933
train,4,0.15546875,0.2941666666666667,0.04573372395833333,0.5285056657223796
train,2,0.513484375,0.3592777777777778,0.18448352517361113,1.4292127338796967
train,4,0.27356250000000004,0.7615833333333334,0.20834064062500005,0.35920231972863553
train,4,0.19403125000000002,0.3236388888888889,0.06279605815972224,0.5995300832546563
train,5,0.25390625,0.4158333333333333,0.10558268229166665,0.6105961923847696
train,4,0.14765625,0.2975,0.04392773437499999,0.49632352941176466
train,1,0.037546875,0.06730555555555556,0.0025271132812500004,0.5578569954601733
train,2,0.513484375,0.3592777777777778,0.18448352517361113,1.4292127338796967
train,4,0.27356250000000004,0.7615833333333334,0.20834064062500005,0.35920231972863553
train,4,0.19403125000000002,0.3236388888888889,0.06279605815972224,0.5995300832546563
train,5,0.25390625,0.4158333333333333,0.10558268229166665,0.6105961923847696
train,4,0.14765625,0.2975,0.04392773437499999,0.49632352941176466
train,1,0.037546875,0.06730555555555556,0.0025271132812500004,0.5578569954601733
train,2,0.513484375,0.3592777777777778,0.18448352517361113,1.4292127338796967
train,4,0.27356250000000004,0.7615833333333334,0.20834064062500005,0.35920231972863553
train,4,0.19403125000000002,0.3236388888888889,0.06279605815972224,0.5995300832546563
train,5,0.25390625,0.4158333333333333,0.10558268229166665,0.6105961923847696
train,4,0.14765625,0.2975,0.04392773437499999,0.49632352941176466
train,1,0.037546875,0.06730555555555556,0.0025271132812500004,0.5578569954601733
train,2,0.513484375,0.3592777777777778,0.18448352517361113,1.4292127338796967
train,4,0.27356250000000004,0.7615833333333334,0.20834064062500005,0.35920231972863553
train,4,0.19403125000000002,0.3236388888888889,0.06279605815972224,0.5995300832546563
train,5,0.20993750000000003,0.2154722222222222,0.04523569965277778,0.9743135232693053
train,4,0.14765625,0.2975,0.04392773437499999,0.49632352941176466
train,1,0.037546875,0.06730555555555556,0.0025271132812500004,0.5578569954601733
train,4,0.10646875,0.3078888888888889,0.03278054513888889,0.34580250811981234
train,2,0.513484375,0.3592777777777778,0.18448352517361113,1.4292127338796967
train,4,0.27356250000000004,0.7615833333333334,0.20834064062500005,0.35920231972863553
train,4,0.19403125000000002,0.3236388888888889,0.06279605815972224,0.5995300832546563
train,5,0.20993750000000003,0.2154722222222222,0.04523569965277778,0.9743135232693053
train,4,0.14765625,0.2975,0.04392773437499999,0.49632352941176466
train,1,0.037546875,0.06730555555555556,0.0025271132812500004,0.5578569954601733
train,4,0.10646875,0.3078888888888889,0.03278054513888889,0.34580250811981234
train,2,0.513484375,0.3592777777777778,0.18448352517361113,1.4292127338796967
train,4,0.27356250000000004,0.7615833333333334,0.20834064062500005,0.35920231972863553
train,4,0.19403125000000002,0.3236388888888889,0.06279605815972224,0.5995300832546563
train,4,0.3479375,0.3254444444444444,0.11323432638888889,1.0691148856264938
train,4,0.14765625,0.2975,0.04392773437499999,0.49632352941176466
train,1,0.037546875,0.06730555555555556,0.0025271132812500004,0.5578569954601733
train,4,0.10646875,0.3078888888888889,0.03278054513888889,0.34580250811981234
train,2,0.513484375,0.3592777777777778,0.18448352517361113,1.4292127338796967
train,4,0.27356250000000004,0.7615833333333334,0.20834064062500005,0.35920231972863553
train,4,0.19403125000000002,0.3236388888888889,0.06279605815972224,0.5995300832546563
train,4,0.424421875,0.3254444444444444,0.13812574131944444,1.3041300358484125
train,4,0.14765625,0.2975,0.04392773437499999,0.49632352941176466
train,1,0.037546875,0.06730555555555556,0.0025271132812500004,0.5578569954601733
train,2,0.513484375,0.3592777777777778,0.18448352517361113,1.4292127338796967
train,4,0.27356250000000004,0.7615833333333334,0.20834064062500005,0.35920231972863553
train,4,0.19403125000000002,0.3236388888888889,0.06279605815972224,0.5995300832546563
train,4,0.424421875,0.3254444444444444,0.13812574131944444,1.3041300358484125
train,4,0.14765625,0.2975,0.04392773437499999,0.49632352941176466
train,1,0.037546875,0.06730555555555556,0.0025271132812500004,0.5578569954601733
train,2,0.513484375,0.3592777777777778,0.18448352517361113,1.4292127338796967
train,4,0.27356250000000004,0.7615833333333334,0.20834064062500005,0.35920231972863553
train,4,0.19403125000000002,0.3236388888888889,0.06279605815972224,0.5995300832546563
train,4,0.424421875,0.3254444444444444,0.13812574131944444,1.3041300358484125
train,4,0.14765625,0.2975,0.04392773437499999,0.49632352941176466
train,1,0.037546875,0.06730555555555556,0.0025271132812500004,0.5578569954601733
train,2,0.513484375,0.3592777777777778,0.18448352517361113,1.4292127338796967
train,4,0.27356250000000004,0.7615833333333334,0.20834064062500005,0.35920231972863553
train,4,0.19403125000000002,0.3236388888888889,0.06279605815972224,0.5995300832546563
train,4,0.424421875,0.3254444444444444,0.13812574131944444,1.3041300358484125
train,4,0.14765625,0.2975,0.04392773437499999,0.49632352941176466
train,1,0.037546875,0.06730555555555556,0.0025271132812500004,0.5578569954601733
train,4,0.2578125,0.6335,0.16332421875,0.40696527229676405
train,4,0.376546875,0.32305555555555554,0.12164555989583332,1.16557932072227
train,4,0.20465624999999998,0.3388611111111111,0.06935004427083333,0.6039531928846626
train,0,0.09471874999999999,0.1951111111111111,0.018480680555555552,0.4854605637813212
train,4,0.1753125,0.41425,0.07262320312500001,0.4232045866022933
train,4,0.15546875,0.2941666666666667,0.04573372395833333,0.5285056657223796
train,2,0.513484375,0.3592777777777778,0.18448352517361113,1.4292127338796967
train,4,0.27356250000000004,0.7615833333333334,0.20834064062500005,0.35920231972863553
train,4,0.19403125000000002,0.3236388888888889,0.06279605815972224,0.5995300832546563
train,4,0.424421875,0.3254444444444444,0.13812574131944444,1.3041300358484125
train,4,0.14765625,0.2975,0.04392773437499999,0.49632352941176466
train,1,0.037546875,0.06730555555555556,0.0025271132812500004,0.5578569954601733
train,2,0.513484375,0.3592777777777778,0.18448352517361113,1.4292127338796967
train,4,0.27356250000000004,0.7615833333333334,0.20834064062500005,0.35920231972863553
train,4,0.19403125000000002,0.3236388888888889,0.06279605815972224,0.5995300832546563
train,4,0.424421875,0.3254444444444444,0.13812574131944444,1.3041300358484125
train,4,0.14765625,0.2975,0.04392773437499999,0.49632352941176466
train,1,0.037546875,0.06730555555555556,0.0025271132812500004,0.5578569954601733
train,2,0.513484375,0.3592777777777778,0.18448352517361113,1.4292127338796967
train,4,0.27356250000000004,0.7615833333333334,0.20834064062500005,0.35920231972863553
train,4,0.19403125000000002,0.3236388888888889,0.06279605815972224,0.5995300832546563
train,4,0.424421875,0.3254444444444444,0.13812574131944444,1.3041300358484125
train,4,0.14765625,0.2975,0.04392773437499999,0.49632352941176466
train,1,0.037546875,0.06730555555555556,0.0025271132812500004,0.5578569954601733
train,2,0.513484375,0.3592777777777778,0.18448352517361113,1.4292127338796967
train,4,0.27356250000000004,0.7615833333333334,0.20834064062500005,0.35920231972863553
train,4,0.19403125000000002,0.3236388888888889,0.06279605815972224,0.5995300832546563
train,4,0.424421875,0.3254444444444444,0.13812574131944444,1.3041300358484125
train,4,0.14765625,0.2975,0.04392773437499999,0.49632352941176466
train,1,0.037546875,0.06730555555555556,0.0025271132812500004,0.5578569954601733
train,2,0.513484375,0.3592777777777778,0.18448352517361113,1.4292127338796967
train,4,0.27356250000000004,0.7615833333333334,0.20834064062500005,0.35920231972863553
train,4,0.19403125000000002,0.3236388888888889,0.06279605815972224,0.5995300832546563
train,4,0.424421875,0.3254444444444444,0.13812574131944444,1.3041300358484125
train,4,0.14765625,0.2975,0.04392773437499999,0.49632352941176466
train,1,0.037546875,0.06730555555555556,0.0025271132812500004,0.5578569954601733
train,2,0.513484375,0.3592777777777778,0.18448352517361113,1.4292127338796967
train,4,0.27356250000000004,0.7615833333333334,0.20834064062500005,0.35920231972863553
train,4,0.19403125000000002,0.3236388888888889,0.06279605815972224,0.5995300832546563
train,4,0.424421875,0.3254444444444444,0.13812574131944444,1.3041300358484125
train,4,0.14765625,0.2975,0.04392773437499999,0.49632352941176466
train,1,0.037546875,0.06730555555555556,0.0025271132812500004,0.5578569954601733
train,2,0.513484375,0.3592777777777778,0.18448352517361113,1.4292127338796967
train,4,0.27356250000000004,0.7615833333333334,0.20834064062500005,0.35920231972863553
train,4,0.19403125000000002,0.3236388888888889,0.06279605815972224,0.5995300832546563
train,4,0.424421875,0.3254444444444444,0.13812574131944444,1.3041300358484125
train,4,0.14765625,0.2975,0.04392773437499999,0.49632352941176466
train,1,0.037546875,0.06730555555555556,0.0025271132812500004,0.5578569954601733
train,4,0.41448437499999996,0.35880555555555554,0.1487192964409722,1.1551782534644266
train,4,0.33332812500000003,0.7060277777777777,0.23533891536458332,0.4721175787858521
train,4,0.2033125,0.3236111111111111,0.06579418402777779,0.6282618025751073
train,4,0.14846874999999998,0.2733333333333334,0.040581458333333334,0.5431783536585364
train,4,0.376953125,0.3693055555555555,0.13921088324652775,1.0207079729221513
train,4,0.41448437499999996,0.35877777777777775,0.1487077829861111,1.1552676912356767
train,4,0.33332812500000003,0.7060277777777777,0.23533891536458332,0.4721175787858521
train,4,0.2033125,0.3236111111111111,0.06579418402777779,0.6282618025751073
train,4,0.14846874999999998,0.2733333333333334,0.040581458333333334,0.5431783536585364
train,4,0.376953125,0.3693055555555555,0.13921088324652775,1.0207079729221513
train,4,0.41448437499999996,0.35877777777777775,0.1487077829861111,1.1552676912356767
train,4,0.33332812500000003,0.7060277777777777,0.23533891536458332,0.4721175787858521
train,4,0.2033125,0.3236111111111111,0.06579418402777779,0.6282618025751073
train,4,0.14846874999999998,0.2733333333333334,0.040581458333333334,0.5431783536585364
train,4,0.376953125,0.3693055555555555,0.13921088324652775,1.0207079729221513
train,4,0.41448437499999996,0.35877777777777775,0.1487077829861111,1.1552676912356767
train,4,0.33332812500000003,0.7060277777777777,0.23533891536458332,0.4721175787858521
train,4,0.2033125,0.3236111111111111,0.06579418402777779,0.6282618025751073
train,4,0.14846874999999998,0.2733333333333334,0.040581458333333334,0.5431783536585364
train,4,0.376953125,0.3693055555555555,0.13921088324652775,1.0207079729221513
train,4,0.41448437499999996,0.35877777777777775,0.1487077829861111,1.1552676912356767
train,4,0.33332812500000003,0.7060277777777777,0.23533891536458332,0.4721175787858521
train,4,0.2033125,0.3236111111111111,0.06579418402777779,0.6282618025751073
train,4,0.14846874999999998,0.2733333333333334,0.040581458333333334,0.5431783536585364
train,4,0.376953125,0.3693055555555555,0.13921088324652775,1.0207079729221513
train,4,0.41448437499999996,0.35877777777777775,0.1487077829861111,1.1552676912356767
train,4,0.33332812500000003,0.7060277777777777,0.23533891536458332,0.4721175787858521
train,4,0.2033125,0.3236111111111111,0.06579418402777779,0.6282618025751073
train,4,0.14846874999999998,0.2733333333333334,0.040581458333333334,0.5431783536585364
train,4,0.376953125,0.3693055555555555,0.13921088324652775,1.0207079729221513
train,4,0.11754687500000001,0.20694444444444443,0.024325672743055554,0.568011744966443
train,4,0.2578125,0.6335,0.16332421875,0.40696527229676405
train,4,0.376546875,0.32305555555555554,0.12164555989583332,1.16557932072227
train,4,0.20465624999999998,0.3388611111111111,0.06935004427083333,0.6039531928846626
train,0,0.09471874999999999,0.1951111111111111,0.018480680555555552,0.4854605637813212
train,4,0.1753125,0.41425,0.07262320312500001,0.4232045866022933
train,4,0.15546875,0.2941666666666667,0.04573372395833333,0.5285056657223796
train,4,0.41448437499999996,0.35877777777777775,0.1487077829861111,1.1552676912356767
train,4,0.33332812500000003,0.7060277777777777,0.23533891536458332,0.4721175787858521
train,4,0.2033125,0.3236111111111111,0.06579418402777779,0.6282618025751073
train,4,0.14846874999999998,0.2733333333333334,0.040581458333333334,0.5431783536585364
train,4,0.376953125,0.3693055555555555,0.13921088324652775,1.0207079729221513
train,4,0.11754687500000001,0.20694444444444443,0.024325672743055554,0.568011744966443
train,4,0.41448437499999996,0.35877777777777775,0.1487077829861111,1.1552676912356767
train,4,0.33332812500000003,0.7060277777777777,0.23533891536458332,0.4721175787858521
train,4,0.2033125,0.3236111111111111,0.06579418402777779,0.6282618025751073
train,4,0.14846874999999998,0.2733333333333334,0.040581458333333334,0.5431783536585364
train,4,0.376953125,0.3693055555555555,0.13921088324652775,1.0207079729221513
train,4,0.11754687500000001,0.20694444444444443,0.024325672743055554,0.568011744966443
train,4,0.41448437499999996,0.35877777777777775,0.1487077829861111,1.1552676912356767
train,4,0.33332812500000003,0.7060277777777777,0.23533891536458332,0.4721175787858521
train,4,0.2033125,0.3236111111111111,0.06579418402777779,0.6282618025751073
train,4,0.14846874999999998,0.2733333333333334,0.040581458333333334,0.5431783536585364
train,4,0.376953125,0.3693055555555555,0.13921088324652775,1.0207079729221513
train,4,0.11754687500000001,0.20694444444444443,0.024325672743055554,0.568011744966443
train,4,0.41448437499999996,0.35877777777777775,0.1487077829861111,1.1552676912356767
train,4,0.33332812500000003,0.7060277777777777,0.23533891536458332,0.4721175787858521
train,4,0.2033125,0.3236111111111111,0.06579418402777779,0.6282618025751073
train,4,0.14846874999999998,0.2733333333333334,0.040581458333333334,0.5431783536585364
train,4,0.376953125,0.3693055555555555,0.13921088324652775,1.0207079729221513
train,4,0.11754687500000001,0.20694444444444443,0.024325672743055554,0.568011744966443
train,4,0.41448437499999996,0.35877777777777775,0.1487077829861111,1.1552676912356767
train,4,0.33332812500000003,0.7060277777777777,0.23533891536458332,0.4721175787858521
train,4,0.2033125,0.3236111111111111,0.06579418402777779,0.6282618025751073
train,4,0.14846874999999998,0.2733333333333334,0.040581458333333334,0.5431783536585364
train,4,0.376953125,0.3693055555555555,0.13921088324652775,1.0207079729221513
train,4,0.11754687500000001,0.20694444444444443,0.024325672743055554,0.568011744966443
train,4,0.41448437499999996,0.35877777777777775,0.1487077829861111,1.1552676912356767
train,4,0.33332812500000003,0.7060277777777777,0.23533891536458332,0.4721175787858521
train,4,0.2033125,0.3236111111111111,0.06579418402777779,0.6282618025751073
train,4,0.14846874999999998,0.2733333333333334,0.040581458333333334,0.5431783536585364
train,4,0.376953125,0.3693055555555555,0.13921088324652775,1.0207079729221513
train,4,0.11754687500000001,0.20694444444444443,0.024325672743055554,0.568011744966443
train,4,0.42242187500000006,0.4288611111111111,0.1811603146701389,0.9849852645896757
train,4,0.33332812500000003,0.7060277777777777,0.23533891536458332,0.4721175787858521
train,4,0.2033125,0.3236111111111111,0.06579418402777779,0.6282618025751073
train,4,0.14846874999999998,0.2733333333333334,0.040581458333333334,0.5431783536585364
train,4,0.376953125,0.3693055555555555,0.13921088324652775,1.0207079729221513
train,4,0.11754687500000001,0.20694444444444443,0.024325672743055554,0.568011744966443
train,4,0.2578125,0.6335,0.16332421875,0.40696527229676405
train,4,0.376546875,0.32305555555555554,0.12164555989583332,1.16557932072227
train,4,0.20465624999999998,0.3388611111111111,0.06935004427083333,0.6039531928846626
train,0,0.09471874999999999,0.1951111111111111,0.018480680555555552,0.4854605637813212
train,4,0.1753125,0.41425,0.07262320312500001,0.4232045866022933
train,4,0.15546875,0.2941666666666667,0.04573372395833333,0.5285056657223796
train,4,0.42242187500000006,0.42883333333333334,0.1811485807291667,0.9850490672366888
train,4,0.33332812500000003,0.7060277777777777,0.23533891536458332,0.4721175787858521
train,4,0.2033125,0.3236111111111111,0.06579418402777779,0.6282618025751073
train,4,0.14846874999999998,0.2733333333333334,0.040581458333333334,0.5431783536585364
train,4,0.376953125,0.3693055555555555,0.13921088324652775,1.0207079729221513
train,4,0.11754687500000001,0.20694444444444443,0.024325672743055554,0.568011744966443
train,4,0.437625,0.38625000000000004,0.16903265625000002,1.1330097087378639
train,4,0.33332812500000003,0.7060277777777777,0.23533891536458332,0.4721175787858521
train,4,0.2033125,0.3236111111111111,0.06579418402777779,0.6282618025751073
train,4,0.14846874999999998,0.2733333333333334,0.040581458333333334,0.5431783536585364
train,4,0.376953125,0.3693055555555555,0.13921088324652775,1.0207079729221513
train,4,0.11754687500000001,0.20694444444444443,0.024325672743055554,0.568011744966443
train,4,0.437625,0.38625000000000004,0.16903265625000002,1.1330097087378639
train,4,0.33332812500000003,0.7060277777777777,0.23533891536458332,0.4721175787858521
train,4,0.2033125,0.3236111111111111,0.06579418402777779,0.6282618025751073
train,4,0.14846874999999998,0.2733333333333334,0.040581458333333334,0.5431783536585364
train,4,0.376953125,0.3693055555555555,0.13921088324652775,1.0207079729221513
train,4,0.11754687500000001,0.20694444444444443,0.024325672743055554,0.568011744966443
train,4,0.437625,0.38625000000000004,0.16903265625000002,1.1330097087378639
train,4,0.33332812500000003,0.7060277777777777,0.23533891536458332,0.4721175787858521
train,4,0.2033125,0.3236111111111111,0.06579418402777779,0.6282618025751073
train,4,0.14846874999999998,0.2733333333333334,0.040581458333333334,0.5431783536585364
train,4,0.376953125,0.3693055555555555,0.13921088324652775,1.0207079729221513
train,4,0.11754687500000001,0.20694444444444443,0.024325672743055554,0.568011744966443
train,4,0.437625,0.38625000000000004,0.16903265625000002,1.1330097087378639
train,4,0.33332812500000003,0.7060277777777777,0.23533891536458332,0.4721175787858521
train,4,0.2033125,0.3236111111111111,0.06579418402777779,0.6282618025751073
train,4,0.14846874999999998,0.2733333333333334,0.040581458333333334,0.5431783536585364
train,4,0.376953125,0.3693055555555555,0.13921088324652775,1.0207079729221513
train,4,0.11754687500000001,0.20694444444444443,0.024325672743055554,0.568011744966443
train,4,0.437625,0.38625000000000004,0.16903265625000002,1.1330097087378639
train,4,0.33332812500000003,0.7060277777777777,0.23533891536458332,0.4721175787858521
train,4,0.2033125,0.3236111111111111,0.06579418402777779,0.6282618025751073
train,4,0.14846874999999998,0.2733333333333334,0.040581458333333334,0.5431783536585364
train,2,0.376953125,0.3693055555555555,0.13921088324652775,1.0207079729221513
train,4,0.11754687500000001,0.20694444444444443,0.024325672743055554,0.568011744966443
train,1,0.102125,0.08883333333333333,0.009072104166666666,1.149624765478424
train,4,0.437625,0.38625000000000004,0.16903265625000002,1.1330097087378639
train,4,0.33332812500000003,0.7060277777777777,0.23533891536458332,0.4721175787858521
train,4,0.2033125,0.3236111111111111,0.06579418402777779,0.6282618025751073
train,4,0.14846874999999998,0.2733333333333334,0.040581458333333334,0.5431783536585364
train,2,0.376953125,0.3693055555555555,0.13921088324652775,1.0207079729221513
train,4,0.11754687500000001,0.20694444444444443,0.024325672743055554,0.568011744966443
train,1,0.102125,0.08883333333333333,0.009072104166666666,1.149624765478424
train,4,0.437625,0.38625000000000004,0.16903265625000002,1.1330097087378639
train,4,0.33332812500000003,0.7060277777777777,0.23533891536458332,0.4721175787858521
train,4,0.2033125,0.3236111111111111,0.06579418402777779,0.6282618025751073
train,4,0.14846874999999998,0.2733333333333334,0.040581458333333334,0.5431783536585364
train,2,0.376953125,0.3693055555555555,0.13921088324652775,1.0207079729221513
train,4,0.11754687500000001,0.20694444444444443,0.024325672743055554,0.568011744966443
train,1,0.102125,0.08883333333333333,0.009072104166666666,1.149624765478424
train,4,0.437625,0.38625000000000004,0.16903265625000002,1.1330097087378639
train,4,0.33332812500000003,0.7060277777777777,0.23533891536458332,0.4721175787858521
train,4,0.2033125,0.3236111111111111,0.06579418402777779,0.6282618025751073
train,4,0.14846874999999998,0.2733333333333334,0.040581458333333334,0.5431783536585364
train,2,0.376953125,0.3693055555555555,0.13921088324652775,1.0207079729221513
train,4,0.11754687500000001,0.20694444444444443,0.024325672743055554,0.568011744966443
train,1,0.102125,0.08883333333333333,0.009072104166666666,1.149624765478424
train,4,0.437625,0.38625000000000004,0.16903265625000002,1.1330097087378639
train,4,0.33332812500000003,0.7060277777777777,0.23533891536458332,0.4721175787858521
train,4,0.2033125,0.3236111111111111,0.06579418402777779,0.6282618025751073
train,4,0.14846874999999998,0.2733333333333334,0.040581458333333334,0.5431783536585364
train,2,0.376953125,0.3693055555555555,0.13921088324652775,1.0207079729221513
train,4,0.11754687500000001,0.20694444444444443,0.024325672743055554,0.568011744966443
train,1,0.102125,0.08883333333333333,0.009072104166666666,1.149624765478424
train,4,0.437625,0.38625000000000004,0.16903265625000002,1.1330097087378639
train,4,0.33332812500000003,0.7060277777777777,0.23533891536458332,0.4721175787858521
train,4,0.2033125,0.3236111111111111,0.06579418402777779,0.6282618025751073
train,4,0.14846874999999998,0.2733333333333334,0.040581458333333334,0.5431783536585364
train,2,0.376953125,0.3693055555555555,0.13921088324652775,1.0207079729221513
train,4,0.11754687500000001,0.20694444444444443,0.024325672743055554,0.568011744966443
train,1,0.102125,0.08883333333333333,0.009072104166666666,1.149624765478424
train,4,0.437625,0.38625000000000004,0.16903265625000002,1.1330097087378639
train,4,0.33332812500000003,0.7060277777777777,0.23533891536458332,0.4721175787858521
train,4,0.2033125,0.3236111111111111,0.06579418402777779,0.6282618025751073
train,4,0.14846874999999998,0.2733333333333334,0.040581458333333334,0.5431783536585364
train,2,0.376953125,0.3693055555555555,0.13921088324652775,1.0207079729221513
train,4,0.11754687500000001,0.20694444444444443,0.024325672743055554,0.568011744966443
train,1,0.102125,0.08883333333333333,0.009072104166666666,1.149624765478424
train,4,0.437625,0.38625000000000004,0.16903265625000002,1.1330097087378639
train,4,0.33332812500000003,0.7060277777777777,0.23533891536458332,0.4721175787858521
train,4,0.2033125,0.3236111111111111,0.06579418402777779,0.6282618025751073
train,4,0.14846874999999998,0.2733333333333334,0.040581458333333334,0.5431783536585364
train,2,0.376953125,0.3693055555555555,0.13921088324652775,1.0207079729221513
train,4,0.11754687500000001,0.20694444444444443,0.024325672743055554,0.568011744966443
train,1,0.102125,0.08883333333333333,0.009072104166666666,1.149624765478424
train,4,0.2578125,0.6335,0.16332421875,0.40696527229676405
train,4,0.376546875,0.32305555555555554,0.12164555989583332,1.16557932072227
train,4,0.20465624999999998,0.3388611111111111,0.06935004427083333,0.6039531928846626
train,0,0.09471874999999999,0.1951111111111111,0.018480680555555552,0.4854605637813212
train,4,0.1753125,0.41425,0.07262320312500001,0.4232045866022933
train,4,0.15546875,0.2941666666666667,0.04573372395833333,0.5285056657223796
train,4,0.437625,0.38625000000000004,0.16903265625000002,1.1330097087378639
train,4,0.33332812500000003,0.7060277777777777,0.23533891536458332,0.4721175787858521
train,4,0.2033125,0.3236111111111111,0.06579418402777779,0.6282618025751073
train,4,0.14846874999999998,0.2733333333333334,0.040581458333333334,0.5431783536585364
train,2,0.376953125,0.3693055555555555,0.13921088324652775,1.0207079729221513
train,4,0.11754687500000001,0.20694444444444443,0.024325672743055554,0.568011744966443
train,1,0.12245312500000001,0.11838888888888888,0.014497089409722223,1.0343295401220087
train,4,0.437625,0.38625000000000004,0.16903265625000002,1.1330097087378639
train,4,0.33332812500000003,0.7060277777777777,0.23533891536458332,0.4721175787858521
train,4,0.2033125,0.3236111111111111,0.06579418402777779,0.6282618025751073
train,4,0.14846874999999998,0.2733333333333334,0.040581458333333334,0.5431783536585364
train,2,0.376953125,0.3693055555555555,0.13921088324652775,1.0207079729221513
train,4,0.11754687500000001,0.20694444444444443,0.024325672743055554,0.568011744966443
train,1,0.12245312500000001,0.11838888888888888,0.014497089409722223,1.0343295401220087
train,4,0.437625,0.38625000000000004,0.16903265625000002,1.1330097087378639
train,4,0.33332812500000003,0.7060277777777777,0.23533891536458332,0.4721175787858521
train,4,0.2033125,0.3236111111111111,0.06579418402777779,0.6282618025751073
train,4,0.14846874999999998,0.2733333333333334,0.040581458333333334,0.5431783536585364
train,5,0.376953125,0.3693055555555555,0.13921088324652775,1.0207079729221513
train,4,0.11754687500000001,0.20694444444444443,0.024325672743055554,0.568011744966443
train,1,0.12245312500000001,0.11838888888888888,0.014497089409722223,1.0343295401220087
train,4,0.437625,0.38625000000000004,0.16903265625000002,1.1330097087378639
train,4,0.33332812500000003,0.7060277777777777,0.23533891536458332,0.4721175787858521
train,4,0.2033125,0.3236111111111111,0.06579418402777779,0.6282618025751073
train,4,0.14846874999999998,0.2733333333333334,0.040581458333333334,0.5431783536585364
train,5,0.376953125,0.3693055555555555,0.13921088324652775,1.0207079729221513
train,4,0.11754687500000001,0.20694444444444443,0.024325672743055554,0.568011744966443
train,4,0.21223437500000003,0.7753333333333333,0.1645523854166667,0.27373307179707657
train,4,0.338140625,0.3645833333333333,0.12328043619791665,0.9274714285714285
train,4,0.20465624999999998,0.3388611111111111,0.06935004427083333,0.6039531928846626
train,0,0.13115625,0.21375,0.0280346484375,0.6135964912280703
train,4,0.1753125,0.41425,0.07262320312500001,0.4232045866022933
train,4,0.3428125,0.41388888888888886,0.14188628472222223,0.828271812080537
train,4,0.33332812500000003,0.7060277777777777,0.23533891536458332,0.4721175787858521
train,4,0.2033125,0.3236111111111111,0.06579418402777779,0.6282618025751073
train,4,0.14846874999999998,0.2733333333333334,0.040581458333333334,0.5431783536585364
train,5,0.376953125,0.3693055555555555,0.13921088324652775,1.0207079729221513
train,4,0.11754687500000001,0.20694444444444443,0.024325672743055554,0.568011744966443
train,4,0.3428125,0.41388888888888886,0.14188628472222223,0.828271812080537
train,4,0.33332812500000003,0.7060277777777777,0.23533891536458332,0.4721175787858521
train,4,0.2033125,0.3236111111111111,0.06579418402777779,0.6282618025751073
train,4,0.14846874999999998,0.2733333333333334,0.040581458333333334,0.5431783536585364
train,5,0.17681249999999998,0.17777777777777778,0.031433333333333334,0.9945703124999998
train,4,0.11754687500000001,0.20694444444444443,0.024325672743055554,0.568011744966443
train,4,0.33992187500000004,0.4305555555555556,0.14635525173611114,0.7894959677419355
train,4,0.40234375,0.7557222222222222,0.30406011284722223,0.5323963463941778
train,4,0.163375,0.27825,0.04545909375,0.587151841868823
train,4,0.141359375,0.2568888888888889,0.03631365277777778,0.5502743836505191
train,4,0.1263125,0.29888888888888887,0.03775340277777777,0.42260687732342006
train,4,0.33992187500000004,0.4305555555555556,0.14635525173611114,0.7894959677419355
train,4,0.40234375,0.7557222222222222,0.30406011284722223,0.5323963463941778
train,4,0.163375,0.27825,0.04545909375,0.587151841868823
train,4,0.141359375,0.2568888888888889,0.03631365277777778,0.5502743836505191
train,4,0.1263125,0.29888888888888887,0.03775340277777777,0.42260687732342006
train,4,0.33992187500000004,0.4305555555555556,0.14635525173611114,0.7894959677419355
train,2,0.40234375,0.7557222222222222,0.30406011284722223,0.5323963463941778
train,4,0.163375,0.27825,0.04545909375,0.587151841868823
train,4,0.141359375,0.2568888888888889,0.03631365277777778,0.5502743836505191
train,4,0.1263125,0.29888888888888887,0.03775340277777777,0.42260687732342006
train,1,0.04046875,0.08688888888888889,0.0035162847222222223,0.46575287723785164
train,4,0.110078125,0.16380555555555557,0.01803140842013889,0.6720048329659148
train,4,0.33992187500000004,0.4305555555555556,0.14635525173611114,0.7894959677419355
train,2,0.40234375,0.7557222222222222,0.30406011284722223,0.5323963463941778
train,4,0.163375,0.27825,0.04545909375,0.587151841868823
train,4,0.141359375,0.2568888888888889,0.03631365277777778,0.5502743836505191
train,4,0.1263125,0.29888888888888887,0.03775340277777777,0.42260687732342006
train,1,0.04046875,0.08688888888888889,0.0035162847222222223,0.46575287723785164
train,4,0.110078125,0.16380555555555557,0.01803140842013889,0.6720048329659148
train,4,0.33992187500000004,0.4305555555555556,0.14635525173611114,0.7894959677419355
train,2,0.40234375,0.7557222222222222,0.30406011284722223,0.5323963463941778
train,4,0.163375,0.27825,0.04545909375,0.587151841868823
train,4,0.141359375,0.2568888888888889,0.03631365277777778,0.5502743836505191
train,4,0.1263125,0.29888888888888887,0.03775340277777777,0.42260687732342006
train,1,0.04046875,0.08688888888888889,0.0035162847222222223,0.46575287723785164
train,4,0.110078125,0.16380555555555557,0.01803140842013889,0.6720048329659148
train,4,0.33992187500000004,0.4305555555555556,0.14635525173611114,0.7894959677419355
train,2,0.40234375,0.7557222222222222,0.30406011284722223,0.5323963463941778
train,4,0.163375,0.27825,0.04545909375,0.587151841868823
train,4,0.141359375,0.2568888888888889,0.03631365277777778,0.5502743836505191
train,4,0.1263125,0.29888888888888887,0.03775340277777777,0.42260687732342006
train,1,0.04046875,0.08688888888888889,0.0035162847222222223,0.46575287723785164
train,4,0.110078125,0.16380555555555557,0.01803140842013889,0.6720048329659148
train,4,0.33992187500000004,0.4305555555555556,0.14635525173611114,0.7894959677419355
train,2,0.40234375,0.7557222222222222,0.30406011284722223,0.5323963463941778
train,4,0.163375,0.27825,0.04545909375,0.587151841868823
train,4,0.141359375,0.2568888888888889,0.03631365277777778,0.5502743836505191
train,4,0.1263125,0.29888888888888887,0.03775340277777777,0.42260687732342006
train,1,0.04046875,0.08688888888888889,0.0035162847222222223,0.46575287723785164
train,4,0.110078125,0.16380555555555557,0.01803140842013889,0.6720048329659148
train,4,0.33992187500000004,0.4305555555555556,0.14635525173611114,0.7894959677419355
train,2,0.40234375,0.7557222222222222,0.30406011284722223,0.5323963463941778
train,4,0.163375,0.27825,0.04545909375,0.587151841868823
train,4,0.141359375,0.2568888888888889,0.03631365277777778,0.5502743836505191
train,4,0.1263125,0.29888888888888887,0.03775340277777777,0.42260687732342006
train,1,0.04046875,0.08688888888888889,0.0035162847222222223,0.46575287723785164
train,4,0.110078125,0.16380555555555557,0.01803140842013889,0.6720048329659148
train,4,0.33992187500000004,0.4305555555555556,0.14635525173611114,0.7894959677419355
train,2,0.40234375,0.7557222222222222,0.30406011284722223,0.5323963463941778
train,4,0.163375,0.27825,0.04545909375,0.587151841868823
train,4,0.141359375,0.2568888888888889,0.03631365277777778,0.5502743836505191
train,4,0.1263125,0.29888888888888887,0.03775340277777777,0.42260687732342006
train,1,0.04046875,0.08688888888888889,0.0035162847222222223,0.46575287723785164
train,4,0.110078125,0.16380555555555557,0.01803140842013889,0.6720048329659148
train,4,0.2578125,0.6335,0.16332421875,0.40696527229676405
train,4,0.376546875,0.32305555555555554,0.12164555989583332,1.16557932072227
train,4,0.20465624999999998,0.3388611111111111,0.06935004427083333,0.6039531928846626
train,0,0.09471874999999999,0.1951111111111111,0.018480680555555552,0.4854605637813212
train,4,0.1753125,0.41425,0.07262320312500001,0.4232045866022933
train,4,0.15546875,0.2941666666666667,0.04573372395833333,0.5285056657223796
train,4,0.33992187500000004,0.4305555555555556,0.14635525173611114,0.7894959677419355
train,2,0.40234375,0.7557222222222222,0.30406011284722223,0.5323963463941778
train,4,0.163375,0.27825,0.04545909375,0.587151841868823
train,4,0.141359375,0.2568888888888889,0.03631365277777778,0.5502743836505191
train,4,0.1263125,0.29888888888888887,0.03775340277777777,0.42260687732342006
train,1,0.04046875,0.08688888888888889,0.0035162847222222223,0.46575287723785164
train,4,0.33992187500000004,0.4305555555555556,0.14635525173611114,0.7894959677419355
train,2,0.40234375,0.7557222222222222,0.30406011284722223,0.5323963463941778
train,4,0.163375,0.27825,0.04545909375,0.587151841868823
train,4,0.141359375,0.2568888888888889,0.03631365277777778,0.5502743836505191
train,4,0.1263125,0.29888888888888887,0.03775340277777777,0.42260687732342006
train,1,0.04046875,0.08688888888888889,0.0035162847222222223,0.46575287723785164
train,4,0.33992187500000004,0.4305555555555556,0.14635525173611114,0.7894959677419355
train,2,0.40234375,0.7557222222222222,0.30406011284722223,0.5323963463941778
train,4,0.163375,0.27825,0.04545909375,0.587151841868823
train,4,0.141359375,0.2568888888888889,0.03631365277777778,0.5502743836505191
train,4,0.1263125,0.29888888888888887,0.03775340277777777,0.42260687732342006
train,1,0.04046875,0.08688888888888889,0.0035162847222222223,0.46575287723785164
train,4,0.33992187500000004,0.4305555555555556,0.14635525173611114,0.7894959677419355
train,2,0.40234375,0.7557222222222222,0.30406011284722223,0.5323963463941778
train,4,0.163375,0.27825,0.04545909375,0.587151841868823
train,4,0.141359375,0.2568888888888889,0.03631365277777778,0.5502743836505191
train,4,0.10953125,0.14402777777777778,0.01577554253472222,0.7604869816779171
train,1,0.04046875,0.08688888888888889,0.0035162847222222223,0.46575287723785164
train,4,0.33992187500000004,0.4305555555555556,0.14635525173611114,0.7894959677419355
train,2,0.40234375,0.7557222222222222,0.30406011284722223,0.5323963463941778
train,4,0.163375,0.27825,0.04545909375,0.587151841868823
train,4,0.15562499999999999,0.27352777777777776,0.04256776041666666,0.5689550116786839
train,1,0.04046875,0.08688888888888889,0.0035162847222222223,0.46575287723785164
train,4,0.33992187500000004,0.4305555555555556,0.14635525173611114,0.7894959677419355
train,2,0.40234375,0.7557222222222222,0.30406011284722223,0.5323963463941778
train,4,0.163375,0.27825,0.04545909375,0.587151841868823
train,4,0.15562499999999999,0.27352777777777776,0.04256776041666666,0.5689550116786839
train,1,0.04046875,0.08688888888888889,0.0035162847222222223,0.46575287723785164
train,4,0.33992187500000004,0.4305555555555556,0.14635525173611114,0.7894959677419355
train,2,0.40234375,0.7557222222222222,0.30406011284722223,0.5323963463941778
train,4,0.163375,0.27825,0.04545909375,0.587151841868823
train,4,0.15562499999999999,0.27352777777777776,0.04256776041666666,0.5689550116786839
train,1,0.04046875,0.08688888888888889,0.0035162847222222223,0.46575287723785164
train,4,0.2578125,0.6335,0.16332421875,0.40696527229676405
train,4,0.376546875,0.32305555555555554,0.12164555989583332,1.16557932072227
train,4,0.20465624999999998,0.3388611111111111,0.06935004427083333,0.6039531928846626
train,0,0.09471874999999999,0.1951111111111111,0.018480680555555552,0.4854605637813212
train,4,0.1753125,0.41425,0.07262320312500001,0.4232045866022933
train,4,0.15546875,0.2941666666666667,0.04573372395833333,0.5285056657223796
train,4,0.33992187500000004,0.4305555555555556,0.14635525173611114,0.7894959677419355
train,2,0.40234375,0.7557222222222222,0.30406011284722223,0.5323963463941778
train,4,0.163375,0.27825,0.04545909375,0.587151841868823
train,4,0.15562499999999999,0.27352777777777776,0.04256776041666666,0.5689550116786839
train,1,0.04046875,0.08688888888888889,0.0035162847222222223,0.46575287723785164
train,4,0.33992187500000004,0.4305555555555556,0.14635525173611114,0.7894959677419355
train,2,0.40234375,0.7557222222222222,0.30406011284722223,0.5323963463941778
train,4,0.163375,0.27825,0.04545909375,0.587151841868823
train,4,0.21754687499999997,0.43449999999999994,0.09452411718749998,0.5006832566168009
train,1,0.04046875,0.08688888888888889,0.0035162847222222223,0.46575287723785164
train,4,0.33992187500000004,0.4305555555555556,0.14635525173611114,0.7894959677419355
train,2,0.40234375,0.7557222222222222,0.30406011284722223,0.5323963463941778
train,4,0.163375,0.27825,0.04545909375,0.587151841868823
train,4,0.21754687499999997,0.43449999999999994,0.09452411718749998,0.5006832566168009
train,1,0.04046875,0.08688888888888889,0.0035162847222222223,0.46575287723785164
train,4,0.33992187500000004,0.4305555555555556,0.14635525173611114,0.7894959677419355
train,2,0.40234375,0.7557222222222222,0.30406011284722223,0.5323963463941778
train,4,0.163375,0.27825,0.04545909375,0.587151841868823
train,4,0.21754687499999997,0.43449999999999994,0.09452411718749998,0.5006832566168009
train,1,0.04046875,0.08688888888888889,0.0035162847222222223,0.46575287723785164
train,4,0.33992187500000004,0.4305555555555556,0.14635525173611114,0.7894959677419355
train,2,0.40234375,0.7557222222222222,0.30406011284722223,0.5323963463941778
train,4,0.163375,0.27825,0.04545909375,0.587151841868823
train,4,0.21754687499999997,0.43449999999999994,0.09452411718749998,0.5006832566168009
train,1,0.04046875,0.08688888888888889,0.0035162847222222223,0.46575287723785164
train,4,0.33992187500000004,0.4305555555555556,0.14635525173611114,0.7894959677419355
train,2,0.40234375,0.7557222222222222,0.30406011284722223,0.5323963463941778
train,4,0.163375,0.27825,0.04545909375,0.587151841868823
train,4,0.21754687499999997,0.43449999999999994,0.09452411718749998,0.5006832566168009
train,1,0.04046875,0.08688888888888889,0.0035162847222222223,0.46575287723785164
train,4,0.33992187500000004,0.4305555555555556,0.14635525173611114,0.7894959677419355
train,2,0.40234375,0.7557222222222222,0.30406011284722223,0.5323963463941778
train,4,0.163375,0.27825,0.04545909375,0.587151841868823
train,4,0.21754687499999997,0.43449999999999994,0.09452411718749998,0.5006832566168009
train,1,0.04046875,0.08688888888888889,0.0035162847222222223,0.46575287723785164
train,4,0.33992187500000004,0.4305555555555556,0.14635525173611114,0.7894959677419355
train,2,0.40234375,0.7557222222222222,0.30406011284722223,0.5323963463941778
train,4,0.163375,0.27825,0.04545909375,0.587151841868823
train,4,0.21754687499999997,0.43449999999999994,0.09452411718749998,0.5006832566168009
train,1,0.04046875,0.08688888888888889,0.0035162847222222223,0.46575287723785164
train,4,0.2578125,0.6335,0.16332421875,0.40696527229676405
train,4,0.376546875,0.32305555555555554,0.12164555989583332,1.16557932072227
train,4,0.20465624999999998,0.3388611111111111,0.06935004427083333,0.6039531928846626
train,0,0.09471874999999999,0.1951111111111111,0.018480680555555552,0.4854605637813212
train,4,0.1753125,0.41425,0.07262320312500001,0.4232045866022933
train,4,0.15546875,0.2941666666666667,0.04573372395833333,0.5285056657223796
train,4,0.33992187500000004,0.4305555555555556,0.14635525173611114,0.7894959677419355
train,2,0.40234375,0.7557222222222222,0.30406011284722223,0.5323963463941778
train,4,0.163375,0.27825,0.04545909375,0.587151841868823
train,4,0.21754687499999997,0.43449999999999994,0.09452411718749998,0.5006832566168009
train,1,0.04046875,0.08688888888888889,0.0035162847222222223,0.46575287723785164
train,0,0.09343749999999999,0.13427777777777777,0.01254657986111111,0.695852296235002
train,4,0.33992187500000004,0.4305555555555556,0.14635525173611114,0.7894959677419355
train,2,0.40234375,0.7557222222222222,0.30406011284722223,0.5323963463941778
train,4,0.163375,0.27825,0.04545909375,0.587151841868823
train,4,0.21385937500000002,0.3562222222222223,0.07618146180555557,0.6003538287585777
train,1,0.04046875,0.08688888888888889,0.0035162847222222223,0.46575287723785164
train,4,0.33992187500000004,0.4305555555555556,0.14635525173611114,0.7894959677419355
train,2,0.40234375,0.7557222222222222,0.30406011284722223,0.5323963463941778
train,4,0.163375,0.27825,0.04545909375,0.587151841868823
train,4,0.21385937500000002,0.3562222222222223,0.07618146180555557,0.6003538287585777
train,1,0.04046875,0.08688888888888889,0.0035162847222222223,0.46575287723785164
train,4,0.33992187500000004,0.4305555555555556,0.14635525173611114,0.7894959677419355
train,2,0.40234375,0.7557222222222222,0.30406011284722223,0.5323963463941778
train,4,0.18351562500000002,0.33897222222222223,0.06220669921875001,0.5413883881012866
train,1,0.04046875,0.08688888888888889,0.0035162847222222223,0.46575287723785164
train,4,0.33992187500000004,0.4305555555555556,0.14635525173611114,0.7894959677419355
train,2,0.40234375,0.7557222222222222,0.30406011284722223,0.5323963463941778
train,4,0.18351562500000002,0.33897222222222223,0.06220669921875001,0.5413883881012866
train,1,0.04046875,0.08688888888888889,0.0035162847222222223,0.46575287723785164
train,4,0.33992187500000004,0.4305555555555556,0.14635525173611114,0.7894959677419355
train,2,0.40234375,0.7557222222222222,0.30406011284722223,0.5323963463941778
train,4,0.18351562500000002,0.33897222222222223,0.06220669921875001,0.5413883881012866
train,1,0.04046875,0.08688888888888889,0.0035162847222222223,0.46575287723785164
train,4,0.2578125,0.6335,0.16332421875,0.40696527229676405
train,4,0.376546875,0.32305555555555554,0.12164555989583332,1.16557932072227
train,4,0.20465624999999998,0.3388611111111111,0.06935004427083333,0.6039531928846626
train,0,0.09471874999999999,0.1951111111111111,0.018480680555555552,0.4854605637813212
train,4,0.1753125,0.41425,0.07262320312500001,0.4232045866022933
train,4,0.15546875,0.2941666666666667,0.04573372395833333,0.5285056657223796
train,4,0.33992187500000004,0.4305555555555556,0.14635525173611114,0.7894959677419355
train,2,0.40234375,0.7557222222222222,0.30406011284722223,0.5323963463941778
train,4,0.18351562500000002,0.33897222222222223,0.06220669921875001,0.5413883881012866
train,1,0.04046875,0.08688888888888889,0.0035162847222222223,0.46575287723785164
train,4,0.33992187500000004,0.4305555555555556,0.14635525173611114,0.7894959677419355
train,2,0.40234375,0.7557222222222222,0.30406011284722223,0.5323963463941778
train,4,0.18351562500000002,0.33897222222222223,0.06220669921875001,0.5413883881012866
train,1,0.04046875,0.08688888888888889,0.0035162847222222223,0.46575287723785164
train,4,0.33992187500000004,0.4305555555555556,0.14635525173611114,0.7894959677419355
train,2,0.329296875,0.7269444444444444,0.23938053385416663,0.45298767672907914
train,4,0.18351562500000002,0.33897222222222223,0.06220669921875001,0.5413883881012866
train,1,0.04046875,0.08688888888888889,0.0035162847222222223,0.46575287723785164
train,4,0.33992187500000004,0.4305555555555556,0.14635525173611114,0.7894959677419355
train,2,0.329296875,0.7269444444444444,0.23938053385416663,0.45298767672907914
train,4,0.18351562500000002,0.33897222222222223,0.06220669921875001,0.5413883881012866
train,1,0.04046875,0.08688888888888889,0.0035162847222222223,0.46575287723785164
train,4,0.33992187500000004,0.4305555555555556,0.14635525173611114,0.7894959677419355
train,2,0.329296875,0.7269444444444444,0.23938053385416663,0.45298767672907914
train,4,0.18351562500000002,0.33897222222222223,0.06220669921875001,0.5413883881012866
train,1,0.04046875,0.08688888888888889,0.0035162847222222223,0.46575287723785164
train,4,0.33992187500000004,0.4305555555555556,0.14635525173611114,0.7894959677419355
train,2,0.329296875,0.7269444444444444,0.23938053385416663,0.45298767672907914
train,4,0.18351562500000002,0.33897222222222223,0.06220669921875001,0.5413883881012866
train,1,0.04046875,0.08688888888888889,0.0035162847222222223,0.46575287723785164
train,4,0.33992187500000004,0.4305555555555556,0.14635525173611114,0.7894959677419355
train,2,0.387484375,0.7311666666666667,0.2833156588541667,0.5299535559607932
train,4,0.18351562500000002,0.33897222222222223,0.06220669921875001,0.5413883881012866
train,1,0.04046875,0.08688888888888889,0.0035162847222222223,0.46575287723785164
train,4,0.2578125,0.6335,0.16332421875,0.40696527229676405
train,4,0.376546875,0.32305555555555554,0.12164555989583332,1.16557932072227
train,4,0.20465624999999998,0.3388611111111111,0.06935004427083333,0.6039531928846626
train,0,0.09471874999999999,0.1951111111111111,0.018480680555555552,0.4854605637813212
train,4,0.1753125,0.41425,0.07262320312500001,0.4232045866022933
train,4,0.15546875,0.2941666666666667,0.04573372395833333,0.5285056657223796
train,4,0.33992187500000004,0.4305555555555556,0.14635525173611114,0.7894959677419355
train,2,0.387484375,0.7311666666666667,0.2833156588541667,0.5299535559607932
train,4,0.18351562500000002,0.33897222222222223,0.06220669921875001,0.5413883881012866
train,1,0.04046875,0.08688888888888889,0.0035162847222222223,0.46575287723785164
train,4,0.33992187500000004,0.4305555555555556,0.14635525173611114,0.7894959677419355
train,2,0.387484375,0.7311666666666667,0.2833156588541667,0.5299535559607932
train,4,0.18351562500000002,0.33897222222222223,0.06220669921875001,0.5413883881012866
train,1,0.04046875,0.08688888888888889,0.0035162847222222223,0.46575287723785164
train,4,0.33992187500000004,0.4305555555555556,0.14635525173611114,0.7894959677419355
train,2,0.387484375,0.7311666666666667,0.2833156588541667,0.5299535559607932
train,4,0.18351562500000002,0.33897222222222223,0.06220669921875001,0.5413883881012866
train,1,0.04046875,0.08688888888888889,0.0035162847222222223,0.46575287723785164
train,4,0.33992187500000004,0.4305555555555556,0.14635525173611114,0.7894959677419355
train,4,0.387484375,0.7311666666666667,0.2833156588541667,0.5299535559607932
train,4,0.18351562500000002,0.33897222222222223,0.06220669921875001,0.5413883881012866
train,4,0.33992187500000004,0.4305555555555556,0.14635525173611114,0.7894959677419355
train,2,0.387484375,0.7311666666666667,0.2833156588541667,0.5299535559607932
train,4,0.18351562500000002,0.33897222222222223,0.06220669921875001,0.5413883881012866
train,1,0.025343749999999998,0.07119444444444444,0.0018043342013888885,0.3559793211080765
train,4,0.33992187500000004,0.4305555555555556,0.14635525173611114,0.7894959677419355
train,2,0.387484375,0.7311666666666667,0.2833156588541667,0.5299535559607932
train,4,0.18351562500000002,0.33897222222222223,0.06220669921875001,0.5413883881012866
train,1,0.025343749999999998,0.07119444444444444,0.0018043342013888885,0.3559793211080765
train,4,0.362875,0.37555555555555553,0.1362797222222222,0.9662352071005917
train,2,0.387484375,0.7311666666666667,0.2833156588541667,0.5299535559607932
train,4,0.18351562500000002,0.33897222222222223,0.06220669921875001,0.5413883881012866
train,1,0.025343749999999998,0.07119444444444444,0.0018043342013888885,0.3559793211080765
train,4,0.2578125,0.6335,0.16332421875,0.40696527229676405
train,4,0.376546875,0.32305555555555554,0.12164555989583332,1.16557932072227
train,4,0.20465624999999998,0.3388611111111111,0.06935004427083333,0.6039531928846626
train,0,0.09471874999999999,0.1951111111111111,0.018480680555555552,0.4854605637813212
train,4,0.1753125,0.41425,0.07262320312500001,0.4232045866022933
train,4,0.15546875,0.2941666666666667,0.04573372395833333,0.5285056657223796
train,4,0.362875,0.37555555555555553,0.1362797222222222,0.9662352071005917
train,2,0.387484375,0.7311666666666667,0.2833156588541667,0.5299535559607932
train,4,0.18351562500000002,0.33897222222222223,0.06220669921875001,0.5413883881012866
train,1,0.025343749999999998,0.07119444444444444,0.0018043342013888885,0.3559793211080765
train,4,0.362875,0.37555555555555553,0.1362797222222222,0.9662352071005917
train,2,0.387484375,0.7311666666666667,0.2833156588541667,0.5299535559607932
train,4,0.18351562500000002,0.33897222222222223,0.06220669921875001,0.5413883881012866
train,1,0.025343749999999998,0.07119444444444444,0.0018043342013888885,0.3559793211080765
train,4,0.362875,0.37555555555555553,0.1362797222222222,0.9662352071005917
train,2,0.387484375,0.7311666666666667,0.2833156588541667,0.5299535559607932
train,4,0.18351562500000002,0.33897222222222223,0.06220669921875001,0.5413883881012866
train,1,0.025343749999999998,0.07119444444444444,0.0018043342013888885,0.3559793211080765
train,4,0.362875,0.37555555555555553,0.1362797222222222,0.9662352071005917
train,2,0.387484375,0.7311666666666667,0.2833156588541667,0.5299535559607932
train,4,0.18351562500000002,0.33897222222222223,0.06220669921875001,0.5413883881012866
train,1,0.025343749999999998,0.07119444444444444,0.0018043342013888885,0.3559793211080765
train,4,0.362875,0.37555555555555553,0.1362797222222222,0.9662352071005917
train,2,0.387484375,0.7311666666666667,0.2833156588541667,0.5299535559607932
train,4,0.18351562500000002,0.33897222222222223,0.06220669921875001,0.5413883881012866
train,1,0.025343749999999998,0.07119444444444444,0.0018043342013888885,0.3559793211080765
train,4,0.362875,0.37555555555555553,0.1362797222222222,0.9662352071005917
train,2,0.34125,0.6951111111111111,0.23720666666666668,0.49092870843989767
train,4,0.18351562500000002,0.33897222222222223,0.06220669921875001,0.5413883881012866
train,1,0.025343749999999998,0.07119444444444444,0.0018043342013888885,0.3559793211080765
train,4,0.362875,0.37555555555555553,0.1362797222222222,0.9662352071005917
train,2,0.34125,0.6951111111111111,0.23720666666666668,0.49092870843989767
train,4,0.18351562500000002,0.33897222222222223,0.06220669921875001,0.5413883881012866
train,1,0.025343749999999998,0.07119444444444444,0.0018043342013888885,0.3559793211080765
train,4,0.2578125,0.6335,0.16332421875,0.40696527229676405
train,4,0.376546875,0.32305555555555554,0.12164555989583332,1.16557932072227
train,4,0.20465624999999998,0.3388611111111111,0.06935004427083333,0.6039531928846626
train,0,0.09471874999999999,0.1951111111111111,0.018480680555555552,0.4854605637813212
train,4,0.1753125,0.41425,0.07262320312500001,0.4232045866022933
train,4,0.15546875,0.2941666666666667,0.04573372395833333,0.5285056657223796
train,4,0.362875,0.37555555555555553,0.1362797222222222,0.9662352071005917
train,2,0.34125,0.6951111111111111,0.23720666666666668,0.49092870843989767
train,4,0.18351562500000002,0.33897222222222223,0.06220669921875001,0.5413883881012866
train,1,0.025343749999999998,0.07119444444444444,0.0018043342013888885,0.3559793211080765
train,4,0.362875,0.37555555555555553,0.1362797222222222,0.9662352071005917
train,2,0.34125,0.6951111111111111,0.23720666666666668,0.49092870843989767
train,4,0.18351562500000002,0.33897222222222223,0.06220669921875001,0.5413883881012866
train,1,0.025343749999999998,0.07119444444444444,0.0018043342013888885,0.3559793211080765
train,4,0.362875,0.37555555555555553,0.1362797222222222,0.9662352071005917
train,2,0.34125,0.6951111111111111,0.23720666666666668,0.49092870843989767
train,4,0.18351562500000002,0.33897222222222223,0.06220669921875001,0.5413883881012866
train,1,0.025343749999999998,0.07119444444444444,0.0018043342013888885,0.3559793211080765
train,4,0.362875,0.37555555555555553,0.1362797222222222,0.9662352071005917
train,2,0.34125,0.6951111111111111,0.23720666666666668,0.49092870843989767
train,4,0.18351562500000002,0.33897222222222223,0.06220669921875001,0.5413883881012866
train,1,0.025343749999999998,0.07119444444444444,0.0018043342013888885,0.3559793211080765
train,4,0.362875,0.37555555555555553,0.1362797222222222,0.9662352071005917
train,2,0.34125,0.6951111111111111,0.23720666666666668,0.49092870843989767
train,4,0.18351562500000002,0.33897222222222223,0.06220669921875001,0.5413883881012866
train,1,0.025984374999999997,0.06897222222222221,0.001792200086805555,0.37673681031010875
train,4,0.31510937499999997,0.5925833333333334,0.18672856380208333,0.5317553789902967
train,4,0.2408125,0.3556944444444445,0.08565566840277779,0.6770206950409996
train,4,0.462015625,0.35647222222222225,0.1646957365451389,1.296077495519364
train,4,0.31510937499999997,0.5925833333333334,0.18672856380208333,0.5317553789902967
train,4,0.2408125,0.3556944444444445,0.08565566840277779,0.6770206950409996
train,4,0.462015625,0.35647222222222225,0.1646957365451389,1.296077495519364
train,4,0.2516875,0.5572777777777778,0.14025985069444444,0.45163742398564455
train,4,0.2408125,0.3556944444444445,0.08565566840277779,0.6770206950409996
train,4,0.462015625,0.35647222222222225,0.1646957365451389,1.296077495519364
train,4,0.2578125,0.6335,0.16332421875,0.40696527229676405
train,4,0.376546875,0.32305555555555554,0.12164555989583332,1.16557932072227
train,4,0.20465624999999998,0.3388611111111111,0.06935004427083333,0.6039531928846626
train,0,0.09471874999999999,0.1951111111111111,0.018480680555555552,0.4854605637813212
train,4,0.1753125,0.41425,0.07262320312500001,0.4232045866022933
train,4,0.15546875,0.2941666666666667,0.04573372395833333,0.5285056657223796
train,4,0.2516875,0.5572777777777778,0.14025985069444444,0.45163742398564455
train,4,0.2408125,0.3556944444444445,0.08565566840277779,0.6770206950409996
train,4,0.462015625,0.35647222222222225,0.1646957365451389,1.296077495519364
train,4,0.2516875,0.5572777777777778,0.14025985069444444,0.45163742398564455
train,4,0.250828125,0.5842777777777778,0.14655329947916668,0.4292960207283446
train,4,0.462015625,0.35647222222222225,0.1646957365451389,1.296077495519364
train,4,0.2516875,0.5572777777777778,0.14025985069444444,0.45163742398564455
train,4,0.250828125,0.5842777777777778,0.14655329947916668,0.4292960207283446
train,4,0.462015625,0.35647222222222225,0.1646957365451389,1.296077495519364
train,4,0.2516875,0.5572777777777778,0.14025985069444444,0.45163742398564455
train,4,0.250828125,0.5842777777777778,0.14655329947916668,0.4292960207283446
train,4,0.462015625,0.35647222222222225,0.1646957365451389,1.296077495519364
train,4,0.2516875,0.5572777777777778,0.14025985069444444,0.45163742398564455
train,4,0.250828125,0.5842777777777778,0.14655329947916668,0.4292960207283446
train,4,0.30681250000000004,0.49797222222222226,0.1527841024305556,0.6161237239917443
train,4,0.2516875,0.5572777777777778,0.14025985069444444,0.45163742398564455
train,4,0.250828125,0.5842777777777778,0.14655329947916668,0.4292960207283446
train,4,0.30681250000000004,0.49797222222222226,0.1527841024305556,0.6161237239917443
train,4,0.2516875,0.5572777777777778,0.14025985069444444,0.45163742398564455
train,4,0.250828125,0.5842777777777778,0.14655329947916668,0.4292960207283446
train,4,0.369390625,0.5858055555555555,0.21639108029513884,0.6305686613874533
train,4,0.3198125,0.5875833333333333,0.18791649479166667,0.5442844986526734
train,4,0.250828125,0.5842777777777778,0.14655329947916668,0.4292960207283446
train,4,0.369390625,0.5857777777777777,0.2163808194444444,0.6305985631638846
train,4,0.3198125,0.5875555555555556,0.18790761111111112,0.5443102307110438
train,4,0.250828125,0.5842777777777778,0.14655329947916668,0.4292960207283446
train,4,0.404765625,0.6708611111111111,0.27154151692708334,0.6033523456585649
train,4,0.2578125,0.6335,0.16332421875,0.40696527229676405
train,4,0.376546875,0.32305555555555554,0.12164555989583332,1.16557932072227
train,4,0.20465624999999998,0.3388611111111111,0.06935004427083333,0.6039531928846626
train,0,0.09471874999999999,0.1951111111111111,0.018480680555555552,0.4854605637813212
train,4,0.1753125,0.41425,0.07262320312500001,0.4232045866022933
train,4,0.15546875,0.2941666666666667,0.04573372395833333,0.5285056657223796
train,4,0.3198125,0.5875555555555556,0.18790761111111112,0.5443102307110438
train,4,0.250828125,0.5842777777777778,0.14655329947916668,0.4292960207283446
train,4,0.404765625,0.6708611111111111,0.27154151692708334,0.6033523456585649
train,4,0.3198125,0.5875555555555556,0.18790761111111112,0.5443102307110438
train,4,0.273953125,0.31869444444444445,0.08730733897569445,0.8596106075132921
train,4,0.39396875,0.7675555555555555,0.30239290277777775,0.5132771786334684
train,4,0.3198125,0.5875555555555556,0.18790761111111112,0.5443102307110438
train,4,0.273953125,0.31869444444444445,0.08730733897569445,0.8596106075132921
train,4,0.34796875,0.7612777777777778,0.2649008767361111,0.4570851273443771
train,4,0.3198125,0.5875555555555556,0.18790761111111112,0.5443102307110438
train,4,0.273953125,0.31869444444444445,0.08730733897569445,0.8596106075132921
train,4,0.34796875,0.7612777777777778,0.2649008767361111,0.4570851273443771
train,4,0.3198125,0.5875555555555556,0.18790761111111112,0.5443102307110438
train,4,0.273953125,0.31869444444444445,0.08730733897569445,0.8596106075132921
train,4,0.34796875,0.7612777777777778,0.2649008767361111,0.4570851273443771
train,4,0.3198125,0.5875555555555556,0.18790761111111112,0.5443102307110438
train,4,0.273953125,0.31869444444444445,0.08730733897569445,0.8596106075132921
train,4,0.3198125,0.5875555555555556,0.18790761111111112,0.5443102307110438
train,4,0.273953125,0.8170000000000001,0.22381970312500002,0.3353159424724602
train,4,0.3198125,0.5875555555555556,0.18790761111111112,0.5443102307110438
train,4,0.273953125,0.8170000000000001,0.22381970312500002,0.3353159424724602
train,4,0.3198125,0.5875555555555556,0.18790761111111112,0.5443102307110438
train,4,0.273953125,0.8170000000000001,0.22381970312500002,0.3353159424724602
train,4,0.3198125,0.5875555555555556,0.18790761111111112,0.5443102307110438
train,4,0.273953125,0.5342777777777777,0.14636706684027778,0.512754107309972
train,4,0.3198125,0.5875555555555556,0.18790761111111112,0.5443102307110438
train,4,0.152,0.5343055555555556,0.08121444444444445,0.28448141408890043
train,4,0.2578125,0.6335,0.16332421875,0.40696527229676405
train,4,0.376546875,0.32305555555555554,0.12164555989583332,1.16557932072227
train,4,0.20465624999999998,0.3388611111111111,0.06935004427083333,0.6039531928846626
train,0,0.09471874999999999,0.1951111111111111,0.018480680555555552,0.4854605637813212
train,4,0.1753125,0.41425,0.07262320312500001,0.4232045866022933
train,4,0.15546875,0.2941666666666667,0.04573372395833333,0.5285056657223796
train,4,0.3198125,0.5875555555555556,0.18790761111111112,0.5443102307110438
train,4,0.2578125,0.6335,0.16332421875,0.40696527229676405
train,4,0.376546875,0.32305555555555554,0.12164555989583332,1.16557932072227
train,4,0.20465624999999998,0.3388611111111111,0.06935004427083333,0.6039531928846626
train,0,0.09471874999999999,0.1951111111111111,0.018480680555555552,0.4854605637813212
train,4,0.1753125,0.41425,0.07262320312500001,0.4232045866022933
train,4,0.15546875,0.2941666666666667,0.04573372395833333,0.5285056657223796
train,4,0.2578125,0.6335,0.16332421875,0.40696527229676405
train,4,0.376546875,0.32305555555555554,0.12164555989583332,1.16557932072227
train,4,0.20465624999999998,0.3388611111111111,0.06935004427083333,0.6039531928846626
train,0,0.09471874999999999,0.1951111111111111,0.018480680555555552,0.4854605637813212
train,4,0.1753125,0.41425,0.07262320312500001,0.4232045866022933
train,4,0.15546875,0.2941666666666667,0.04573372395833333,0.5285056657223796
train,4,0.2578125,0.6335,0.16332421875,0.40696527229676405
train,4,0.376546875,0.32305555555555554,0.12164555989583332,1.16557932072227
train,4,0.20465624999999998,0.3388611111111111,0.06935004427083333,0.6039531928846626
train,0,0.09471874999999999,0.1951111111111111,0.018480680555555552,0.4854605637813212
train,4,0.1753125,0.41425,0.07262320312500001,0.4232045866022933
train,4,0.15546875,0.2941666666666667,0.04573372395833333,0.5285056657223796
train,4,0.2578125,0.6335,0.16332421875,0.40696527229676405
train,4,0.376546875,0.32305555555555554,0.12164555989583332,1.16557932072227
train,4,0.20465624999999998,0.3388611111111111,0.06935004427083333,0.6039531928846626
train,0,0.09471874999999999,0.1951111111111111,0.018480680555555552,0.4854605637813212
train,4,0.1753125,0.41425,0.07262320312500001,0.4232045866022933
train,4,0.15546875,0.2941666666666667,0.04573372395833333,0.5285056657223796
train,4,0.2578125,0.6335,0.16332421875,0.40696527229676405
train,4,0.376546875,0.32305555555555554,0.12164555989583332,1.16557932072227
train,4,0.20465624999999998,0.3388611111111111,0.06935004427083333,0.6039531928846626
train,0,0.09471874999999999,0.1951111111111111,0.018480680555555552,0.4854605637813212
train,4,0.1753125,0.41425,0.07262320312500001,0.4232045866022933
train,4,0.15546875,0.2941666666666667,0.04573372395833333,0.5285056657223796
train,4,0.2578125,0.6335,0.16332421875,0.40696527229676405
train,4,0.376546875,0.32305555555555554,0.12164555989583332,1.16557932072227
train,4,0.20465624999999998,0.3388611111111111,0.06935004427083333,0.6039531928846626
train,0,0.09471874999999999,0.1951111111111111,0.018480680555555552,0.4854605637813212
train,4,0.1753125,0.41425,0.07262320312500001,0.4232045866022933
train,4,0.15546875,0.2941666666666667,0.04573372395833333,0.5285056657223796
train,4,0.21223437500000003,0.7753333333333333,0.1645523854166667,0.27373307179707657
train,4,0.338140625,0.3645833333333333,0.12328043619791665,0.9274714285714285
train,4,0.20465624999999998,0.3388611111111111,0.06935004427083333,0.6039531928846626
train,0,0.13115625,0.21375,0.0280346484375,0.6135964912280703
train,4,0.1753125,0.41425,0.07262320312500001,0.4232045866022933
train,4,0.2578125,0.6335,0.16332421875,0.40696527229676405
train,4,0.376546875,0.32305555555555554,0.12164555989583332,1.16557932072227
train,4,0.20465624999999998,0.3388611111111111,0.06935004427083333,0.6039531928846626
train,0,0.09471874999999999,0.1951111111111111,0.018480680555555552,0.4854605637813212
train,4,0.1753125,0.41425,0.07262320312500001,0.4232045866022933
train,4,0.15546875,0.2941666666666667,0.04573372395833333,0.5285056657223796
train,4,0.2578125,0.6335,0.16332421875,0.40696527229676405
train,4,0.376546875,0.32305555555555554,0.12164555989583332,1.16557932072227
train,4,0.20465624999999998,0.3388611111111111,0.06935004427083333,0.6039531928846626
train,0,0.09471874999999999,0.1951111111111111,0.018480680555555552,0.4854605637813212
train,4,0.1753125,0.41425,0.07262320312500001,0.4232045866022933
train,4,0.15546875,0.2941666666666667,0.04573372395833333,0.5285056657223796
train,4,0.2578125,0.6335,0.16332421875,0.40696527229676405
train,4,0.376546875,0.32305555555555554,0.12164555989583332,1.16557932072227
train,4,0.20465624999999998,0.3388611111111111,0.06935004427083333,0.6039531928846626
train,0,0.09471874999999999,0.1951111111111111,0.018480680555555552,0.4854605637813212
train,4,0.1753125,0.41425,0.07262320312500001,0.4232045866022933
train,4,0.15546875,0.2941666666666667,0.04573372395833333,0.5285056657223796
train,4,0.2578125,0.6335,0.16332421875,0.40696527229676405
train,4,0.376546875,0.32305555555555554,0.12164555989583332,1.16557932072227
train,4,0.20465624999999998,0.3388611111111111,0.06935004427083333,0.6039531928846626
train,0,0.09471874999999999,0.1951111111111111,0.018480680555555552,0.4854605637813212
train,4,0.1753125,0.41425,0.07262320312500001,0.4232045866022933
train,4,0.15546875,0.2941666666666667,0.04573372395833333,0.5285056657223796
train,4,0.2578125,0.6335,0.16332421875,0.40696527229676405
train,4,0.376546875,0.32305555555555554,0.12164555989583332,1.16557932072227
train,4,0.20465624999999998,0.3388611111111111,0.06935004427083333,0.6039531928846626
train,0,0.09471874999999999,0.1951111111111111,0.018480680555555552,0.4854605637813212
train,4,0.1753125,0.41425,0.07262320312500001,0.4232045866022933
train,4,0.15546875,0.2941666666666667,0.04573372395833333,0.5285056657223796
train,4,0.2578125,0.6335,0.16332421875,0.40696527229676405
train,4,0.376546875,0.32305555555555554,0.12164555989583332,1.16557932072227
train,4,0.20465624999999998,0.3388611111111111,0.06935004427083333,0.6039531928846626
train,0,0.09471874999999999,0.1951111111111111,0.018480680555555552,0.4854605637813212
train,4,0.1753125,0.41425,0.07262320312500001,0.4232045866022933
train,4,0.15546875,0.2941666666666667,0.04573372395833333,0.5285056657223796
train,4,0.2578125,0.6335,0.16332421875,0.40696527229676405
train,4,0.376546875,0.32305555555555554,0.12164555989583332,1.16557932072227
train,4,0.20465624999999998,0.3388611111111111,0.06935004427083333,0.6039531928846626
train,0,0.09471874999999999,0.1951111111111111,0.018480680555555552,0.4854605637813212
train,4,0.1753125,0.41425,0.07262320312500001,0.4232045866022933
train,4,0.15546875,0.2941666666666667,0.04573372395833333,0.5285056657223796
train,4,0.2578125,0.6335,0.16332421875,0.40696527229676405
train,4,0.376546875,0.32305555555555554,0.12164555989583332,1.16557932072227
train,4,0.20465624999999998,0.3388611111111111,0.06935004427083333,0.6039531928846626
train,0,0.09471874999999999,0.1951111111111111,0.018480680555555552,0.4854605637813212
train,4,0.1753125,0.41425,0.07262320312500001,0.4232045866022933
train,4,0.15546875,0.2941666666666667,0.04573372395833333,0.5285056657223796
train,4,0.21223437500000003,0.7753333333333333,0.1645523854166667,0.27373307179707657
train,4,0.338140625,0.3645833333333333,0.12328043619791665,0.9274714285714285
train,4,0.20465624999999998,0.3388611111111111,0.06935004427083333,0.6039531928846626
train,0,0.13115625,0.21375,0.0280346484375,0.6135964912280703
train,4,0.1753125,0.41425,0.07262320312500001,0.4232045866022933
train,4,0.2578125,0.6335,0.16332421875,0.40696527229676405
train,4,0.376546875,0.32305555555555554,0.12164555989583332,1.16557932072227
train,4,0.20465624999999998,0.3388611111111111,0.06935004427083333,0.6039531928846626
train,0,0.09471874999999999,0.1951111111111111,0.018480680555555552,0.4854605637813212
train,4,0.1753125,0.41425,0.07262320312500001,0.4232045866022933
train,4,0.15546875,0.2941666666666667,0.04573372395833333,0.5285056657223796
train,4,0.2578125,0.6335,0.16332421875,0.40696527229676405
train,4,0.376546875,0.32305555555555554,0.12164555989583332,1.16557932072227
train,4,0.20465624999999998,0.3388611111111111,0.06935004427083333,0.6039531928846626
train,0,0.09471874999999999,0.1951111111111111,0.018480680555555552,0.4854605637813212
train,4,0.1753125,0.41425,0.07262320312500001,0.4232045866022933
train,4,0.15546875,0.2941666666666667,0.04573372395833333,0.5285056657223796
train,4,0.2578125,0.6335,0.16332421875,0.40696527229676405
train,4,0.376546875,0.32305555555555554,0.12164555989583332,1.16557932072227
train,4,0.20465624999999998,0.3388611111111111,0.06935004427083333,0.6039531928846626
train,0,0.09471874999999999,0.1951111111111111,0.018480680555555552,0.4854605637813212
train,4,0.1753125,0.41425,0.07262320312500001,0.4232045866022933
train,4,0.15546875,0.2941666666666667,0.04573372395833333,0.5285056657223796
train,4,0.2578125,0.6335,0.16332421875,0.40696527229676405
train,4,0.376546875,0.32305555555555554,0.12164555989583332,1.16557932072227
train,4,0.20465624999999998,0.3388611111111111,0.06935004427083333,0.6039531928846626
train,0,0.09471874999999999,0.1951111111111111,0.018480680555555552,0.4854605637813212
train,4,0.1753125,0.41425,0.07262320312500001,0.4232045866022933
train,4,0.15546875,0.2941666666666667,0.04573372395833333,0.5285056657223796
train,4,0.2578125,0.6335,0.16332421875,0.40696527229676405
train,4,0.376546875,0.32305555555555554,0.12164555989583332,1.16557932072227
train,4,0.20465624999999998,0.3388611111111111,0.06935004427083333,0.6039531928846626
train,0,0.09471874999999999,0.1951111111111111,0.018480680555555552,0.4854605637813212
train,4,0.319578125,0.41425,0.13238523828125,0.7714619794809897
train,4,0.15546875,0.2941666666666667,0.04573372395833333,0.5285056657223796
train,4,0.2578125,0.6335,0.16332421875,0.40696527229676405
train,4,0.376546875,0.32305555555555554,0.12164555989583332,1.16557932072227
train,4,0.20465624999999998,0.3388611111111111,0.06935004427083333,0.6039531928846626
train,0,0.09471874999999999,0.1951111111111111,0.018480680555555552,0.4854605637813212
train,4,0.319578125,0.41425,0.13238523828125,0.7714619794809897
train,4,0.15546875,0.2941666666666667,0.04573372395833333,0.5285056657223796
train,4,0.2578125,0.6335,0.16332421875,0.40696527229676405
train,4,0.376546875,0.32305555555555554,0.12164555989583332,1.16557932072227
train,4,0.20465624999999998,0.3388611111111111,0.06935004427083333,0.6039531928846626
train,0,0.09471874999999999,0.1951111111111111,0.018480680555555552,0.4854605637813212
train,4,0.319578125,0.41425,0.13238523828125,0.7714619794809897
train,4,0.15546875,0.2941666666666667,0.04573372395833333,0.5285056657223796
train,4,0.2578125,0.6335,0.16332421875,0.40696527229676405
train,4,0.376546875,0.32305555555555554,0.12164555989583332,1.16557932072227
train,4,0.20465624999999998,0.3388611111111111,0.06935004427083333,0.6039531928846626
train,0,0.09471874999999999,0.1951111111111111,0.018480680555555552,0.4854605637813212
train,4,0.319578125,0.41425,0.13238523828125,0.7714619794809897
train,4,0.15546875,0.2941666666666667,0.04573372395833333,0.5285056657223796
train,4,0.2578125,0.6335,0.16332421875,0.40696527229676405
train,4,0.376546875,0.32305555555555554,0.12164555989583332,1.16557932072227
train,4,0.20465624999999998,0.3388611111111111,0.06935004427083333,0.6039531928846626
train,0,0.09471874999999999,0.1951111111111111,0.018480680555555552,0.4854605637813212
train,4,0.319578125,0.41425,0.13238523828125,0.7714619794809897
train,4,0.15546875,0.2941666666666667,0.04573372395833333,0.5285056657223796
train,4,0.2578125,0.6335,0.16332421875,0.40696527229676405
train,4,0.376546875,0.32305555555555554,0.12164555989583332,1.16557932072227
train,4,0.20465624999999998,0.3388611111111111,0.06935004427083333,0.6039531928846626
train,0,0.09471874999999999,0.1951111111111111,0.018480680555555552,0.4854605637813212
train,4,0.319578125,0.41425,0.13238523828125,0.7714619794809897
train,4,0.15546875,0.2941666666666667,0.04573372395833333,0.5285056657223796
train,4,0.21223437500000003,0.7753333333333333,0.1645523854166667,0.27373307179707657
train,4,0.338140625,0.3645833333333333,0.12328043619791665,0.9274714285714285
train,4,0.20465624999999998,0.3388611111111111,0.06935004427083333,0.6039531928846626
train,0,0.13115625,0.21375,0.0280346484375,0.6135964912280703
train,4,0.1753125,0.41425,0.07262320312500001,0.4232045866022933
train,4,0.2578125,0.6335,0.16332421875,0.40696527229676405
train,4,0.376546875,0.32305555555555554,0.12164555989583332,1.16557932072227
train,4,0.20465624999999998,0.3388611111111111,0.06935004427083333,0.6039531928846626
train,0,0.09471874999999999,0.1951111111111111,0.018480680555555552,0.4854605637813212
train,4,0.319578125,0.41425,0.13238523828125,0.7714619794809897
train,4,0.15546875,0.2941666666666667,0.04573372395833333,0.5285056657223796
train,4,0.2578125,0.6335,0.16332421875,0.40696527229676405
train,4,0.376546875,0.32305555555555554,0.12164555989583332,1.16557932072227
train,4,0.20465624999999998,0.3388611111111111,0.06935004427083333,0.6039531928846626
train,0,0.09471874999999999,0.1951111111111111,0.018480680555555552,0.4854605637813212
train,4,0.319578125,0.41425,0.13238523828125,0.7714619794809897
train,4,0.15546875,0.2941666666666667,0.04573372395833333,0.5285056657223796
train,4,0.2578125,0.6335,0.16332421875,0.40696527229676405
train,4,0.376546875,0.32305555555555554,0.12164555989583332,1.16557932072227
train,4,0.20465624999999998,0.3388611111111111,0.06935004427083333,0.6039531928846626
train,0,0.09471874999999999,0.1951111111111111,0.018480680555555552,0.4854605637813212
train,4,0.319578125,0.41425,0.13238523828125,0.7714619794809897
train,4,0.15546875,0.2941666666666667,0.04573372395833333,0.5285056657223796
train,4,0.21223437500000003,0.7753333333333333,0.1645523854166667,0.27373307179707657
train,4,0.338140625,0.3645833333333333,0.12328043619791665,0.9274714285714285
train,4,0.20465624999999998,0.3388611111111111,0.06935004427083333,0.6039531928846626
train,0,0.13115625,0.21375,0.0280346484375,0.6135964912280703
train,4,0.1753125,0.41425,0.07262320312500001,0.4232045866022933
train,4,0.2578125,0.6335,0.16332421875,0.40696527229676405
train,4,0.376546875,0.32305555555555554,0.12164555989583332,1.16557932072227
train,4,0.20465624999999998,0.3388611111111111,0.06935004427083333,0.6039531928846626
train,0,0.09471874999999999,0.1951111111111111,0.018480680555555552,0.4854605637813212
train,4,0.18725,0.41425,0.0775683125,0.452021726010863
train,4,0.15546875,0.2941666666666667,0.04573372395833333,0.5285056657223796
train,4,0.2578125,0.6335,0.16332421875,0.40696527229676405
train,4,0.376546875,0.32305555555555554,0.12164555989583332,1.16557932072227
train,4,0.20465624999999998,0.3388611111111111,0.06935004427083333,0.6039531928846626
train,0,0.09471874999999999,0.1951111111111111,0.018480680555555552,0.4854605637813212
train,4,0.18725,0.41425,0.0775683125,0.452021726010863
train,4,0.15546875,0.2941666666666667,0.04573372395833333,0.5285056657223796
train,4,0.2578125,0.6335,0.16332421875,0.40696527229676405
train,4,0.376546875,0.32305555555555554,0.12164555989583332,1.16557932072227
train,4,0.20465624999999998,0.3388611111111111,0.06935004427083333,0.6039531928846626
train,0,0.09471874999999999,0.1951111111111111,0.018480680555555552,0.4854605637813212
train,4,0.18725,0.41425,0.0775683125,0.452021726010863
train,4,0.15546875,0.2941666666666667,0.04573372395833333,0.5285056657223796
train,4,0.2578125,0.6335,0.16332421875,0.40696527229676405
train,4,0.376546875,0.32305555555555554,0.12164555989583332,1.16557932072227
train,4,0.20465624999999998,0.3388611111111111,0.06935004427083333,0.6039531928846626
train,0,0.09471874999999999,0.1951111111111111,0.018480680555555552,0.4854605637813212
train,4,0.18725,0.41425,0.0775683125,0.452021726010863
train,4,0.15546875,0.2941666666666667,0.04573372395833333,0.5285056657223796
train,4,0.2578125,0.6335,0.16332421875,0.40696527229676405
train,4,0.376546875,0.32305555555555554,0.12164555989583332,1.16557932072227
train,4,0.20465624999999998,0.3388611111111111,0.06935004427083333,0.6039531928846626
train,0,0.09471874999999999,0.1951111111111111,0.018480680555555552,0.4854605637813212
train,4,0.18725,0.41425,0.0775683125,0.452021726010863
train,4,0.15546875,0.2941666666666667,0.04573372395833333,0.5285056657223796
train,4,0.2578125,0.6335,0.16332421875,0.40696527229676405
train,4,0.376546875,0.32305555555555554,0.12164555989583332,1.16557932072227
train,4,0.20465624999999998,0.3388611111111111,0.06935004427083333,0.6039531928846626
train,0,0.09471874999999999,0.1951111111111111,0.018480680555555552,0.4854605637813212
train,4,0.18725,0.41425,0.0775683125,0.452021726010863
train,4,0.15546875,0.2941666666666667,0.04573372395833333,0.5285056657223796
train,4,0.2578125,0.6335,0.16332421875,0.40696527229676405
train,4,0.376546875,0.32305555555555554,0.12164555989583332,1.16557932072227
train,4,0.20465624999999998,0.3388611111111111,0.06935004427083333,0.6039531928846626
train,0,0.09471874999999999,0.1951111111111111,0.018480680555555552,0.4854605637813212
train,4,0.18725,0.41425,0.0775683125,0.452021726010863
train,4,0.15546875,0.2941666666666667,0.04573372395833333,0.5285056657223796
train,4,0.2578125,0.6335,0.16332421875,0.40696527229676405
train,4,0.376546875,0.32305555555555554,0.12164555989583332,1.16557932072227
train,4,0.20465624999999998,0.3388611111111111,0.06935004427083333,0.6039531928846626
train,0,0.09471874999999999,0.1951111111111111,0.018480680555555552,0.4854605637813212
train,4,0.18725,0.41425,0.0775683125,0.452021726010863
train,4,0.15546875,0.2941666666666667,0.04573372395833333,0.5285056657223796
train,4,0.2578125,0.6335,0.16332421875,0.40696527229676405
train,4,0.376546875,0.32305555555555554,0.12164555989583332,1.16557932072227
train,4,0.20465624999999998,0.3388611111111111,0.06935004427083333,0.6039531928846626
train,0,0.09471874999999999,0.1951111111111111,0.018480680555555552,0.4854605637813212
train,4,0.18725,0.41425,0.0775683125,0.452021726010863
train,4,0.15546875,0.2941666666666667,0.04573372395833333,0.5285056657223796
train,4,0.21223437500000003,0.7753333333333333,0.1645523854166667,0.27373307179707657
train,4,0.338140625,0.3645833333333333,0.12328043619791665,0.9274714285714285
train,4,0.20465624999999998,0.3388611111111111,0.06935004427083333,0.6039531928846626
train,0,0.13115625,0.21375,0.0280346484375,0.6135964912280703
train,4,0.1753125,0.41425,0.07262320312500001,0.4232045866022933
train,4,0.28765625,0.7964722222222222,0.22911021267361112,0.3611629407456492
train,2,0.46281249999999996,0.35344444444444445,0.16357850694444442,1.3094349261238603
train,4,0.20465624999999998,0.3388611111111111,0.06935004427083333,0.6039531928846626
train,0,0.09471874999999999,0.1951111111111111,0.018480680555555552,0.4854605637813212
train,4,0.18725,0.41425,0.0775683125,0.452021726010863
train,4,0.15546875,0.2941666666666667,0.04573372395833333,0.5285056657223796
train,1,0.040281250000000005,0.07886111111111112,0.0031766241319444452,0.5107872490313491
train,4,0.28765625,0.7964722222222222,0.22911021267361112,0.3611629407456492
train,2,0.46281249999999996,0.35344444444444445,0.16357850694444442,1.3094349261238603
train,4,0.20465624999999998,0.3388611111111111,0.06935004427083333,0.6039531928846626
train,0,0.09471874999999999,0.1951111111111111,0.018480680555555552,0.4854605637813212
train,4,0.159609375,0.34625,0.05526474609375,0.46096570397111913
train,4,0.15546875,0.2941666666666667,0.04573372395833333,0.5285056657223796
train,1,0.040281250000000005,0.07886111111111112,0.0031766241319444452,0.5107872490313491
train,4,0.28765625,0.7964722222222222,0.22911021267361112,0.3611629407456492
train,2,0.46281249999999996,0.35344444444444445,0.16357850694444442,1.3094349261238603
train,4,0.20465624999999998,0.3388611111111111,0.06935004427083333,0.6039531928846626
train,0,0.09471874999999999,0.1951111111111111,0.018480680555555552,0.4854605637813212
train,4,0.159609375,0.34625,0.05526474609375,0.46096570397111913
train,4,0.15546875,0.2941666666666667,0.04573372395833333,0.5285056657223796
train,1,0.040281250000000005,0.07886111111111112,0.0031766241319444452,0.5107872490313491
train,4,0.28765625,0.7964722222222222,0.22911021267361112,0.3611629407456492
train,2,0.46281249999999996,0.35344444444444445,0.16357850694444442,1.3094349261238603
train,4,0.20465624999999998,0.3388611111111111,0.06935004427083333,0.6039531928846626
train,0,0.10232812499999999,0.2325,0.0237912890625,0.44012096774193543
train,4,0.159609375,0.34625,0.05526474609375,0.46096570397111913
train,4,0.15546875,0.2941666666666667,0.04573372395833333,0.5285056657223796
train,1,0.040281250000000005,0.07886111111111112,0.0031766241319444452,0.5107872490313491
train,4,0.21223437500000003,0.7753333333333333,0.1645523854166667,0.27373307179707657
train,4,0.338140625,0.3645833333333333,0.12328043619791665,0.9274714285714285
train,4,0.20465624999999998,0.3388611111111111,0.06935004427083333,0.6039531928846626
train,0,0.13115625,0.21375,0.0280346484375,0.6135964912280703
train,4,0.1753125,0.41425,0.07262320312500001,0.4232045866022933
train,4,0.28765625,0.7964722222222222,0.22911021267361112,0.3611629407456492
train,2,0.46281249999999996,0.35344444444444445,0.16357850694444442,1.3094349261238603
train,4,0.20465624999999998,0.3388611111111111,0.06935004427083333,0.6039531928846626
train,0,0.10232812499999999,0.2325,0.0237912890625,0.44012096774193543
train,4,0.159609375,0.34625,0.05526474609375,0.46096570397111913
train,4,0.15546875,0.2941666666666667,0.04573372395833333,0.5285056657223796
train,1,0.040281250000000005,0.07886111111111112,0.0031766241319444452,0.5107872490313491
train,4,0.28765625,0.7964722222222222,0.22911021267361112,0.3611629407456492
train,2,0.46281249999999996,0.35344444444444445,0.16357850694444442,1.3094349261238603
train,4,0.20465624999999998,0.3388611111111111,0.06935004427083333,0.6039531928846626
train,0,0.10232812499999999,0.2325,0.0237912890625,0.44012096774193543
train,4,0.159609375,0.34625,0.05526474609375,0.46096570397111913
train,4,0.15546875,0.2941666666666667,0.04573372395833333,0.5285056657223796
train,1,0.040281250000000005,0.07886111111111112,0.0031766241319444452,0.5107872490313491
train,4,0.28765625,0.7964722222222222,0.22911021267361112,0.3611629407456492
train,2,0.46281249999999996,0.35344444444444445,0.16357850694444442,1.3094349261238603
train,4,0.20465624999999998,0.3388611111111111,0.06935004427083333,0.6039531928846626
train,0,0.10232812499999999,0.2325,0.0237912890625,0.44012096774193543
train,4,0.159609375,0.34625,0.05526474609375,0.46096570397111913
train,4,0.15546875,0.2941666666666667,0.04573372395833333,0.5285056657223796
train,1,0.040281250000000005,0.07886111111111112,0.0031766241319444452,0.5107872490313491
train,4,0.28765625,0.7964722222222222,0.22911021267361112,0.3611629407456492
train,2,0.46281249999999996,0.35344444444444445,0.16357850694444442,1.3094349261238603
train,4,0.20465624999999998,0.3388611111111111,0.06935004427083333,0.6039531928846626
train,0,0.10232812499999999,0.2325,0.0237912890625,0.44012096774193543
train,4,0.159609375,0.34625,0.05526474609375,0.46096570397111913
train,4,0.15546875,0.2941666666666667,0.04573372395833333,0.5285056657223796
train,1,0.040281250000000005,0.07886111111111112,0.0031766241319444452,0.5107872490313491
train,4,0.28765625,0.7964722222222222,0.22911021267361112,0.3611629407456492
train,2,0.46281249999999996,0.35344444444444445,0.16357850694444442,1.3094349261238603
train,4,0.20465624999999998,0.3388611111111111,0.06935004427083333,0.6039531928846626
train,0,0.10232812499999999,0.2325,0.0237912890625,0.44012096774193543
train,4,0.159609375,0.34625,0.05526474609375,0.46096570397111913
train,4,0.15546875,0.2941666666666667,0.04573372395833333,0.5285056657223796
train,1,0.040281250000000005,0.07886111111111112,0.0031766241319444452,0.5107872490313491
train,4,0.28765625,0.7964722222222222,0.22911021267361112,0.3611629407456492
train,2,0.46281249999999996,0.35344444444444445,0.16357850694444442,1.3094349261238603
train,4,0.20465624999999998,0.3388611111111111,0.06935004427083333,0.6039531928846626
train,0,0.10232812499999999,0.2325,0.0237912890625,0.44012096774193543
train,4,0.159609375,0.34625,0.05526474609375,0.46096570397111913
train,4,0.15546875,0.2941666666666667,0.04573372395833333,0.5285056657223796
train,1,0.040281250000000005,0.07886111111111112,0.0031766241319444452,0.5107872490313491
train,4,0.28765625,0.7964722222222222,0.22911021267361112,0.3611629407456492
train,2,0.46281249999999996,0.35344444444444445,0.16357850694444442,1.3094349261238603
train,4,0.20465624999999998,0.3388611111111111,0.06935004427083333,0.6039531928846626
train,0,0.10232812499999999,0.2325,0.0237912890625,0.44012096774193543
train,4,0.159609375,0.34625,0.05526474609375,0.46096570397111913
train,4,0.15546875,0.2941666666666667,0.04573372395833333,0.5285056657223796
train,1,0.040281250000000005,0.07886111111111112,0.0031766241319444452,0.5107872490313491
train,4,0.21223437500000003,0.7753333333333333,0.1645523854166667,0.27373307179707657
train,4,0.338140625,0.3645833333333333,0.12328043619791665,0.9274714285714285
train,4,0.20465624999999998,0.3388611111111111,0.06935004427083333,0.6039531928846626
train,0,0.13115625,0.21375,0.0280346484375,0.6135964912280703
train,4,0.1753125,0.41425,0.07262320312500001,0.4232045866022933
train,4,0.28765625,0.7964722222222222,0.22911021267361112,0.3611629407456492
train,2,0.46281249999999996,0.35344444444444445,0.16357850694444442,1.3094349261238603
train,4,0.20465624999999998,0.3388611111111111,0.06935004427083333,0.6039531928846626
train,0,0.10232812499999999,0.2325,0.0237912890625,0.44012096774193543
train,4,0.159609375,0.34625,0.05526474609375,0.46096570397111913
train,4,0.15546875,0.2941666666666667,0.04573372395833333,0.5285056657223796
train,1,0.040281250000000005,0.07886111111111112,0.0031766241319444452,0.5107872490313491
train,4,0.28765625,0.7964722222222222,0.22911021267361112,0.3611629407456492
train,2,0.46281249999999996,0.35344444444444445,0.16357850694444442,1.3094349261238603
train,4,0.20465624999999998,0.3388611111111111,0.06935004427083333,0.6039531928846626
train,0,0.10232812499999999,0.2325,0.0237912890625,0.44012096774193543
train,4,0.159609375,0.34625,0.05526474609375,0.46096570397111913
train,4,0.15546875,0.2941666666666667,0.04573372395833333,0.5285056657223796
train,1,0.040281250000000005,0.07886111111111112,0.0031766241319444452,0.5107872490313491
train,4,0.28765625,0.7964722222222222,0.22911021267361112,0.3611629407456492
train,2,0.46281249999999996,0.35344444444444445,0.16357850694444442,1.3094349261238603
train,4,0.20465624999999998,0.3388611111111111,0.06935004427083333,0.6039531928846626
train,0,0.10232812499999999,0.2325,0.0237912890625,0.44012096774193543
train,4,0.159609375,0.34625,0.05526474609375,0.46096570397111913
train,4,0.15546875,0.2941666666666667,0.04573372395833333,0.5285056657223796
train,1,0.040281250000000005,0.07886111111111112,0.0031766241319444452,0.5107872490313491
train,4,0.28765625,0.7964722222222222,0.22911021267361112,0.3611629407456492
train,2,0.46281249999999996,0.35344444444444445,0.16357850694444442,1.3094349261238603
train,4,0.20465624999999998,0.3388611111111111,0.06935004427083333,0.6039531928846626
train,0,0.10232812499999999,0.2325,0.0237912890625,0.44012096774193543
train,4,0.159609375,0.34625,0.05526474609375,0.46096570397111913
train,4,0.15546875,0.2941666666666667,0.04573372395833333,0.5285056657223796
train,1,0.040281250000000005,0.07886111111111112,0.0031766241319444452,0.5107872490313491
train,4,0.28765625,0.7964722222222222,0.22911021267361112,0.3611629407456492
train,2,0.46281249999999996,0.35344444444444445,0.16357850694444442,1.3094349261238603
train,4,0.20465624999999998,0.3388611111111111,0.06935004427083333,0.6039531928846626
train,0,0.10232812499999999,0.2325,0.0237912890625,0.44012096774193543
train,4,0.20587499999999997,0.41936111111111113,0.08633596874999999,0.4909253494071669
train,4,0.15546875,0.2941666666666667,0.04573372395833333,0.5285056657223796
train,1,0.040281250000000005,0.07886111111111112,0.0031766241319444452,0.5107872490313491
train,4,0.28765625,0.7964722222222222,0.22911021267361112,0.3611629407456492
train,2,0.46281249999999996,0.35344444444444445,0.16357850694444442,1.3094349261238603
train,4,0.20465624999999998,0.3388611111111111,0.06935004427083333,0.6039531928846626
train,0,0.10232812499999999,0.2325,0.0237912890625,0.44012096774193543
train,4,0.20587499999999997,0.41936111111111113,0.08633596874999999,0.4909253494071669
train,4,0.15546875,0.2941666666666667,0.04573372395833333,0.5285056657223796
train,1,0.040281250000000005,0.07886111111111112,0.0031766241319444452,0.5107872490313491
train,4,0.28765625,0.7964722222222222,0.22911021267361112,0.3611629407456492
train,2,0.46281249999999996,0.35344444444444445,0.16357850694444442,1.3094349261238603
train,4,0.20465624999999998,0.3388611111111111,0.06935004427083333,0.6039531928846626
train,0,0.10232812499999999,0.2325,0.0237912890625,0.44012096774193543
train,4,0.20587499999999997,0.41936111111111113,0.08633596874999999,0.4909253494071669
train,4,0.15546875,0.2941666666666667,0.04573372395833333,0.5285056657223796
train,1,0.040281250000000005,0.07886111111111112,0.0031766241319444452,0.5107872490313491
train,4,0.21223437500000003,0.7753333333333333,0.1645523854166667,0.27373307179707657
train,4,0.338140625,0.3645833333333333,0.12328043619791665,0.9274714285714285
train,4,0.20465624999999998,0.3388611111111111,0.06935004427083333,0.6039531928846626
train,0,0.13115625,0.21375,0.0280346484375,0.6135964912280703
train,4,0.1753125,0.41425,0.07262320312500001,0.4232045866022933
train,4,0.28765625,0.7964722222222222,0.22911021267361112,0.3611629407456492
train,2,0.46281249999999996,0.35344444444444445,0.16357850694444442,1.3094349261238603
train,4,0.20465624999999998,0.3388611111111111,0.06935004427083333,0.6039531928846626
train,0,0.10232812499999999,0.2325,0.0237912890625,0.44012096774193543
train,4,0.20587499999999997,0.41936111111111113,0.08633596874999999,0.4909253494071669
train,4,0.15546875,0.2941666666666667,0.04573372395833333,0.5285056657223796
train,1,0.040281250000000005,0.07886111111111112,0.0031766241319444452,0.5107872490313491
train,4,0.28765625,0.7964722222222222,0.22911021267361112,0.3611629407456492
train,2,0.46281249999999996,0.35344444444444445,0.16357850694444442,1.3094349261238603
train,4,0.20465624999999998,0.3388611111111111,0.06935004427083333,0.6039531928846626
train,0,0.10232812499999999,0.2325,0.0237912890625,0.44012096774193543
train,4,0.20587499999999997,0.41936111111111113,0.08633596874999999,0.4909253494071669
train,4,0.15546875,0.2941666666666667,0.04573372395833333,0.5285056657223796
train,1,0.040281250000000005,0.07886111111111112,0.0031766241319444452,0.5107872490313491
train,4,0.28765625,0.7964722222222222,0.22911021267361112,0.3611629407456492
train,2,0.46281249999999996,0.35344444444444445,0.16357850694444442,1.3094349261238603
train,4,0.20465624999999998,0.3388611111111111,0.06935004427083333,0.6039531928846626
train,0,0.10232812499999999,0.2325,0.0237912890625,0.44012096774193543
train,4,0.20587499999999997,0.41936111111111113,0.08633596874999999,0.4909253494071669
train,4,0.15546875,0.2941666666666667,0.04573372395833333,0.5285056657223796
train,1,0.040281250000000005,0.07886111111111112,0.0031766241319444452,0.5107872490313491
train,4,0.16830729166666666,0.6050462962962964,0.10183370346257717,0.27817258397735095
train,2,0.21376562500000001,0.7337962962962963,0.15686042390046298,0.2913146687697161
train,1,0.11416666666666667,0.12608333333333333,0.014394513888888887,0.9054857898215467
train,4,0.22658854166666667,0.7222222222222222,0.1636472800925926,0.31373798076923076
train,4,0.12738020833333333,0.49296296296296294,0.0627937249228395,0.25839711682945155
train,0,0.05001041666666666,0.1640925925925926,0.008206338927469135,0.3047694955422638
train,4,0.18224479166666668,0.7245277777777778,0.1320414139178241,0.2515359621209217
train,2,0.133078125,0.5573611111111112,0.07417257161458334,0.23876463992025912
train,1,0.05757291666666667,0.11159259259259259,0.006424711033950617,0.5159205940922669
train,4,0.12738020833333333,0.49296296296296294,0.0627937249228395,0.25839711682945155
train,4,0.18224479166666668,0.7245277777777778,0.1320414139178241,0.2515359621209217
train,2,0.133078125,0.5573611111111112,0.07417257161458334,0.23876463992025912
train,1,0.05757291666666667,0.11159259259259259,0.006424711033950617,0.5159205940922669
train,0,0.05241666666666667,0.15331481481481482,0.008036251543209878,0.34188911704312114
train,4,0.12738020833333333,0.49296296296296294,0.0627937249228395,0.25839711682945155
train,4,0.18224479166666668,0.7245277777777778,0.1320414139178241,0.2515359621209217
train,2,0.133078125,0.5573611111111112,0.07417257161458334,0.23876463992025912
train,1,0.05757291666666667,0.11159259259259259,0.006424711033950617,0.5159205940922669
train,0,0.05241666666666667,0.15331481481481482,0.008036251543209878,0.34188911704312114
train,1,0.00015625,0.000962962962962963,1.5046296296296297e-07,0.1622596153846154
train,4,0.12738020833333333,0.49296296296296294,0.0627937249228395,0.25839711682945155
train,4,0.18224479166666668,0.7245277777777778,0.1320414139178241,0.2515359621209217
train,2,0.133078125,0.5573611111111112,0.07417257161458334,0.23876463992025912
train,1,0.05757291666666667,0.11159259259259259,0.006424711033950617,0.5159205940922669
train,0,0.05241666666666667,0.15331481481481482,0.008036251543209878,0.34188911704312114
train,4,0.12738020833333333,0.49296296296296294,0.0627937249228395,0.25839711682945155
train,4,0.18224479166666668,0.7245277777777778,0.1320414139178241,0.2515359621209217
train,2,0.10128645833333333,0.5016296296296296,0.05080828858024691,0.2019148239072652
train,1,0.03490625,0.09817592592592593,0.003426953414351852,0.3555479581250589
train,0,0.05241666666666667,0.15331481481481482,0.008036251543209878,0.34188911704312114
train,4,0.12738020833333333,0.49296296296296294,0.0627937249228395,0.25839711682945155
train,4,0.18224479166666668,0.7245277777777778,0.1320414139178241,0.2515359621209217
train,2,0.10128645833333333,0.5016296296296296,0.05080828858024691,0.2019148239072652
train,1,0.03490625,0.09817592592592593,0.003426953414351852,0.3555479581250589
train,0,0.05241666666666667,0.15331481481481482,0.008036251543209878,0.34188911704312114
train,4,0.12738020833333333,0.49296296296296294,0.0627937249228395,0.25839711682945155
train,4,0.18224479166666668,0.7245277777777778,0.1320414139178241,0.2515359621209217
train,2,0.10128645833333333,0.5016296296296296,0.05080828858024691,0.2019148239072652
train,1,0.02921354166666667,0.06336111111111112,0.001851002459490741,0.46106422621657167
train,0,0.056463541666666665,0.1313888888888889,0.007418682002314814,0.4297436575052854
train,4,0.12738020833333333,0.49296296296296294,0.0627937249228395,0.25839711682945155
train,4,0.18224479166666668,0.7245277777777778,0.1320414139178241,0.2515359621209217
train,2,0.10128645833333333,0.36872222222222223,0.03734656799768518,0.274695833961127
train,1,0.02921354166666667,0.06336111111111112,0.001851002459490741,0.46106422621657167
train,0,0.056463541666666665,0.1313888888888889,0.007418682002314814,0.4297436575052854
train,4,0.013421875,0.0010277777777777778,1.3794704861111112e-05,13.059121621621621
train,4,0.0018177083333333335,0.0020925925925925925,3.8037229938271607e-06,0.8686393805309736
train,4,0.012281249999999999,0.007009259259259259,8.608246527777777e-05,1.7521466314398941
train,4,0.12738020833333333,0.49296296296296294,0.0627937249228395,0.25839711682945155
train,4,0.18224479166666668,0.7245277777777778,0.1320414139178241,0.2515359621209217
train,2,0.08372916666666666,0.2829351851851852,0.023689927276234566,0.2959305560100795
train,1,0.02921354166666667,0.06336111111111112,0.001851002459490741,0.46106422621657167
train,0,0.056463541666666665,0.1313888888888889,0.007418682002314814,0.4297436575052854
train,4,0.16830729166666666,0.6050462962962964,0.10183370346257717,0.27817258397735095
train,2,0.21376562500000001,0.7337962962962963,0.15686042390046298,0.2913146687697161
train,1,0.11416666666666667,0.12608333333333333,0.014394513888888887,0.9054857898215467
train,4,0.22658854166666667,0.7222222222222222,0.1636472800925926,0.31373798076923076
train,0,0.07910416666666667,0.19258333333333333,0.015234144097222223,0.4107529208135007
train,4,0.12738020833333333,0.49296296296296294,0.0627937249228395,0.25839711682945155
train,4,0.18224479166666668,0.7245277777777778,0.1320414139178241,0.2515359621209217
train,4,0.08372916666666666,0.2829351851851852,0.023689927276234566,0.2959305560100795
train,0,0.042046875000000004,0.09605555555555555,0.0040388359375,0.4377349624060151
train,4,0.05042708333333333,0.0737962962962963,0.0037213319830246916,0.683328105395232
train,4,0.12738020833333333,0.49296296296296294,0.0627937249228395,0.25839711682945155
train,4,0.18224479166666668,0.7245277777777778,0.1320414139178241,0.2515359621209217
train,4,0.08372916666666666,0.2829351851851852,0.023689927276234566,0.2959305560100795
train,0,0.042046875000000004,0.09605555555555555,0.0040388359375,0.4377349624060151
train,4,0.05042708333333333,0.0737962962962963,0.0037213319830246916,0.683328105395232
train,4,0.12738020833333333,0.49296296296296294,0.0627937249228395,0.25839711682945155
train,4,0.18224479166666668,0.7245277777777778,0.1320414139178241,0.2515359621209217
train,4,0.07503125000000001,0.21822222222222223,0.016373486111111113,0.3438295570264766
train,0,0.042046875000000004,0.09605555555555555,0.0040388359375,0.4377349624060151
train,4,0.05042708333333333,0.0737962962962963,0.0037213319830246916,0.683328105395232
train,4,0.12738020833333333,0.49296296296296294,0.0627937249228395,0.25839711682945155
train,4,0.18224479166666668,0.7245277777777778,0.1320414139178241,0.2515359621209217
train,4,0.08834895833333332,0.15894444444444444,0.014042576099537036,0.5558480426424327
train,0,0.042046875000000004,0.09605555555555555,0.0040388359375,0.4377349624060151
train,4,0.05042708333333333,0.0737962962962963,0.0037213319830246916,0.683328105395232
train,4,0.12738020833333333,0.49296296296296294,0.0627937249228395,0.25839711682945155
train,4,0.18224479166666668,0.7245277777777778,0.1320414139178241,0.2515359621209217
train,4,0.08834895833333332,0.15894444444444444,0.014042576099537036,0.5558480426424327
train,0,0.042046875000000004,0.09605555555555555,0.0040388359375,0.4377349624060151
train,4,0.05042708333333333,0.0737962962962963,0.0037213319830246916,0.683328105395232
train,4,0.12738020833333333,0.49296296296296294,0.0627937249228395,0.25839711682945155
train,4,0.18224479166666668,0.7245277777777778,0.1320414139178241,0.2515359621209217
train,4,0.08834895833333332,0.15894444444444444,0.014042576099537036,0.5558480426424327
train,0,0.042046875000000004,0.09605555555555555,0.0040388359375,0.4377349624060151
train,4,0.05042708333333333,0.0737962962962963,0.0037213319830246916,0.683328105395232
train,4,0.12738020833333333,0.49296296296296294,0.0627937249228395,0.25839711682945155
train,4,0.18224479166666668,0.7245277777777778,0.1320414139178241,0.2515359621209217
train,4,0.08834895833333332,0.15894444444444444,0.014042576099537036,0.5558480426424327
train,0,0.042046875000000004,0.09605555555555555,0.0040388359375,0.4377349624060151
train,4,0.05042708333333333,0.0737962962962963,0.0037213319830246916,0.683328105395232
train,4,0.16830729166666666,0.6050462962962964,0.10183370346257717,0.27817258397735095
train,2,0.21376562500000001,0.7337962962962963,0.15686042390046298,0.2913146687697161
train,1,0.09911979166666667,0.11555555555555555,0.011453842592592592,0.8577674278846155
train,4,0.22658854166666667,0.7222222222222222,0.1636472800925926,0.31373798076923076
train,0,0.07910416666666667,0.19258333333333333,0.015234144097222223,0.4107529208135007
train,4,0.12738020833333333,0.49296296296296294,0.0627937249228395,0.25839711682945155
train,4,0.24406250000000002,0.7326574074074074,0.17881419849537036,0.3331195420020979
train,4,0.08834895833333332,0.15894444444444444,0.014042576099537036,0.5558480426424327
train,0,0.042046875000000004,0.09605555555555555,0.0040388359375,0.4377349624060151
train,4,0.05042708333333333,0.0737962962962963,0.0037213319830246916,0.683328105395232
train,4,0.12738020833333333,0.49296296296296294,0.0627937249228395,0.25839711682945155
train,4,0.24406250000000002,0.7326574074074074,0.17881419849537036,0.3331195420020979
train,0,0.042046875000000004,0.09605555555555555,0.0040388359375,0.4377349624060151
train,4,0.05042708333333333,0.0737962962962963,0.0037213319830246916,0.683328105395232
train,4,0.12738020833333333,0.49296296296296294,0.0627937249228395,0.25839711682945155
train,4,0.24406250000000002,0.7326574074074074,0.17881419849537036,0.3331195420020979
train,0,0.042046875000000004,0.09605555555555555,0.0040388359375,0.4377349624060151
train,4,0.05042708333333333,0.0737962962962963,0.0037213319830246916,0.683328105395232
train,4,0.12738020833333333,0.49296296296296294,0.0627937249228395,0.25839711682945155
train,4,0.24406250000000002,0.7326574074074074,0.17881419849537036,0.3331195420020979
train,0,0.042046875000000004,0.09605555555555555,0.0040388359375,0.4377349624060151
train,4,0.05042708333333333,0.0737962962962963,0.0037213319830246916,0.683328105395232
train,4,0.12738020833333333,0.49296296296296294,0.0627937249228395,0.25839711682945155
train,4,0.24406250000000002,0.7326574074074074,0.17881419849537036,0.3331195420020979
train,0,0.03178645833333334,0.08869444444444445,0.002819282262731482,0.35838161603507673
train,4,0.05042708333333333,0.0737962962962963,0.0037213319830246916,0.683328105395232
train,4,0.16830729166666666,0.6050462962962964,0.10183370346257717,0.27817258397735095
train,2,0.21376562500000001,0.7337962962962963,0.15686042390046298,0.2913146687697161
train,1,0.09911979166666667,0.11555555555555555,0.011453842592592592,0.8577674278846155
train,4,0.22658854166666667,0.7222222222222222,0.1636472800925926,0.31373798076923076
train,0,0.07910416666666667,0.19258333333333333,0.015234144097222223,0.4107529208135007
train,2,0.12738020833333333,0.49296296296296294,0.0627937249228395,0.25839711682945155
train,4,0.22344270833333332,0.7797407407407407,0.1742273829089506,0.2865602586329739
train,0,0.042046875000000004,0.09605555555555555,0.0040388359375,0.4377349624060151
train,4,0.05042708333333333,0.0737962962962963,0.0037213319830246916,0.683328105395232
train,1,0.028286458333333334,0.04586111111111111,0.0012972484085648148,0.6167852816474864
train,5,0.12738020833333333,0.49296296296296294,0.0627937249228395,0.25839711682945155
train,4,0.20793229166666669,0.6801759259259259,0.1414305390142747,0.3057036918553207
train,0,0.042046875000000004,0.09605555555555555,0.0040388359375,0.4377349624060151
train,4,0.05042708333333333,0.0737962962962963,0.0037213319830246916,0.683328105395232
train,4,0.12738020833333333,0.49296296296296294,0.0627937249228395,0.25839711682945155
train,4,0.20793229166666669,0.6801759259259259,0.1414305390142747,0.3057036918553207
train,0,0.042046875000000004,0.09605555555555555,0.0040388359375,0.4377349624060151
train,4,0.05042708333333333,0.0737962962962963,0.0037213319830246916,0.683328105395232
train,4,0.12738020833333333,0.49296296296296294,0.0627937249228395,0.25839711682945155
train,4,0.20793229166666669,0.6801759259259259,0.1414305390142747,0.3057036918553207
train,0,0.042046875000000004,0.09605555555555555,0.0040388359375,0.4377349624060151
train,4,0.05042708333333333,0.0737962962962963,0.0037213319830246916,0.683328105395232
train,4,0.12738020833333333,0.49296296296296294,0.0627937249228395,0.25839711682945155
train,4,0.17539583333333333,0.5445092592592593,0.09550465528549383,0.3221172649514513
train,0,0.042046875000000004,0.09605555555555555,0.0040388359375,0.4377349624060151
train,4,0.05042708333333333,0.0737962962962963,0.0037213319830246916,0.683328105395232
train,2,0.12738020833333333,0.49296296296296294,0.0627937249228395,0.25839711682945155
train,4,0.15732812499999999,0.4329074074074074,0.06810851070601852,0.3634221136159473
train,0,0.036911458333333334,0.06257407407407407,0.0023097003279320986,0.5898842113051199
train,4,0.05042708333333333,0.0737962962962963,0.0037213319830246916,0.683328105395232
train,1,0.037953125000000004,0.05613888888888889,0.0021306462673611115,0.6760576447303316
train,2,0.12738020833333333,0.49296296296296294,0.0627937249228395,0.25839711682945155
train,4,0.15732812499999999,0.4329074074074074,0.06810851070601852,0.3634221136159473
train,0,0.03955729166666667,0.06724074074074074,0.0026598615933641975,0.5882935141834206
train,4,0.05042708333333333,0.0737962962962963,0.0037213319830246916,0.683328105395232
train,1,0.026020833333333333,0.03912037037037037,0.0010179446373456788,0.6651479289940829
train,2,0.12738020833333333,0.49296296296296294,0.0627937249228395,0.25839711682945155
train,4,0.15732812499999999,0.4329074074074074,0.06810851070601852,0.3634221136159473
train,0,0.041755208333333335,0.07263888888888889,0.0030330519386574076,0.5748326959847037
train,4,0.05042708333333333,0.0737962962962963,0.0037213319830246916,0.683328105395232
train,1,0.021260416666666667,0.03285185185185185,0.0006984440586419753,0.6471603720405863
train,5,0.12738020833333333,0.49296296296296294,0.0627937249228395,0.25839711682945155
train,4,0.0951875,0.383,0.0364568125,0.24853133159268928
train,0,0.042046875000000004,0.09605555555555555,0.0040388359375,0.4377349624060151
train,4,0.05042708333333333,0.0737962962962963,0.0037213319830246916,0.683328105395232
train,5,0.09656250000000001,0.46141666666666664,0.044555546875000004,0.2092739750767564
train,4,0.08055729166666666,0.19255555555555556,0.015511754050925924,0.41835869878822846
train,0,0.042046875000000004,0.09605555555555555,0.0040388359375,0.4377349624060151
train,4,0.05042708333333333,0.0737962962962963,0.0037213319830246916,0.683328105395232
train,5,0.12738020833333333,0.49296296296296294,0.0627937249228395,0.25839711682945155
train,4,0.08055729166666666,0.19255555555555556,0.015511754050925924,0.41835869878822846
train,0,0.042046875000000004,0.09605555555555555,0.0040388359375,0.4377349624060151
train,4,0.05042708333333333,0.0737962962962963,0.0037213319830246916,0.683328105395232
train,4,0.16830729166666666,0.6050462962962964,0.10183370346257717,0.27817258397735095
train,2,0.21376562500000001,0.7337962962962963,0.15686042390046298,0.2913146687697161
train,1,0.09911979166666667,0.15546296296296297,0.015409456500771605,0.637578171530673
train,4,0.22658854166666667,0.7222222222222222,0.1636472800925926,0.31373798076923076
train,0,0.05621875,0.16557407407407407,0.009308367476851851,0.33953836259926184
train,4,0.16830729166666666,0.6050462962962964,0.10183370346257717,0.27817258397735095
train,2,0.21376562500000001,0.7337962962962963,0.15686042390046298,0.2913146687697161
train,1,0.09911979166666667,0.15546296296296297,0.015409456500771605,0.637578171530673
train,4,0.22658854166666667,0.7222222222222222,0.1636472800925926,0.31373798076923076
train,0,0.06583854166666667,0.16894444444444445,0.011123055844907408,0.38970527786912196
train,4,0.16830729166666666,0.6050462962962964,0.10183370346257717,0.27817258397735095
train,2,0.21376562500000001,0.7337962962962963,0.15686042390046298,0.2913146687697161
train,1,0.08636979166666667,0.11586111111111111,0.010006900028935185,0.7454597218892353
train,4,0.22658854166666667,0.7222222222222222,0.1636472800925926,0.31373798076923076
train,0,0.06665625,0.17524074074074072,0.011680890624999999,0.3803695973792667
train,4,0.16830729166666666,0.6050462962962964,0.10183370346257717,0.27817258397735095
train,2,0.21376562500000001,0.7337962962962963,0.15686042390046298,0.2913146687697161
train,1,0.08636979166666667,0.11586111111111111,0.010006900028935185,0.7454597218892353
train,4,0.22658854166666667,0.7222222222222222,0.1636472800925926,0.31373798076923076
train,0,0.05776041666666667,0.13547222222222222,0.007824932002314815,0.4263635431617798
train,4,0.16830729166666666,0.6050462962962964,0.10183370346257717,0.27817258397735095
train,2,0.21376562500000001,0.7337962962962963,0.15686042390046298,0.2913146687697161
train,1,0.11416666666666667,0.12608333333333333,0.014394513888888887,0.9054857898215467
train,4,0.22658854166666667,0.7222222222222222,0.1636472800925926,0.31373798076923076
train,4,0.231328125,0.7592592592592593,0.17563802083333335,0.3046760670731707
train,4,0.12093229166666666,0.448212962962963,0.054203420765817904,0.26980989319726484
train,0,0.0743125,0.17514814814814814,0.01301569675925926,0.4242836751956017
train,4,0.231328125,0.7592592592592593,0.17563802083333335,0.3046760670731707
train,4,0.12093229166666666,0.448212962962963,0.054203420765817904,0.26980989319726484
train,0,0.05322916666666667,0.17096296296296296,0.009100216049382716,0.31134911178509533
train,2,0.06030729166666667,0.14533333333333334,0.008764659722222224,0.4149584288990826
train,1,0.050791666666666666,0.08368518518518518,0.004250510030864197,0.6069373755255587
train,4,0.231328125,0.7592592592592593,0.17563802083333335,0.3046760670731707
train,4,0.12093229166666666,0.448212962962963,0.054203420765817904,0.26980989319726484
train,0,0.05322916666666667,0.17096296296296296,0.009100216049382716,0.31134911178509533
train,2,0.09429166666666666,0.14180555555555557,0.013371082175925928,0.6649363369245836
train,1,0.050791666666666666,0.08368518518518518,0.004250510030864197,0.6069373755255587
train,4,0.12738020833333333,0.49296296296296294,0.0627937249228395,0.25839711682945155
train,0,0.05001041666666666,0.1640925925925926,0.008206338927469135,0.3047694955422638
train,4,0.18224479166666668,0.7245277777777778,0.1320414139178241,0.2515359621209217
train,2,0.133078125,0.5573611111111112,0.07417257161458334,0.23876463992025912
train,1,0.05757291666666667,0.11159259259259259,0.006424711033950617,0.5159205940922669
train,4,0.12738020833333333,0.49296296296296294,0.0627937249228395,0.25839711682945155
train,0,0.05001041666666666,0.1640925925925926,0.008206338927469135,0.3047694955422638
train,4,0.18224479166666668,0.7245277777777778,0.1320414139178241,0.2515359621209217
train,2,0.133078125,0.5573611111111112,0.07417257161458334,0.23876463992025912
train,1,0.05757291666666667,0.11159259259259259,0.006424711033950617,0.5159205940922669
train,2,0.1787291666666667,0.5930740740740741,0.10599963503086421,0.301360613251733
train,1,0.03363541666666667,0.14300925925925925,0.0048101760223765435,0.23519747491097445
train,0,0.09445833333333334,0.17455555555555557,0.016488226851851855,0.5411362189688096
train,5,0.18917708333333336,0.6483703703703704,0.12265681558641976,0.29177317776762257
train,0,0.09883854166666667,0.1335,0.013194945312500001,0.7403636079900124
train,4,0.18917708333333336,0.6483703703703704,0.12265681558641976,0.29177317776762257
train,0,0.11055208333333333,0.17610185185185184,0.019468426601080245,0.6277735422472265
train,4,0.19475520833333335,0.5015555555555555,0.09768055671296297,0.3883023648648649
train,0,0.10778125,0.15058333333333332,0.016230059895833333,0.7157581627006088
train,2,0.1787291666666667,0.5930740740740741,0.10599963503086421,0.301360613251733
train,1,0.044812500000000005,0.14912037037037038,0.006682456597222223,0.3005122632722757
train,0,0.09445833333333334,0.17455555555555557,0.016488226851851855,0.5411362189688096
train,4,0.17150520833333335,0.44675925925925924,0.07662153983410494,0.38388730569948193
train,4,0.17150520833333335,0.44675925925925924,0.07662153983410494,0.38388730569948193
train,4,0.20872916666666666,0.44475925925925924,0.09283422955246913,0.46930819835949533
train,4,0.20872916666666666,0.44475925925925924,0.09283422955246913,0.46930819835949533
train,4,0.061197916666666664,0.3336574074074074,0.020419138213734568,0.1834154294435965
train,4,0.12001041666666666,0.5253888888888889,0.0630521394675926,0.22842206830918893
train,2,0.13247395833333334,0.5292407407407408,0.07011061583719136,0.2503094492459498
train,1,0.03006770833333333,0.06037962962962962,0.0018154770929783948,0.49797768747124677
train,4,0.07844791666666667,0.4879537037037037,0.03827895148533951,0.16076917968082888
train,4,0.16441145833333334,0.4571388888888889,0.07515887138310186,0.359653187093638
train,4,0.07844791666666667,0.4879537037037037,0.03827895148533951,0.16076917968082888
train,4,0.16441145833333334,0.4571388888888889,0.07515887138310186,0.359653187093638
train,4,0.14853125,0.5338333333333333,0.07929093229166666,0.27823524820480805
train,4,0.07291666666666667,0.4678055555555556,0.034110821759259266,0.15586960394275876
train,4,0.14853125,0.5338333333333333,0.07929093229166666,0.27823524820480805
train,4,0.07291666666666667,0.4678055555555556,0.034110821759259266,0.15586960394275876
train,4,0.14853125,0.5338333333333333,0.07929093229166666,0.27823524820480805
train,4,0.07291666666666667,0.4678055555555556,0.034110821759259266,0.15586960394275876
train,4,0.14853125,0.5338333333333333,0.07929093229166666,0.27823524820480805
train,4,0.07291666666666667,0.4678055555555556,0.034110821759259266,0.15586960394275876
train,4,0.14853125,0.5338333333333333,0.07929093229166666,0.27823524820480805
train,4,0.07291666666666667,0.4678055555555556,0.034110821759259266,0.15586960394275876
train,4,0.14853125,0.5338333333333333,0.07929093229166666,0.27823524820480805
train,4,0.07291666666666667,0.4678055555555556,0.034110821759259266,0.15586960394275876
train,4,0.14853125,0.5338333333333333,0.07929093229166666,0.27823524820480805
train,4,0.07291666666666667,0.4678055555555556,0.034110821759259266,0.15586960394275876
train,4,0.14853125,0.5338333333333333,0.07929093229166666,0.27823524820480805
train,4,0.07291666666666667,0.4678055555555556,0.034110821759259266,0.15586960394275876
train,4,0.14853125,0.5338333333333333,0.07929093229166666,0.27823524820480805
train,4,0.07291666666666667,0.4678055555555556,0.034110821759259266,0.15586960394275876
train,4,0.14853125,0.5338333333333333,0.07929093229166666,0.27823524820480805
train,4,0.07291666666666667,0.4678055555555556,0.034110821759259266,0.15586960394275876
train,4,0.14853125,0.5338333333333333,0.07929093229166666,0.27823524820480805
train,4,0.07291666666666667,0.4678055555555556,0.034110821759259266,0.15586960394275876
train,4,0.14853125,0.5338333333333333,0.07929093229166666,0.27823524820480805
train,4,0.07291666666666667,0.4678055555555556,0.034110821759259266,0.15586960394275876
train,4,0.14853125,0.5338333333333333,0.07929093229166666,0.27823524820480805
train,4,0.07291666666666667,0.4678055555555556,0.034110821759259266,0.15586960394275876
train,4,0.14853125,0.5338333333333333,0.07929093229166666,0.27823524820480805
train,4,0.07291666666666667,0.4678055555555556,0.034110821759259266,0.15586960394275876
train,4,0.14853125,0.5338333333333333,0.07929093229166666,0.27823524820480805
train,4,0.07291666666666667,0.4678055555555556,0.034110821759259266,0.15586960394275876
train,4,0.14853125,0.5338333333333333,0.07929093229166666,0.27823524820480805
train,4,0.07291666666666667,0.4678055555555556,0.034110821759259266,0.15586960394275876
train,4,0.14853125,0.5338333333333333,0.07929093229166666,0.27823524820480805
train,4,0.07291666666666667,0.4678055555555556,0.034110821759259266,0.15586960394275876
train,4,0.14853125,0.5338333333333333,0.07929093229166666,0.27823524820480805
train,4,0.07291666666666667,0.4678055555555556,0.034110821759259266,0.15586960394275876
train,4,0.14853125,0.5338333333333333,0.07929093229166666,0.27823524820480805
train,4,0.07291666666666667,0.4678055555555556,0.034110821759259266,0.15586960394275876
train,4,0.14853125,0.5338333333333333,0.07929093229166666,0.27823524820480805
train,4,0.07291666666666667,0.4678055555555556,0.034110821759259266,0.15586960394275876
train,4,0.061197916666666664,0.3336574074074074,0.020419138213734568,0.1834154294435965
train,4,0.08036458333333334,0.1756851851851852,0.014118866705246915,0.4574351744492463
train,5,0.13247395833333334,0.5292407407407408,0.07011061583719136,0.2503094492459498
train,4,0.14853125,0.5338333333333333,0.07929093229166666,0.27823524820480805
train,4,0.07291666666666667,0.4678055555555556,0.034110821759259266,0.15586960394275876
train,4,0.14853125,0.5338333333333333,0.07929093229166666,0.27823524820480805
train,4,0.07291666666666667,0.4678055555555556,0.034110821759259266,0.15586960394275876
train,4,0.14853125,0.5338333333333333,0.07929093229166666,0.27823524820480805
train,4,0.04978645833333333,0.4611296296296296,0.022958011091820985,0.10796629653427574
train,4,0.14853125,0.5338333333333333,0.07929093229166666,0.27823524820480805
train,4,0.04978645833333333,0.4611296296296296,0.022958011091820985,0.10796629653427574
train,4,0.14853125,0.5338333333333333,0.07929093229166666,0.27823524820480805
train,4,0.04978645833333333,0.4611296296296296,0.022958011091820985,0.10796629653427574
train,4,0.14853125,0.5338333333333333,0.07929093229166666,0.27823524820480805
train,4,0.04978645833333333,0.4611296296296296,0.022958011091820985,0.10796629653427574
train,4,0.14853125,0.5338333333333333,0.07929093229166666,0.27823524820480805
train,4,0.04978645833333333,0.4611296296296296,0.022958011091820985,0.10796629653427574
train,4,0.14853125,0.5338333333333333,0.07929093229166666,0.27823524820480805
train,4,0.04978645833333333,0.4611296296296296,0.022958011091820985,0.10796629653427574
train,4,0.061197916666666664,0.3336574074074074,0.020419138213734568,0.1834154294435965
train,4,0.08036458333333334,0.1756851851851852,0.014118866705246915,0.4574351744492463
train,5,0.13247395833333334,0.5292407407407408,0.07011061583719136,0.2503094492459498
train,4,0.14853125,0.5338333333333333,0.07929093229166666,0.27823524820480805
train,4,0.04978645833333333,0.4611296296296296,0.022958011091820985,0.10796629653427574
train,4,0.14853125,0.5338333333333333,0.07929093229166666,0.27823524820480805
train,4,0.04978645833333333,0.4611296296296296,0.022958011091820985,0.10796629653427574
train,4,0.14853125,0.5338333333333333,0.07929093229166666,0.27823524820480805
train,4,0.04978645833333333,0.4611296296296296,0.022958011091820985,0.10796629653427574
train,4,0.23409895833333336,0.8500833333333334,0.19900362282986114,0.2753835408293305
train,4,0.15041145833333333,0.7476111111111111,0.11244927748842592,0.20118943672438136
train,4,0.07682291666666667,0.5447407407407407,0.0418485725308642,0.1410265671743269
train,4,0.14853125,0.5338333333333333,0.07929093229166666,0.27823524820480805
train,4,0.04978645833333333,0.4611296296296296,0.022958011091820985,0.10796629653427574
train,4,0.14853125,0.5338333333333333,0.07929093229166666,0.27823524820480805
train,4,0.04978645833333333,0.4611296296296296,0.022958011091820985,0.10796629653427574
train,4,0.14853125,0.5338333333333333,0.07929093229166666,0.27823524820480805
train,4,0.04978645833333333,0.4611296296296296,0.022958011091820985,0.10796629653427574
train,4,0.061197916666666664,0.3336574074074074,0.020419138213734568,0.1834154294435965
train,4,0.08036458333333334,0.1756851851851852,0.014118866705246915,0.4574351744492463
train,5,0.13247395833333334,0.5292407407407408,0.07011061583719136,0.2503094492459498
train,4,0.14853125,0.5338333333333333,0.07929093229166666,0.27823524820480805
train,4,0.04978645833333333,0.4611296296296296,0.022958011091820985,0.10796629653427574
train,4,0.14853125,0.5338333333333333,0.07929093229166666,0.27823524820480805
train,4,0.04978645833333333,0.4611296296296296,0.022958011091820985,0.10796629653427574
train,4,0.14853125,0.5338333333333333,0.07929093229166666,0.27823524820480805
train,4,0.04978645833333333,0.4611296296296296,0.022958011091820985,0.10796629653427574
train,4,0.11725520833333333,0.5675740740740741,0.06655101630015432,0.20659014160331493
train,4,0.040364583333333336,0.23334259259259257,0.009418776523919753,0.17298420697591368
train,4,0.11725520833333333,0.5675740740740741,0.06655101630015432,0.20659014160331493
train,4,0.040364583333333336,0.23334259259259257,0.009418776523919753,0.17298420697591368
train,4,0.11725520833333333,0.5675740740740741,0.06655101630015432,0.20659014160331493
train,4,0.040364583333333336,0.23334259259259257,0.009418776523919753,0.17298420697591368
train,4,0.11725520833333333,0.5675740740740741,0.06655101630015432,0.20659014160331493
train,4,0.040364583333333336,0.23334259259259257,0.009418776523919753,0.17298420697591368
train,4,0.061197916666666664,0.3336574074074074,0.020419138213734568,0.1834154294435965
train,4,0.13247395833333334,0.5292407407407408,0.07011061583719136,0.2503094492459498
train,4,0.11725520833333333,0.5675740740740741,0.06655101630015432,0.20659014160331493
train,4,0.040364583333333336,0.23334259259259257,0.009418776523919753,0.17298420697591368
train,4,0.11725520833333333,0.5675740740740741,0.06655101630015432,0.20659014160331493
train,4,0.040364583333333336,0.23334259259259257,0.009418776523919753,0.17298420697591368
train,4,0.11725520833333333,0.5675740740740741,0.06655101630015432,0.20659014160331493
train,4,0.040364583333333336,0.23334259259259257,0.009418776523919753,0.17298420697591368
train,4,0.11725520833333333,0.5675740740740741,0.06655101630015432,0.20659014160331493
train,4,0.040364583333333336,0.23334259259259257,0.009418776523919753,0.17298420697591368
train,4,0.15738020833333335,0.5828888888888889,0.09173517476851853,0.2700003574151735
train,4,0.040364583333333336,0.23334259259259257,0.009418776523919753,0.17298420697591368
train,4,0.151953125,0.6563981481481481,0.09974174985532407,0.23149535907237873
train,4,0.07682291666666667,0.4980277777777778,0.03825994646990741,0.15425428077416475
train,4,0.151953125,0.6563981481481481,0.09974174985532407,0.23149535907237873
train,4,0.07682291666666667,0.4980277777777778,0.03825994646990741,0.15425428077416475
train,4,0.061197916666666664,0.3336574074074074,0.020419138213734568,0.1834154294435965
train,4,0.13247395833333334,0.5292407407407408,0.07011061583719136,0.2503094492459498
train,4,0.151953125,0.6563981481481481,0.09974174985532407,0.23149535907237873
train,4,0.07682291666666667,0.4980277777777778,0.03825994646990741,0.15425428077416475
train,4,0.151953125,0.6563981481481481,0.09974174985532407,0.23149535907237873
train,4,0.07682291666666667,0.4980277777777778,0.03825994646990741,0.15425428077416475
train,4,0.151953125,0.6563981481481481,0.09974174985532407,0.23149535907237873
train,4,0.07682291666666667,0.4980277777777778,0.03825994646990741,0.15425428077416475
train,4,0.151953125,0.6563981481481481,0.09974174985532407,0.23149535907237873
train,4,0.07682291666666667,0.4980277777777778,0.03825994646990741,0.15425428077416475
train,4,0.061197916666666664,0.3336574074074074,0.020419138213734568,0.1834154294435965
train,4,0.13247395833333334,0.5292407407407408,0.07011061583719136,0.2503094492459498
train,4,0.16753125000000002,0.569462962962963,0.09540284201388889,0.29419165230399014
train,4,0.07682291666666667,0.4980277777777778,0.03825994646990741,0.15425428077416475
train,4,0.16753125000000002,0.569462962962963,0.09540284201388889,0.29419165230399014
train,4,0.07682291666666667,0.4980277777777778,0.03825994646990741,0.15425428077416475
train,4,0.16753125000000002,0.569462962962963,0.09540284201388889,0.29419165230399014
train,4,0.07682291666666667,0.4980277777777778,0.03825994646990741,0.15425428077416475
train,4,0.16753125000000002,0.569462962962963,0.09540284201388889,0.29419165230399014
train,4,0.07682291666666667,0.4980277777777778,0.03825994646990741,0.15425428077416475
train,4,0.16753125000000002,0.569462962962963,0.09540284201388889,0.29419165230399014
train,4,0.07682291666666667,0.4980277777777778,0.03825994646990741,0.15425428077416475
train,4,0.16753125000000002,0.569462962962963,0.09540284201388889,0.29419165230399014
train,4,0.07682291666666667,0.4980277777777778,0.03825994646990741,0.15425428077416475
train,4,0.061197916666666664,0.3336574074074074,0.020419138213734568,0.1834154294435965
train,4,0.13247395833333334,0.5292407407407408,0.07011061583719136,0.2503094492459498
train,4,0.03930208333333333,0.07725000000000001,0.0030360859375,0.5087648327939589
train,4,0.16753125000000002,0.569462962962963,0.09540284201388889,0.29419165230399014
train,4,0.07682291666666667,0.4980277777777778,0.03825994646990741,0.15425428077416475
train,4,0.16753125000000002,0.569462962962963,0.09540284201388889,0.29419165230399014
train,4,0.07682291666666667,0.4980277777777778,0.03825994646990741,0.15425428077416475
train,4,0.16753125000000002,0.569462962962963,0.09540284201388889,0.29419165230399014
train,4,0.07682291666666667,0.4980277777777778,0.03825994646990741,0.15425428077416475
train,4,0.16753125000000002,0.569462962962963,0.09540284201388889,0.29419165230399014
train,4,0.07682291666666667,0.4980277777777778,0.03825994646990741,0.15425428077416475
train,4,0.16753125000000002,0.569462962962963,0.09540284201388889,0.29419165230399014
train,4,0.07682291666666667,0.4980277777777778,0.03825994646990741,0.15425428077416475
train,4,0.21372395833333335,0.5766574074074073,0.12324550371334876,0.37062553188073033
train,4,0.07682291666666667,0.4980277777777778,0.03825994646990741,0.15425428077416475
train,4,0.21372395833333335,0.5766574074074073,0.12324550371334876,0.37062553188073033
train,4,0.07682291666666667,0.4980277777777778,0.03825994646990741,0.15425428077416475
train,4,0.21372395833333335,0.5766574074074073,0.12324550371334876,0.37062553188073033
train,4,0.07682291666666667,0.4980277777777778,0.03825994646990741,0.15425428077416475
train,4,0.21372395833333335,0.5766574074074073,0.12324550371334876,0.37062553188073033
train,4,0.11508333333333334,0.5140833333333333,0.05916242361111112,0.22386124169233265
train,4,0.19016145833333334,0.5772222222222222,0.10976541956018518,0.32944237247353225
train,4,0.11508333333333334,0.5140833333333333,0.05916242361111112,0.22386124169233265
train,4,0.19016145833333334,0.5772222222222222,0.10976541956018518,0.32944237247353225
train,4,0.11508333333333334,0.5140833333333333,0.05916242361111112,0.22386124169233265
train,4,0.19016145833333334,0.5772222222222222,0.10976541956018518,0.32944237247353225
train,4,0.11508333333333334,0.5140833333333333,0.05916242361111112,0.22386124169233265
train,4,0.061197916666666664,0.3336574074074074,0.020419138213734568,0.1834154294435965
train,4,0.13247395833333334,0.5292407407407408,0.07011061583719136,0.2503094492459498
train,4,0.03930208333333333,0.07725000000000001,0.0030360859375,0.5087648327939589
train,4,0.19016145833333334,0.5772222222222222,0.10976541956018518,0.32944237247353225
train,4,0.09644791666666667,0.49043518518518514,0.04730145187114197,0.1966578246832934
train,4,0.19016145833333334,0.5772222222222222,0.10976541956018518,0.32944237247353225
train,4,0.09644791666666667,0.49043518518518514,0.04730145187114197,0.1966578246832934
train,4,0.19016145833333334,0.5772222222222222,0.10976541956018518,0.32944237247353225
train,4,0.09644791666666667,0.49043518518518514,0.04730145187114197,0.1966578246832934
train,4,0.19016145833333334,0.5772222222222222,0.10976541956018518,0.32944237247353225
train,4,0.09644791666666667,0.49043518518518514,0.04730145187114197,0.1966578246832934
train,4,0.19016145833333334,0.5772222222222222,0.10976541956018518,0.32944237247353225
train,4,0.09644791666666667,0.49043518518518514,0.04730145187114197,0.1966578246832934
train,4,0.19016145833333334,0.5772222222222222,0.10976541956018518,0.32944237247353225
train,4,0.09644791666666667,0.49043518518518514,0.04730145187114197,0.1966578246832934
train,4,0.061197916666666664,0.3336574074074074,0.020419138213734568,0.1834154294435965
train,4,0.13247395833333334,0.5292407407407408,0.07011061583719136,0.2503094492459498
train,4,0.03930208333333333,0.07725000000000001,0.0030360859375,0.5087648327939589
train,4,0.19016145833333334,0.5772222222222222,0.10976541956018518,0.32944237247353225
train,4,0.09644791666666667,0.49043518518518514,0.04730145187114197,0.1966578246832934
train,4,0.19016145833333334,0.5772222222222222,0.10976541956018518,0.32944237247353225
train,4,0.09644791666666667,0.49043518518518514,0.04730145187114197,0.1966578246832934
train,4,0.19016145833333334,0.5772222222222222,0.10976541956018518,0.32944237247353225
train,4,0.09644791666666667,0.49043518518518514,0.04730145187114197,0.1966578246832934
train,4,0.19016145833333334,0.5772222222222222,0.10976541956018518,0.32944237247353225
train,4,0.09644791666666667,0.49043518518518514,0.04730145187114197,0.1966578246832934
train,4,0.19016145833333334,0.5772222222222222,0.10976541956018518,0.32944237247353225
train,4,0.09644791666666667,0.49043518518518514,0.04730145187114197,0.1966578246832934
train,4,0.19016145833333334,0.5772222222222222,0.10976541956018518,0.32944237247353225
train,4,0.09644791666666667,0.49043518518518514,0.04730145187114197,0.1966578246832934
train,4,0.19016145833333334,0.5772222222222222,0.10976541956018518,0.32944237247353225
train,4,0.09644791666666667,0.49043518518518514,0.04730145187114197,0.1966578246832934
train,4,0.19016145833333334,0.5772222222222222,0.10976541956018518,0.32944237247353225
train,4,0.09644791666666667,0.49043518518518514,0.04730145187114197,0.1966578246832934
train,4,0.19016145833333334,0.5772222222222222,0.10976541956018518,0.32944237247353225
train,4,0.09644791666666667,0.49043518518518514,0.04730145187114197,0.1966578246832934
train,4,0.19016145833333334,0.5772222222222222,0.10976541956018518,0.32944237247353225
train,4,0.09644791666666667,0.49043518518518514,0.04730145187114197,0.1966578246832934
train,4,0.061197916666666664,0.3336574074074074,0.020419138213734568,0.1834154294435965
train,4,0.13247395833333334,0.5292407407407408,0.07011061583719136,0.2503094492459498
train,4,0.03930208333333333,0.07725000000000001,0.0030360859375,0.5087648327939589
train,4,0.23650520833333333,0.8821388888888889,0.20863044169560185,0.2681042762225651
train,4,0.15046354166666667,0.6923703703703704,0.10417649807098767,0.2173165521022788
train,4,0.07682291666666667,0.5447407407407407,0.0418485725308642,0.1410265671743269
train,4,0.057416666666666664,0.1819074074074074,0.010444516975308642,0.3156367708439377
train,4,0.061197916666666664,0.3336574074074074,0.020419138213734568,0.1834154294435965
train,4,0.13247395833333334,0.5292407407407408,0.07011061583719136,0.2503094492459498
train,4,0.03930208333333333,0.07725000000000001,0.0030360859375,0.5087648327939589
train,4,0.061197916666666664,0.3336574074074074,0.020419138213734568,0.1834154294435965
train,4,0.13247395833333334,0.5292407407407408,0.07011061583719136,0.2503094492459498
train,4,0.03930208333333333,0.07725000000000001,0.0030360859375,0.5087648327939589
train,4,0.061197916666666664,0.3336574074074074,0.020419138213734568,0.1834154294435965
train,4,0.13247395833333334,0.5292407407407408,0.07011061583719136,0.2503094492459498
train,4,0.03930208333333333,0.07725000000000001,0.0030360859375,0.5087648327939589
train,4,0.061197916666666664,0.3336574074074074,0.020419138213734568,0.1834154294435965
train,4,0.14683333333333334,0.5498148148148148,0.08073114197530865,0.2670596160323342
train,4,0.03930208333333333,0.07725000000000001,0.0030360859375,0.5087648327939589
train,4,0.061197916666666664,0.3336574074074074,0.020419138213734568,0.1834154294435965
train,4,0.14683333333333334,0.5498148148148148,0.08073114197530865,0.2670596160323342
train,4,0.053739583333333334,0.09808333333333334,0.005270957465277778,0.5478971962616822
train,4,0.061197916666666664,0.3336574074074074,0.020419138213734568,0.1834154294435965
train,2,0.14683333333333334,0.5498148148148148,0.08073114197530865,0.2670596160323342
train,4,0.053739583333333334,0.09808333333333334,0.005270957465277778,0.5478971962616822
train,1,0.032921875,0.0564537037037037,0.0018585617766203703,0.5831659012629162
train,4,0.2793177083333333,0.8821388888888889,0.2463970128761574,0.316636883206852
train,4,0.15046354166666667,0.6923703703703704,0.10417649807098767,0.2173165521022788
train,4,0.07682291666666667,0.5447407407407407,0.0418485725308642,0.1410265671743269
train,4,0.057416666666666664,0.1819074074074074,0.010444516975308642,0.3156367708439377
train,4,0.12103124999999999,0.548,0.066325125,0.22085994525547442
train,2,0.150046875,0.5615740740740741,0.08426243489583334,0.26718981863149216
train,4,0.053739583333333334,0.09808333333333334,0.005270957465277778,0.5478971962616822
train,1,0.032921875,0.0564537037037037,0.0018585617766203703,0.5831659012629162
train,4,0.14770833333333336,0.5515740740740741,0.08147208719135804,0.26779419170723523
train,4,0.11979166666666667,0.5673611111111111,0.06796513310185186,0.21113831089351287
train,4,0.14770833333333336,0.5515740740740741,0.08147208719135804,0.26779419170723523
train,4,0.11979166666666667,0.5673611111111111,0.06796513310185186,0.21113831089351287
train,2,0.14770833333333336,0.5515740740740741,0.08147208719135804,0.26779419170723523
train,4,0.11979166666666667,0.5673611111111111,0.06796513310185186,0.21113831089351287
train,1,0.031234374999999998,0.059296296296296305,0.0018520827546296297,0.526750858838226
train,2,0.14770833333333336,0.5515740740740741,0.08147208719135804,0.26779419170723523
train,4,0.11979166666666667,0.5673611111111111,0.06796513310185186,0.21113831089351287
train,1,0.031234374999999998,0.059296296296296305,0.0018520827546296297,0.526750858838226
train,2,0.14770833333333336,0.5515740740740741,0.08147208719135804,0.26779419170723523
train,4,0.11979166666666667,0.5673611111111111,0.06796513310185186,0.21113831089351287
train,1,0.031234374999999998,0.059296296296296305,0.0018520827546296297,0.526750858838226
train,4,0.2793177083333333,0.8821388888888889,0.2463970128761574,0.316636883206852
train,4,0.15046354166666667,0.6923703703703704,0.10417649807098767,0.2173165521022788
train,4,0.07682291666666667,0.5447407407407407,0.0418485725308642,0.1410265671743269
train,4,0.057416666666666664,0.1819074074074074,0.010444516975308642,0.3156367708439377
train,4,0.14770833333333336,0.5515740740740741,0.08147208719135804,0.26779419170723523
train,4,0.13357291666666665,0.5328240740740741,0.07117086564429011,0.2506885915370579
train,4,0.14770833333333336,0.5515740740740741,0.08147208719135804,0.26779419170723523
train,4,0.13357291666666665,0.5328240740740741,0.07117086564429011,0.2506885915370579
train,2,0.14770833333333336,0.5515740740740741,0.08147208719135804,0.26779419170723523
train,4,0.14447916666666666,0.44352777777777774,0.06408052372685184,0.32574998434270686
train,1,0.0335625,0.054453703703703706,0.0018276024305555558,0.6163492603298759
train,4,0.04043229166666666,0.07300000000000001,0.0029515572916666666,0.5538670091324199
train,2,0.14770833333333336,0.5515740740740741,0.08147208719135804,0.26779419170723523
train,4,0.14447916666666666,0.44351851851851853,0.06407918595679012,0.3257567849686847
train,1,0.0335625,0.054453703703703706,0.0018276024305555558,0.6163492603298759
train,4,0.04043229166666666,0.07300000000000001,0.0029515572916666666,0.5538670091324199
train,4,0.0008437500000000001,0.0030833333333333333,2.6015625e-06,0.2736486486486487
train,2,0.14770833333333336,0.5515740740740741,0.08147208719135804,0.26779419170723523
train,4,0.14447916666666666,0.44351851851851853,0.06407918595679012,0.3257567849686847
train,1,0.0335625,0.054453703703703706,0.0018276024305555558,0.6163492603298759
train,4,0.04043229166666666,0.07300000000000001,0.0029515572916666666,0.5538670091324199
train,2,0.14770833333333336,0.5515740740740741,0.08147208719135804,0.26779419170723523
train,4,0.14447916666666666,0.44351851851851853,0.06407918595679012,0.3257567849686847
train,1,0.0335625,0.054453703703703706,0.0018276024305555558,0.6163492603298759
train,4,0.04043229166666666,0.07300000000000001,0.0029515572916666666,0.5538670091324199
train,2,0.14770833333333336,0.5515740740740741,0.08147208719135804,0.26779419170723523
train,4,0.14447916666666666,0.44351851851851853,0.06407918595679012,0.3257567849686847
train,1,0.0335625,0.054453703703703706,0.0018276024305555558,0.6163492603298759
train,2,0.14770833333333336,0.5515740740740741,0.08147208719135804,0.26779419170723523
train,4,0.092984375,0.34586111111111106,0.03215967925347222,0.26884888763954706
train,1,0.0335625,0.054453703703703706,0.0018276024305555558,0.6163492603298759
train,5,0.14770833333333336,0.5515740740740741,0.08147208719135804,0.26779419170723523
train,4,0.092984375,0.34586111111111106,0.03215967925347222,0.26884888763954706
train,1,0.0335625,0.054453703703703706,0.0018276024305555558,0.6163492603298759
train,4,0.2793177083333333,0.8821388888888889,0.2463970128761574,0.316636883206852
train,4,0.15046354166666667,0.6923703703703704,0.10417649807098767,0.2173165521022788
train,4,0.07682291666666667,0.5447407407407407,0.0418485725308642,0.1410265671743269
train,4,0.09869791666666666,0.20891666666666667,0.020619639756944443,0.472427203829278
train,5,0.14770833333333336,0.5515740740740741,0.08147208719135804,0.26779419170723523
train,4,0.092984375,0.34586111111111106,0.03215967925347222,0.26884888763954706
train,5,0.14770833333333336,0.5515740740740741,0.08147208719135804,0.26779419170723523
train,4,0.092984375,0.34586111111111106,0.03215967925347222,0.26884888763954706
train,5,0.14770833333333336,0.5515740740740741,0.08147208719135804,0.26779419170723523
train,4,0.092984375,0.34585185185185185,0.03215881828703704,0.268856085350182
train,5,0.14770833333333336,0.5515740740740741,0.08147208719135804,0.26779419170723523
train,4,0.092984375,0.34585185185185185,0.03215881828703704,0.268856085350182
train,5,0.14770833333333336,0.5515740740740741,0.08147208719135804,0.26779419170723523
train,4,0.092984375,0.34585185185185185,0.03215881828703704,0.268856085350182
train,5,0.14770833333333336,0.5515740740740741,0.08147208719135804,0.26779419170723523
train,4,0.092984375,0.34585185185185185,0.03215881828703704,0.268856085350182
train,4,0.142296875,0.5906111111111111,0.08404211545138889,0.24093159157181826
train,4,0.07044270833333334,0.16449074074074074,0.011587173273533952,0.4282472558401351
train,4,0.142296875,0.5906111111111111,0.08404211545138889,0.24093159157181826
train,4,0.2793177083333333,0.8090740740740741,0.22598871624228392,0.3452313172350652
train,4,0.15046354166666667,0.6923703703703704,0.10417649807098767,0.2173165521022788
train,4,0.07682291666666667,0.5447407407407407,0.0418485725308642,0.1410265671743269
train,4,0.09869791666666666,0.20891666666666667,0.020619639756944443,0.472427203829278
train,4,0.142296875,0.5906111111111111,0.08404211545138889,0.24093159157181826
train,4,0.142296875,0.5906111111111111,0.08404211545138889,0.24093159157181826
train,4,0.199328125,0.603212962962963,0.12023730888310186,0.33044403426097896
train,4,0.199328125,0.603212962962963,0.12023730888310186,0.33044403426097896
train,4,0.199328125,0.603212962962963,0.12023730888310186,0.33044403426097896
train,4,0.199328125,0.603212962962963,0.12023730888310186,0.33044403426097896
train,4,0.199328125,0.603212962962963,0.12023730888310186,0.33044403426097896
train,4,0.2793177083333333,0.8090740740740741,0.22598871624228392,0.3452313172350652
train,4,0.07682291666666667,0.5447407407407407,0.0418485725308642,0.1410265671743269
train,4,0.09869791666666666,0.20891666666666667,0.020619639756944443,0.472427203829278
train,4,0.199328125,0.603212962962963,0.12023730888310186,0.33044403426097896
train,4,0.199328125,0.603212962962963,0.12023730888310186,0.33044403426097896
train,4,0.15710416666666666,0.5533333333333333,0.08693097222222222,0.2839231927710843
train,4,0.15710416666666666,0.5533333333333333,0.08693097222222222,0.2839231927710843
train,4,0.17901041666666667,0.5695185185185185,0.10194974729938272,0.3143188690901996
train,4,0.17901041666666667,0.5695185185185185,0.10194974729938272,0.3143188690901996
train,4,0.16497395833333334,0.634712962962963,0.1047111099054784,0.25991899954776876
train,4,0.16496875,0.634712962962963,0.10470780410879629,0.2599107937387854
train,4,0.2689166666666667,0.8292777777777778,0.22300661574074077,0.3242781536812488
train,4,0.07682291666666667,0.5447407407407407,0.0418485725308642,0.1410265671743269
train,2,0.1571875,0.5365833333333333,0.08434419270833333,0.2929414505357975
train,4,0.06021354166666667,0.15689814814814815,0.009447393180941357,0.3837747123045146
train,1,0.023244791666666667,0.04859259259259259,0.0011295246913580247,0.4783608041158537
train,4,0.16496875,0.634712962962963,0.10470780410879629,0.2599107937387854
train,4,0.16496875,0.634712962962963,0.10470780410879629,0.2599107937387854
train,2,0.16496875,0.634712962962963,0.10470780410879629,0.2599107937387854
train,1,0.029635416666666668,0.0974351851851852,0.0028875323109567906,0.3041551838829231
train,2,0.16496875,0.634712962962963,0.10470780410879629,0.2599107937387854
train,1,0.029635416666666668,0.0974351851851852,0.0028875323109567906,0.3041551838829231
train,4,0.16496875,0.634712962962963,0.10470780410879629,0.2599107937387854
train,4,0.16496875,0.634712962962963,0.10470780410879629,0.2599107937387854
train,4,0.16496875,0.634712962962963,0.10470780410879629,0.2599107937387854
train,4,0.16496875,0.634712962962963,0.10470780410879629,0.2599107937387854
train,4,0.16496875,0.634712962962963,0.10470780410879629,0.2599107937387854
train,4,0.16496875,0.634712962962963,0.10470780410879629,0.2599107937387854
train,4,0.16496875,0.634712962962963,0.10470780410879629,0.2599107937387854
train,4,0.16496875,0.634712962962963,0.10470780410879629,0.2599107937387854
train,4,0.16496875,0.634712962962963,0.10470780410879629,0.2599107937387854
train,4,0.16496875,0.634712962962963,0.10470780410879629,0.2599107937387854
train,4,0.16496875,0.634712962962963,0.10470780410879629,0.2599107937387854
train,4,0.16496875,0.634712962962963,0.10470780410879629,0.2599107937387854
train,4,0.16496875,0.634712962962963,0.10470780410879629,0.2599107937387854
train,4,0.16496875,0.634712962962963,0.10470780410879629,0.2599107937387854
train,4,0.16496875,0.634712962962963,0.10470780410879629,0.2599107937387854
train,2,0.07909895833333333,0.2874166666666667,0.022734358940972223,0.2752065816178602
train,1,0.021760416666666667,0.04353703703703704,0.0009473840663580248,0.4998139089749043
train,4,0.23409895833333336,0.8500833333333334,0.19900362282986114,0.2753835408293305
train,4,0.15041145833333333,0.7476111111111111,0.11244927748842592,0.20118943672438136
train,4,0.07682291666666667,0.5447407407407407,0.0418485725308642,0.1410265671743269
train,4,0.1436875,0.5881851851851851,0.08451485879629629,0.24428955985139475
train,2,0.07909895833333333,0.2874166666666667,0.022734358940972223,0.2752065816178602
train,1,0.021760416666666667,0.04353703703703704,0.0009473840663580248,0.4998139089749043
train,4,0.1436875,0.5881851851851851,0.08451485879629629,0.24428955985139475
train,2,0.07909895833333333,0.2874166666666667,0.022734358940972223,0.2752065816178602
train,1,0.021760416666666667,0.04353703703703704,0.0009473840663580248,0.4998139089749043
train,4,0.13002604166666668,0.5149722222222222,0.06695979962384259,0.25249136954528295
train,2,0.07909895833333333,0.2874166666666667,0.022734358940972223,0.2752065816178602
train,1,0.021760416666666667,0.04353703703703704,0.0009473840663580248,0.4998139089749043
train,4,0.13002604166666668,0.5149722222222222,0.06695979962384259,0.25249136954528295
train,2,0.07909895833333333,0.2874166666666667,0.022734358940972223,0.2752065816178602
train,1,0.021760416666666667,0.04353703703703704,0.0009473840663580248,0.4998139089749043
train,4,0.110984375,0.4583611111111111,0.050870921440972224,0.24213305254227016
train,2,0.07909895833333333,0.2874166666666667,0.022734358940972223,0.2752065816178602
train,1,0.021760416666666667,0.04353703703703704,0.0009473840663580248,0.4998139089749043
train,4,0.114828125,0.3975092592592593,0.04564524291087963,0.28886905732454404
train,4,0.07909895833333333,0.2874166666666667,0.022734358940972223,0.2752065816178602
train,4,0.114828125,0.3975092592592593,0.04564524291087963,0.28886905732454404
train,4,0.07909895833333333,0.2874166666666667,0.022734358940972223,0.2752065816178602
train,4,0.114828125,0.3975092592592593,0.04564524291087963,0.28886905732454404
train,4,0.114828125,0.3975092592592593,0.04564524291087963,0.28886905732454404
train,4,0.07964583333333333,0.40071296296296294,0.031915117862654316,0.1987603114818495
train,2,0.07986458333333334,0.33787962962962964,0.02698461583719136,0.23636992683127347
train,1,0.031984374999999995,0.06197222222222223,0.001982142795138889,0.5161082474226802
train,4,0.07964583333333333,0.40071296296296294,0.031915117862654316,0.1987603114818495
train,2,0.10813020833333334,0.3823148148148148,0.04133978057484568,0.28283028578348274
train,1,0.031984374999999995,0.06197222222222223,0.001982142795138889,0.5161082474226802
train,4,0.07964583333333333,0.40071296296296294,0.031915117862654316,0.1987603114818495
train,2,0.10813020833333334,0.3823148148148148,0.04133978057484568,0.28283028578348274
train,1,0.031984374999999995,0.06197222222222223,0.001982142795138889,0.5161082474226802
train,4,0.07964583333333333,0.40071296296296294,0.031915117862654316,0.1987603114818495
train,2,0.10813020833333334,0.3823148148148148,0.04133978057484568,0.28283028578348274
train,1,0.031984374999999995,0.06197222222222223,0.001982142795138889,0.5161082474226802
train,4,0.07964583333333333,0.40071296296296294,0.031915117862654316,0.1987603114818495
train,2,0.12311979166666666,0.41638888888888886,0.051265713252314805,0.2956846230820547
train,1,0.031984374999999995,0.06197222222222223,0.001982142795138889,0.5161082474226802
train,4,0.07964583333333333,0.40071296296296294,0.031915117862654316,0.1987603114818495
train,2,0.12311979166666666,0.41638888888888886,0.051265713252314805,0.2956846230820547
train,1,0.031984374999999995,0.06197222222222223,0.001982142795138889,0.5161082474226802
train,4,0.07964583333333333,0.40071296296296294,0.031915117862654316,0.1987603114818495
train,2,0.12311979166666666,0.41638888888888886,0.051265713252314805,0.2956846230820547
train,1,0.031984374999999995,0.06197222222222223,0.001982142795138889,0.5161082474226802
train,4,0.07964583333333333,0.40071296296296294,0.031915117862654316,0.1987603114818495
train,2,0.15083333333333335,0.4081666666666667,0.0615651388888889,0.3695385871784402
train,1,0.031984374999999995,0.06197222222222223,0.001982142795138889,0.5161082474226802
train,4,0.061197916666666664,0.3336574074074074,0.020419138213734568,0.1834154294435965
train,4,0.12001041666666666,0.5253888888888889,0.0630521394675926,0.22842206830918893
train,2,0.13247395833333334,0.5292407407407408,0.07011061583719136,0.2503094492459498
train,1,0.027760416666666666,0.04992592592592593,0.0013859645061728395,0.5560320845697329
train,4,0.11546354166666667,0.4863425925925926,0.05615483820408951,0.2374119466920514
train,4,0.11461458333333334,0.4133611111111111,0.04737721151620371,0.2772747127209193
train,4,0.11546354166666667,0.4863425925925926,0.05615483820408951,0.2374119466920514
train,4,0.11461458333333334,0.4133611111111111,0.04737721151620371,0.2772747127209193
train,4,0.11546354166666667,0.4863425925925926,0.05615483820408951,0.2374119466920514
train,4,0.11461458333333334,0.4133611111111111,0.04737721151620371,0.2772747127209193
train,4,0.11546354166666667,0.4863425925925926,0.05615483820408951,0.2374119466920514
train,4,0.11461458333333334,0.4133611111111111,0.04737721151620371,0.2772747127209193
train,4,0.11546354166666667,0.4863425925925926,0.05615483820408951,0.2374119466920514
train,4,0.1390625,0.47918518518518516,0.06663668981481481,0.2902061756067399
train,4,0.07844791666666667,0.4879537037037037,0.03827895148533951,0.16076917968082888
train,4,0.1390625,0.47918518518518516,0.06663668981481481,0.2902061756067399
train,4,0.07844791666666667,0.4879537037037037,0.03827895148533951,0.16076917968082888
train,4,0.1390625,0.47918518518518516,0.06663668981481481,0.2902061756067399
train,4,0.061197916666666664,0.3336574074074074,0.020419138213734568,0.1834154294435965
train,4,0.12001041666666666,0.5253888888888889,0.0630521394675926,0.22842206830918893
train,2,0.13247395833333334,0.5292407407407408,0.07011061583719136,0.2503094492459498
train,1,0.027760416666666666,0.04992592592592593,0.0013859645061728395,0.5560320845697329
train,4,0.07844791666666667,0.4879537037037037,0.03827895148533951,0.16076917968082888
train,4,0.1390625,0.47918518518518516,0.06663668981481481,0.2902061756067399
train,4,0.07844791666666667,0.4879537037037037,0.03827895148533951,0.16076917968082888
train,4,0.13279166666666667,0.5410555555555556,0.0718476689814815,0.24543074237601395
train,4,0.07844791666666667,0.4879537037037037,0.03827895148533951,0.16076917968082888
train,4,0.13279166666666667,0.5410555555555556,0.0718476689814815,0.24543074237601395
train,4,0.07844791666666667,0.4879537037037037,0.03827895148533951,0.16076917968082888
train,4,0.13279166666666667,0.5410555555555556,0.0718476689814815,0.24543074237601395
train,4,0.07844791666666667,0.4879537037037037,0.03827895148533951,0.16076917968082888
train,4,0.13279166666666667,0.5410555555555556,0.0718476689814815,0.24543074237601395
train,4,0.07844791666666667,0.4879537037037037,0.03827895148533951,0.16076917968082888
train,4,0.13279166666666667,0.5410555555555556,0.0718476689814815,0.24543074237601395
train,4,0.07844791666666667,0.4879537037037037,0.03827895148533951,0.16076917968082888
train,4,0.13279166666666667,0.5410555555555556,0.0718476689814815,0.24543074237601395
train,4,0.061197916666666664,0.3336574074074074,0.020419138213734568,0.1834154294435965
train,4,0.12001041666666666,0.5253888888888889,0.0630521394675926,0.22842206830918893
train,2,0.13247395833333334,0.5292407407407408,0.07011061583719136,0.2503094492459498
train,1,0.03006770833333333,0.06037962962962962,0.0018154770929783948,0.49797768747124677
train,4,0.07844791666666667,0.4879537037037037,0.03827895148533951,0.16076917968082888
train,4,0.13279166666666667,0.5410555555555556,0.0718476689814815,0.24543074237601395
train,4,0.07844791666666667,0.4879537037037037,0.03827895148533951,0.16076917968082888
train,4,0.16441145833333334,0.4571388888888889,0.07515887138310186,0.359653187093638
train,4,0.07844791666666667,0.4879537037037037,0.03827895148533951,0.16076917968082888
train,4,0.16441145833333334,0.4571388888888889,0.07515887138310186,0.359653187093638
train,4,0.07844791666666667,0.4879537037037037,0.03827895148533951,0.16076917968082888
train,4,0.16441145833333334,0.4571388888888889,0.07515887138310186,0.359653187093638
train,4,0.17404166666666668,0.6459351851851852,0.11241963618827162,0.2694413784206075
train,4,0.16869791666666664,0.5799074074074073,0.0978291714891975,0.2909049177710363
train,4,0.17404166666666668,0.6459351851851852,0.11241963618827162,0.2694413784206075
train,4,0.16869791666666664,0.5799074074074073,0.0978291714891975,0.2909049177710363
train,4,0.17404166666666668,0.6459351851851852,0.11241963618827162,0.2694413784206075
train,4,0.17886979166666667,0.6183888888888889,0.11061109172453704,0.2892513026682239
train,4,0.17404166666666668,0.6459351851851852,0.11241963618827162,0.2694413784206075
train,4,0.17886979166666667,0.6183888888888889,0.11061109172453704,0.2892513026682239
train,4,0.09357291666666666,0.3428611111111111,0.03208251417824074,0.27291784817305353
train,4,0.10164583333333334,0.2393888888888889,0.024332883101851853,0.4246054769087955
train,4,0.17404166666666668,0.6459351851851852,0.11241963618827162,0.2694413784206075
train,4,0.20632291666666666,0.6734722222222222,0.13895275318287037,0.30635698082078777
train,4,0.17404166666666668,0.6459351851851852,0.11241963618827162,0.2694413784206075
train,4,0.20632291666666666,0.6734722222222222,0.13895275318287037,0.30635698082078777
train,4,0.17404166666666668,0.6459351851851852,0.11241963618827162,0.2694413784206075
train,4,0.20632291666666666,0.6734722222222222,0.13895275318287037,0.30635698082078777
train,4,0.17404166666666668,0.6459351851851852,0.11241963618827162,0.2694413784206075
train,4,0.20632291666666666,0.6734722222222222,0.13895275318287037,0.30635698082078777
train,4,0.17404166666666668,0.6459351851851852,0.11241963618827162,0.2694413784206075
train,4,0.20632291666666666,0.6734722222222222,0.13895275318287037,0.30635698082078777
train,4,0.17404166666666668,0.6459351851851852,0.11241963618827162,0.2694413784206075
train,4,0.20632291666666666,0.6734722222222222,0.13895275318287037,0.30635698082078777
train,4,0.17404166666666668,0.6459351851851852,0.11241963618827162,0.2694413784206075
train,4,0.20632291666666666,0.6734722222222222,0.13895275318287037,0.30635698082078777
train,4,0.17404166666666668,0.6459351851851852,0.11241963618827162,0.2694413784206075
train,4,0.20632291666666666,0.6734722222222222,0.13895275318287037,0.30635698082078777
train,4,0.17404166666666668,0.6459351851851852,0.11241963618827162,0.2694413784206075
train,4,0.20632291666666666,0.6734722222222222,0.13895275318287037,0.30635698082078777
train,4,0.09357291666666666,0.3428611111111111,0.03208251417824074,0.27291784817305353
train,4,0.10164583333333334,0.2393888888888889,0.024332883101851853,0.4246054769087955
train,4,0.17404166666666668,0.6459351851851852,0.11241963618827162,0.2694413784206075
train,4,0.20632291666666666,0.6734722222222222,0.13895275318287037,0.30635698082078777
train,4,0.17404166666666668,0.6459351851851852,0.11241963618827162,0.2694413784206075
train,4,0.20632291666666666,0.6734722222222222,0.13895275318287037,0.30635698082078777
train,4,0.17404166666666668,0.6459351851851852,0.11241963618827162,0.2694413784206075
train,4,0.20632291666666666,0.6734722222222222,0.13895275318287037,0.30635698082078777
train,4,0.17404166666666668,0.6459351851851852,0.11241963618827162,0.2694413784206075
train,4,0.20632291666666666,0.6734722222222222,0.13895275318287037,0.30635698082078777
train,4,0.17404166666666668,0.6459351851851852,0.11241963618827162,0.2694413784206075
train,4,0.20632291666666666,0.6734722222222222,0.13895275318287037,0.30635698082078777
train,4,0.17404166666666668,0.6459351851851852,0.11241963618827162,0.2694413784206075
train,4,0.20632291666666666,0.6199351851851852,0.12790683555169752,0.33281369020058843
train,4,0.10911458333333333,0.5930185185185185,0.06470696855709876,0.18399861037379384
train,4,0.20632291666666666,0.6199351851851852,0.12790683555169752,0.33281369020058843
train,4,0.09357291666666666,0.3428611111111111,0.03208251417824074,0.27291784817305353
train,4,0.10164583333333334,0.2393888888888889,0.024332883101851853,0.4246054769087955
train,4,0.10911458333333333,0.5930185185185185,0.06470696855709876,0.18399861037379384
train,4,0.20632291666666666,0.6199351851851852,0.12790683555169752,0.33281369020058843
train,4,0.06566145833333333,0.5381111111111111,0.03533316030092592,0.12202211955399545
train,4,0.20632291666666666,0.6199351851851852,0.12790683555169752,0.33281369020058843
train,4,0.09515104166666667,0.42448148148148146,0.04038985513117284,0.2241582867987087
train,4,0.06566145833333333,0.5381111111111111,0.03533316030092592,0.12202211955399545
train,4,0.20632291666666666,0.6199351851851852,0.12790683555169752,0.33281369020058843
train,4,0.09515104166666667,0.42448148148148146,0.04038985513117284,0.2241582867987087
train,4,0.07734375,0.4679166666666667,0.036190429687500004,0.16529385574354408
train,4,0.20632291666666666,0.6199351851851852,0.12790683555169752,0.33281369020058843
train,4,0.09515104166666667,0.42448148148148146,0.04038985513117284,0.2241582867987087
train,4,0.07734375,0.4679166666666667,0.036190429687500004,0.16529385574354408
train,4,0.20632291666666666,0.6199351851851852,0.12790683555169752,0.33281369020058843
train,4,0.09515104166666667,0.42448148148148146,0.04038985513117284,0.2241582867987087
train,4,0.07734375,0.4679166666666667,0.036190429687500004,0.16529385574354408
train,4,0.20632291666666666,0.6199351851851852,0.12790683555169752,0.33281369020058843
train,4,0.09515104166666667,0.42448148148148146,0.04038985513117284,0.2241582867987087
train,4,0.11762500000000001,0.40016666666666667,0.04706960416666667,0.2939400249895877
train,4,0.10164583333333334,0.2393888888888889,0.024332883101851853,0.4246054769087955
train,4,0.07734375,0.4679166666666667,0.036190429687500004,0.16529385574354408
train,4,0.20632291666666666,0.6199351851851852,0.12790683555169752,0.33281369020058843
train,4,0.09515104166666667,0.42448148148148146,0.04038985513117284,0.2241582867987087
train,4,0.20632291666666666,0.6199351851851852,0.12790683555169752,0.33281369020058843
train,4,0.17002083333333334,0.5977777777777779,0.10163467592592594,0.28442146840148697
train,4,0.20632291666666666,0.6199351851851852,0.12790683555169752,0.33281369020058843
train,4,0.17002083333333334,0.5977777777777779,0.10163467592592594,0.28442146840148697
train,4,0.20632291666666666,0.6199351851851852,0.12790683555169752,0.33281369020058843
train,4,0.17002083333333334,0.5977777777777779,0.10163467592592594,0.28442146840148697
train,4,0.20632291666666666,0.6199351851851852,0.12790683555169752,0.33281369020058843
train,4,0.17002083333333334,0.5977777777777779,0.10163467592592594,0.28442146840148697
train,4,0.20632291666666666,0.6199351851851852,0.12790683555169752,0.33281369020058843
train,4,0.19344270833333335,0.6599537037037037,0.12766323181905864,0.2931155734829885
train,4,0.20632291666666666,0.6199351851851852,0.12790683555169752,0.33281369020058843
train,4,0.19344270833333335,0.6599537037037037,0.12766323181905864,0.2931155734829885
train,4,0.20632291666666666,0.6199351851851852,0.12790683555169752,0.33281369020058843
train,4,0.19343749999999998,0.6599537037037037,0.12765979456018517,0.2931076815152578
train,4,0.20632291666666666,0.6199351851851852,0.12790683555169752,0.33281369020058843
train,4,0.19343749999999998,0.6599537037037037,0.12765979456018517,0.2931076815152578
train,4,0.20632291666666666,0.6199351851851852,0.12790683555169752,0.33281369020058843
train,4,0.19343749999999998,0.6599537037037037,0.12765979456018517,0.2931076815152578
train,4,0.20632291666666666,0.6199351851851852,0.12790683555169752,0.33281369020058843
train,4,0.19343749999999998,0.6599537037037037,0.12765979456018517,0.2931076815152578
train,4,0.20632291666666666,0.6199351851851852,0.12790683555169752,0.33281369020058843
train,4,0.19343749999999998,0.6599537037037037,0.12765979456018517,0.2931076815152578
train,4,0.20632291666666666,0.6199351851851852,0.12790683555169752,0.33281369020058843
train,4,0.19343749999999998,0.6599537037037037,0.12765979456018517,0.2931076815152578
train,4,0.20632291666666666,0.6199351851851852,0.12790683555169752,0.33281369020058843
train,4,0.19343749999999998,0.6599537037037037,0.12765979456018517,0.2931076815152578
train,4,0.20632291666666666,0.6199351851851852,0.12790683555169752,0.33281369020058843
train,4,0.19343749999999998,0.6599537037037037,0.12765979456018517,0.2931076815152578
train,4,0.11762500000000001,0.40016666666666667,0.04706960416666667,0.2939400249895877
train,4,0.11752083333333332,0.27411111111111114,0.032213766203703705,0.42873429266315355
train,4,0.20632291666666666,0.6199351851851852,0.12790683555169752,0.33281369020058843
train,4,0.19343749999999998,0.6599537037037037,0.12765979456018517,0.2931076815152578
train,4,0.20632291666666666,0.6199351851851852,0.12790683555169752,0.33281369020058843
train,4,0.19343749999999998,0.6599537037037037,0.12765979456018517,0.2931076815152578
train,4,0.20632291666666666,0.6199351851851852,0.12790683555169752,0.33281369020058843
train,4,0.19343749999999998,0.6599537037037037,0.12765979456018517,0.2931076815152578
train,4,0.20632291666666666,0.6199351851851852,0.12790683555169752,0.33281369020058843
train,4,0.19343749999999998,0.6599537037037037,0.12765979456018517,0.2931076815152578
train,4,0.20632291666666666,0.6199351851851852,0.12790683555169752,0.33281369020058843
train,4,0.19343749999999998,0.6599537037037037,0.12765979456018517,0.2931076815152578
train,4,0.20632291666666666,0.6199351851851852,0.12790683555169752,0.33281369020058843
train,4,0.19343749999999998,0.6599537037037037,0.12765979456018517,0.2931076815152578
train,4,0.20632291666666666,0.6199351851851852,0.12790683555169752,0.33281369020058843
train,4,0.19343749999999998,0.6599537037037037,0.12765979456018517,0.2931076815152578
train,4,0.20632291666666666,0.6199351851851852,0.12790683555169752,0.33281369020058843
train,4,0.19343749999999998,0.6599537037037037,0.12765979456018517,0.2931076815152578
train,4,0.11762500000000001,0.40016666666666667,0.04706960416666667,0.2939400249895877
train,4,0.11752083333333332,0.27411111111111114,0.032213766203703705,0.42873429266315355
train,4,0.20632291666666666,0.6199351851851852,0.12790683555169752,0.33281369020058843
train,4,0.19343749999999998,0.6599537037037037,0.12765979456018517,0.2931076815152578
train,4,0.20632291666666666,0.6199351851851852,0.12790683555169752,0.33281369020058843
train,4,0.19343749999999998,0.6599537037037037,0.12765979456018517,0.2931076815152578
train,2,0.20632291666666666,0.6199351851851852,0.12790683555169752,0.33281369020058843
train,4,0.19343749999999998,0.6599537037037037,0.12765979456018517,0.2931076815152578
train,1,0.03471875,0.059509259259259255,0.0020660870949074073,0.5834176131943364
train,2,0.20632291666666666,0.6199351851851852,0.12790683555169752,0.33281369020058843
train,4,0.19343749999999998,0.6599537037037037,0.12765979456018517,0.2931076815152578
train,1,0.04004166666666666,0.04747222222222223,0.0019008668981481483,0.8434757167934462
train,2,0.20632291666666666,0.6199351851851852,0.12790683555169752,0.33281369020058843
train,4,0.19343749999999998,0.6599537037037037,0.12765979456018517,0.2931076815152578
train,1,0.0435,0.04644444444444444,0.002020333333333333,0.9366028708133971
train,2,0.20632291666666666,0.6199351851851852,0.12790683555169752,0.33281369020058843
train,4,0.19343749999999998,0.6599537037037037,0.12765979456018517,0.2931076815152578
train,1,0.0435,0.04644444444444444,0.002020333333333333,0.9366028708133971
train,2,0.20632291666666666,0.6199351851851852,0.12790683555169752,0.33281369020058843
train,4,0.19343749999999998,0.6599537037037037,0.12765979456018517,0.2931076815152578
train,1,0.0435,0.04644444444444444,0.002020333333333333,0.9366028708133971
train,2,0.20632291666666666,0.6199351851851852,0.12790683555169752,0.33281369020058843
train,4,0.19343749999999998,0.6599537037037037,0.12765979456018517,0.2931076815152578
train,1,0.0435,0.04644444444444444,0.002020333333333333,0.9366028708133971
train,2,0.20632291666666666,0.6199351851851852,0.12790683555169752,0.33281369020058843
train,4,0.19343749999999998,0.6599537037037037,0.12765979456018517,0.2931076815152578
train,1,0.0435,0.04644444444444444,0.002020333333333333,0.9366028708133971
train,2,0.20632291666666666,0.6199351851851852,0.12790683555169752,0.33281369020058843
train,4,0.19343749999999998,0.6599537037037037,0.12765979456018517,0.2931076815152578
train,1,0.03584895833333333,0.06234259259259259,0.002234917004243827,0.5750315609683648
train,2,0.20632291666666666,0.6199351851851852,0.12790683555169752,0.33281369020058843
train,4,0.19343749999999998,0.6599537037037037,0.12765979456018517,0.2931076815152578
train,1,0.03584895833333333,0.06234259259259259,0.002234917004243827,0.5750315609683648
train,2,0.20632291666666666,0.6199351851851852,0.12790683555169752,0.33281369020058843
train,4,0.19343749999999998,0.6599537037037037,0.12765979456018517,0.2931076815152578
train,1,0.03584895833333333,0.06234259259259259,0.002234917004243827,0.5750315609683648
train,5,0.20632291666666666,0.6199351851851852,0.12790683555169752,0.33281369020058843
train,4,0.19343749999999998,0.6599537037037037,0.12765979456018517,0.2931076815152578
train,1,0.03584895833333333,0.06234259259259259,0.002234917004243827,0.5750315609683648
train,5,0.20632291666666666,0.6199351851851852,0.12790683555169752,0.33281369020058843
train,4,0.19343749999999998,0.6599537037037037,0.12765979456018517,0.2931076815152578
train,1,0.03584895833333333,0.06234259259259259,0.002234917004243827,0.5750315609683648
train,5,0.18663020833333333,0.6199351851851852,0.1156986327642747,0.3010479366122504
train,4,0.19343749999999998,0.6599537037037037,0.12765979456018517,0.2931076815152578
train,5,0.18662499999999999,0.6199351851851852,0.11569540393518518,0.3010395351963317
train,4,0.19343749999999998,0.6599537037037037,0.12765979456018517,0.2931076815152578
train,4,0.14761979166666667,0.5569444444444445,0.0822160228587963,0.26505299251870323
train,4,0.151890625,0.49054629629629626,0.07450938353587963,0.30963565752467964
train,5,0.18662499999999999,0.6199351851851852,0.11569540393518518,0.3010395351963317
train,4,0.19343749999999998,0.6599537037037037,0.12765979456018517,0.2931076815152578
train,5,0.18662499999999999,0.6199351851851852,0.11569540393518518,0.3010395351963317
train,4,0.19343749999999998,0.6599537037037037,0.12765979456018517,0.2931076815152578
train,5,0.18662499999999999,0.6199351851851852,0.11569540393518518,0.3010395351963317
train,4,0.18706250000000002,0.7041111111111111,0.13171278472222225,0.2656718478775446
train,4,0.18662499999999999,0.6199351851851852,0.11569540393518518,0.3010395351963317
train,4,0.18706250000000002,0.7041111111111111,0.13171278472222225,0.2656718478775446
train,4,0.18662499999999999,0.6199351851851852,0.11569540393518518,0.3010395351963317
train,4,0.18706250000000002,0.7041111111111111,0.13171278472222225,0.2656718478775446
train,4,0.18662499999999999,0.6199351851851852,0.11569540393518518,0.3010395351963317
train,4,0.18706250000000002,0.7041111111111111,0.13171278472222225,0.2656718478775446
train,4,0.18662499999999999,0.6199351851851852,0.11569540393518518,0.3010395351963317
train,4,0.18706250000000002,0.7041111111111111,0.13171278472222225,0.2656718478775446
train,4,0.14761979166666667,0.5569444444444445,0.0822160228587963,0.26505299251870323
train,4,0.151890625,0.49054629629629626,0.07450938353587963,0.30963565752467964
train,4,0.18662499999999999,0.6199351851851852,0.11569540393518518,0.3010395351963317
train,4,0.18706250000000002,0.7041111111111111,0.13171278472222225,0.2656718478775446
train,4,0.18662499999999999,0.6199351851851852,0.11569540393518518,0.3010395351963317
train,4,0.18706250000000002,0.7041111111111111,0.13171278472222225,0.2656718478775446
train,4,0.18662499999999999,0.6199351851851852,0.11569540393518518,0.3010395351963317
train,4,0.18706250000000002,0.7041111111111111,0.13171278472222225,0.2656718478775446
train,4,0.18662499999999999,0.6199351851851852,0.11569540393518518,0.3010395351963317
train,4,0.18706250000000002,0.7041111111111111,0.13171278472222225,0.2656718478775446
train,4,0.09357291666666666,0.3428611111111111,0.03208251417824074,0.27291784817305353
train,4,0.10164583333333334,0.2393888888888889,0.024332883101851853,0.4246054769087955
train,4,0.18662499999999999,0.6199351851851852,0.11569540393518518,0.3010395351963317
train,4,0.18706250000000002,0.7041111111111111,0.13171278472222225,0.2656718478775446
train,4,0.18662499999999999,0.6199351851851852,0.11569540393518518,0.3010395351963317
train,4,0.18706250000000002,0.7041111111111111,0.13171278472222225,0.2656718478775446
train,4,0.18662499999999999,0.6199351851851852,0.11569540393518518,0.3010395351963317
train,4,0.18706250000000002,0.7041111111111111,0.13171278472222225,0.2656718478775446
train,4,0.14761979166666667,0.5569444444444445,0.0822160228587963,0.26505299251870323
train,4,0.151890625,0.49054629629629626,0.07450938353587963,0.30963565752467964
train,2,0.18662499999999999,0.6199351851851852,0.11569540393518518,0.3010395351963317
train,4,0.18706250000000002,0.7041111111111111,0.13171278472222225,0.2656718478775446
train,1,0.054114583333333334,0.05441666666666667,0.0029447352430555557,0.994448698315467
train,2,0.18662499999999999,0.6199351851851852,0.11569540393518518,0.3010395351963317
train,4,0.18706250000000002,0.7041111111111111,0.13171278472222225,0.2656718478775446
train,1,0.054114583333333334,0.05441666666666667,0.0029447352430555557,0.994448698315467
train,2,0.18662499999999999,0.6199351851851852,0.11569540393518518,0.3010395351963317
train,4,0.18706250000000002,0.7041111111111111,0.13171278472222225,0.2656718478775446
train,1,0.054114583333333334,0.05441666666666667,0.0029447352430555557,0.994448698315467
train,2,0.22059895833333334,0.7954259259259259,0.17547013069058642,0.27733438293017953
train,4,0.18706250000000002,0.7041111111111111,0.13171278472222225,0.2656718478775446
train,1,0.03981770833333333,0.09962962962962962,0.003967023533950617,0.3996572955390335
train,5,0.22059895833333334,0.7954259259259259,0.17547013069058642,0.27733438293017953
train,4,0.18706250000000002,0.7041111111111111,0.13171278472222225,0.2656718478775446
train,5,0.22059895833333334,0.7954259259259259,0.17547013069058642,0.27733438293017953
train,4,0.18706250000000002,0.7041111111111111,0.13171278472222225,0.2656718478775446
train,4,0.14761979166666667,0.5569444444444445,0.0822160228587963,0.26505299251870323
train,4,0.151890625,0.49054629629629626,0.07450938353587963,0.30963565752467964
train,5,0.22059895833333334,0.7954259259259259,0.17547013069058642,0.27733438293017953
train,4,0.18706250000000002,0.7041111111111111,0.13171278472222225,0.2656718478775446
train,5,0.22059895833333334,0.7954259259259259,0.17547013069058642,0.27733438293017953
train,4,0.18706250000000002,0.7041111111111111,0.13171278472222225,0.2656718478775446
train,5,0.22059895833333334,0.7954259259259259,0.17547013069058642,0.27733438293017953
train,4,0.18706250000000002,0.7041111111111111,0.13171278472222225,0.2656718478775446
train,4,0.22059895833333334,0.7954259259259259,0.17547013069058642,0.27733438293017953
train,4,0.18706250000000002,0.7041111111111111,0.13171278472222225,0.2656718478775446
train,4,0.22059895833333334,0.7954259259259259,0.17547013069058642,0.27733438293017953
train,4,0.18706250000000002,0.7041111111111111,0.13171278472222225,0.2656718478775446
train,4,0.22059895833333334,0.7954259259259259,0.17547013069058642,0.27733438293017953
train,4,0.18706250000000002,0.7041111111111111,0.13171278472222225,0.2656718478775446
train,4,0.22059895833333334,0.7954259259259259,0.17547013069058642,0.27733438293017953
train,4,0.18706250000000002,0.7041111111111111,0.13171278472222225,0.2656718478775446
train,4,0.22059895833333334,0.7954259259259259,0.17547013069058642,0.27733438293017953
train,4,0.18706250000000002,0.7041111111111111,0.13171278472222225,0.2656718478775446
train,4,0.22059895833333334,0.7954259259259259,0.17547013069058642,0.27733438293017953
train,4,0.18706250000000002,0.7041111111111111,0.13171278472222225,0.2656718478775446
train,4,0.17404166666666668,0.6459351851851852,0.11241963618827162,0.2694413784206075
train,4,0.15900520833333334,0.5512777777777778,0.08765603790509259,0.28843028821928857
train,4,0.22059895833333334,0.7954259259259259,0.17547013069058642,0.27733438293017953
train,4,0.18706250000000002,0.7041111111111111,0.13171278472222225,0.2656718478775446
train,4,0.22059895833333334,0.7954259259259259,0.17547013069058642,0.27733438293017953
train,4,0.18706250000000002,0.7041111111111111,0.13171278472222225,0.2656718478775446
train,4,0.22059895833333334,0.7954259259259259,0.17547013069058642,0.27733438293017953
train,4,0.18706250000000002,0.7041111111111111,0.13171278472222225,0.2656718478775446
train,4,0.22059895833333334,0.7954259259259259,0.17547013069058642,0.27733438293017953
train,4,0.18706250000000002,0.7041111111111111,0.13171278472222225,0.2656718478775446
train,4,0.22059895833333334,0.7954259259259259,0.17547013069058642,0.27733438293017953
train,4,0.18706250000000002,0.7041111111111111,0.13171278472222225,0.2656718478775446
train,4,0.22059895833333334,0.7954259259259259,0.17547013069058642,0.27733438293017953
train,4,0.18706250000000002,0.7041111111111111,0.13171278472222225,0.2656718478775446
train,4,0.17404166666666668,0.6459351851851852,0.11241963618827162,0.2694413784206075
train,4,0.15900520833333334,0.5512777777777778,0.08765603790509259,0.28843028821928857
train,4,0.22059895833333334,0.7954259259259259,0.17547013069058642,0.27733438293017953
train,4,0.18706250000000002,0.7041111111111111,0.13171278472222225,0.2656718478775446
train,4,0.22059895833333334,0.7954259259259259,0.17547013069058642,0.27733438293017953
train,4,0.18706250000000002,0.7041111111111111,0.13171278472222225,0.2656718478775446
train,4,0.2600703125,0.6400694444444445,0.16646306043836806,0.4063157751980037
train,4,0.2784140625,0.6941944444444444,0.19327349544270833,0.4010606318274579
train,4,0.2784140625,0.6941944444444444,0.19327349544270833,0.4010606318274579
train,2,0.2784140625,0.6941944444444444,0.19327349544270833,0.4010606318274579
train,1,0.053328125000000004,0.08941666666666666,0.004768423177083333,0.5964002795899349
train,2,0.2784140625,0.6941944444444444,0.19327349544270833,0.4010606318274579
train,1,0.053328125000000004,0.08941666666666666,0.004768423177083333,0.5964002795899349
train,2,0.2784140625,0.6941944444444444,0.19327349544270833,0.4010606318274579
train,1,0.053328125000000004,0.08941666666666666,0.004768423177083333,0.5964002795899349
train,4,0.2600703125,0.6400694444444445,0.16646306043836806,0.4063157751980037
train,2,0.2784140625,0.6941944444444444,0.19327349544270833,0.4010606318274579
train,1,0.0678828125,0.0895,0.00607551171875,0.7584671787709497
train,2,0.2784140625,0.6941944444444444,0.19327349544270833,0.4010606318274579
train,1,0.0678828125,0.0895,0.00607551171875,0.7584671787709497
train,2,0.2784140625,0.6941944444444444,0.19327349544270833,0.4010606318274579
train,1,0.055882812500000004,0.075625,0.0042261376953125,0.7389462809917356
train,2,0.2784140625,0.6941944444444444,0.19327349544270833,0.4010606318274579
train,1,0.055882812500000004,0.075625,0.0042261376953125,0.7389462809917356
train,2,0.2784140625,0.6941944444444444,0.19327349544270833,0.4010606318274579
train,1,0.055882812500000004,0.075625,0.0042261376953125,0.7389462809917356
train,2,0.2891484375,0.5447638888888889,0.15751762727864585,0.530777541238559
train,1,0.055882812500000004,0.075625,0.0042261376953125,0.7389462809917356
train,2,0.2891484375,0.5447638888888889,0.15751762727864585,0.530777541238559
train,1,0.055882812500000004,0.075625,0.0042261376953125,0.7389462809917356
train,2,0.2891484375,0.5447638888888889,0.15751762727864585,0.530777541238559
train,1,0.055882812500000004,0.075625,0.0042261376953125,0.7389462809917356
train,2,0.2891484375,0.5447638888888889,0.15751762727864585,0.530777541238559
train,1,0.055882812500000004,0.075625,0.0042261376953125,0.7389462809917356
train,4,0.2600703125,0.6400694444444445,0.16646306043836806,0.4063157751980037
train,2,0.2891484375,0.5447638888888889,0.15751762727864585,0.530777541238559
train,1,0.055882812500000004,0.075625,0.0042261376953125,0.7389462809917356
train,2,0.2891484375,0.5447638888888889,0.15751762727864585,0.530777541238559
train,1,0.055882812500000004,0.075625,0.0042261376953125,0.7389462809917356
train,2,0.2891484375,0.5447638888888889,0.15751762727864585,0.530777541238559
train,1,0.055882812500000004,0.075625,0.0042261376953125,0.7389462809917356
train,2,0.2891484375,0.5447638888888889,0.15751762727864585,0.530777541238559
train,1,0.055882812500000004,0.075625,0.0042261376953125,0.7389462809917356
train,2,0.2891484375,0.5447638888888889,0.15751762727864585,0.530777541238559
train,1,0.055882812500000004,0.075625,0.0042261376953125,0.7389462809917356
train,2,0.2891484375,0.5447638888888889,0.15751762727864585,0.530777541238559
train,1,0.055882812500000004,0.075625,0.0042261376953125,0.7389462809917356
train,4,0.2600703125,0.6400694444444445,0.16646306043836806,0.4063157751980037
train,2,0.2891484375,0.5447638888888889,0.15751762727864585,0.530777541238559
train,1,0.055882812500000004,0.075625,0.0042261376953125,0.7389462809917356
train,2,0.30920312499999997,0.47780555555555554,0.14773897092013888,0.6471317074588686
train,1,0.055882812500000004,0.075625,0.0042261376953125,0.7389462809917356
train,2,0.30920312499999997,0.47780555555555554,0.14773897092013888,0.6471317074588686
train,1,0.055882812500000004,0.075625,0.0042261376953125,0.7389462809917356
train,2,0.30920312499999997,0.47780555555555554,0.14773897092013888,0.6471317074588686
train,1,0.055882812500000004,0.075625,0.0042261376953125,0.7389462809917356
train,2,0.30920312499999997,0.47780555555555554,0.14773897092013888,0.6471317074588686
train,1,0.055882812500000004,0.075625,0.0042261376953125,0.7389462809917356
train,2,0.30920312499999997,0.47780555555555554,0.14773897092013888,0.6471317074588686
train,1,0.055882812500000004,0.075625,0.0042261376953125,0.7389462809917356
train,2,0.30920312499999997,0.47780555555555554,0.14773897092013888,0.6471317074588686
train,1,0.055882812500000004,0.075625,0.0042261376953125,0.7389462809917356
train,4,0.305,0.5598055555555556,0.17074069444444445,0.5448320349327643
train,4,0.2834921875,0.6552222222222223,0.1857503810763889,0.4326657092589452
train,4,0.305,0.5598055555555556,0.17074069444444445,0.5448320349327643
train,2,0.305,0.5598055555555556,0.17074069444444445,0.5448320349327643
train,1,0.0511796875,0.12368055555555556,0.0063299321831597226,0.4138054463784391
train,2,0.305,0.5598055555555556,0.17074069444444445,0.5448320349327643
train,1,0.0511796875,0.12368055555555556,0.0063299321831597226,0.4138054463784391
train,5,0.303609375,0.6228333333333333,0.1890980390625,0.48746487824458123
train,1,0.0511796875,0.12368055555555556,0.0063299321831597226,0.4138054463784391
train,5,0.303609375,0.6228333333333333,0.1890980390625,0.48746487824458123
train,1,0.0511796875,0.12368055555555556,0.0063299321831597226,0.4138054463784391
train,5,0.303609375,0.6228333333333333,0.1890980390625,0.48746487824458123
train,1,0.0511796875,0.12368055555555556,0.0063299321831597226,0.4138054463784391
train,2,0.303609375,0.6228333333333333,0.1890980390625,0.48746487824458123
train,1,0.0511796875,0.12368055555555556,0.0063299321831597226,0.4138054463784391
train,2,0.303609375,0.6228333333333333,0.1890980390625,0.48746487824458123
train,1,0.0511796875,0.12368055555555556,0.0063299321831597226,0.4138054463784391
train,4,0.28507812499999996,0.6458333333333334,0.18411295572916664,0.4414112903225806
train,4,0.28507812499999996,0.6458333333333334,0.18411295572916664,0.4414112903225806
train,4,0.2543828125,0.7885416666666667,0.20059144694010417,0.32259907529722587
train,4,0.2834921875,0.6552222222222223,0.1857503810763889,0.4326657092589452
train,4,0.2834921875,0.6552222222222223,0.1857503810763889,0.4326657092589452
train,4,0.2784140625,0.6941944444444444,0.19327349544270833,0.4010606318274579
train,4,0.2784140625,0.6941944444444444,0.19327349544270833,0.4010606318274579
train,4,0.2600703125,0.6400694444444445,0.16646306043836806,0.4063157751980037
train,4,0.2784140625,0.6941944444444444,0.19327349544270833,0.4010606318274579
train,4,0.2784140625,0.6941944444444444,0.19327349544270833,0.4010606318274579
train,4,0.2784140625,0.6941944444444444,0.19327349544270833,0.4010606318274579
train,4,0.2784140625,0.6941944444444444,0.19327349544270833,0.4010606318274579
train,2,0.25756249999999997,0.7107962962962963,0.18307447106481478,0.3623576843915275
train,2,0.09936458333333334,0.305,0.030306197916666666,0.3257855191256831
train,1,0.07782291666666666,0.17012962962962963,0.01323998398919753,0.45743305758136493
train,1,0.09130208333333334,0.14064814814814816,0.012841468942901236,0.6491524028966426
train,5,0.25756249999999997,0.7107962962962963,0.18307447106481478,0.3623576843915275
train,2,0.09936458333333334,0.305,0.030306197916666666,0.3257855191256831
train,1,0.07782291666666666,0.17012962962962963,0.01323998398919753,0.45743305758136493
train,5,0.25756249999999997,0.7107962962962963,0.18307447106481478,0.3623576843915275
train,2,0.09936458333333334,0.305,0.030306197916666666,0.3257855191256831
train,1,0.07782291666666666,0.17012962962962963,0.01323998398919753,0.45743305758136493
train,4,0.25756249999999997,0.7107962962962963,0.18307447106481478,0.3623576843915275
train,2,0.09936458333333334,0.305,0.030306197916666666,0.3257855191256831
train,1,0.07782291666666666,0.17012962962962963,0.01323998398919753,0.45743305758136493
train,5,0.25756249999999997,0.7107962962962963,0.18307447106481478,0.3623576843915275
train,2,0.09936458333333334,0.305,0.030306197916666666,0.3257855191256831
train,1,0.07782291666666666,0.17012962962962963,0.01323998398919753,0.45743305758136493
train,5,0.25756249999999997,0.7107962962962963,0.18307447106481478,0.3623576843915275
train,2,0.09936458333333334,0.305,0.030306197916666666,0.3257855191256831
train,1,0.07782291666666666,0.17012962962962963,0.01323998398919753,0.45743305758136493
train,5,0.29027083333333337,0.7196296296296296,0.20888749228395065,0.4033614256304684
train,5,0.29027083333333337,0.7196296296296296,0.20888749228395065,0.4033614256304684
train,4,0.29027083333333337,0.7196296296296296,0.20888749228395065,0.4033614256304684
train,4,0.29027083333333337,0.7196296296296296,0.20888749228395065,0.4033614256304684
train,4,0.29027083333333337,0.7196296296296296,0.20888749228395065,0.4033614256304684
train,4,0.25756249999999997,0.7107962962962963,0.18307447106481478,0.3623576843915275
train,2,0.09936458333333334,0.305,0.030306197916666666,0.3257855191256831
train,1,0.07782291666666666,0.17012962962962963,0.01323998398919753,0.45743305758136493
train,4,0.29027083333333337,0.7196296296296296,0.20888749228395065,0.4033614256304684
train,4,0.29027083333333337,0.7196296296296296,0.20888749228395065,0.4033614256304684
train,4,0.25965625000000003,0.7135925925925926,0.18528877662037038,0.3638718404525874
train,4,0.25965625000000003,0.7135925925925926,0.18528877662037038,0.3638718404525874
train,4,0.25965625000000003,0.7135925925925926,0.18528877662037038,0.3638718404525874
train,4,0.25965625000000003,0.7135925925925926,0.18528877662037038,0.3638718404525874
train,4,0.25965625000000003,0.7135925925925926,0.18528877662037038,0.3638718404525874
train,4,0.25965625000000003,0.7135925925925926,0.18528877662037038,0.3638718404525874
train,4,0.25965625000000003,0.7135925925925926,0.18528877662037038,0.3638718404525874
train,4,0.25965625000000003,0.7135925925925926,0.18528877662037038,0.3638718404525874
train,4,0.25756249999999997,0.7107962962962963,0.18307447106481478,0.3623576843915275
train,2,0.09936458333333334,0.305,0.030306197916666666,0.3257855191256831
train,1,0.07782291666666666,0.17012962962962963,0.01323998398919753,0.45743305758136493
train,4,0.25965625000000003,0.7135925925925926,0.18528877662037038,0.3638718404525874
train,4,0.25965625000000003,0.7135925925925926,0.18528877662037038,0.3638718404525874
train,2,0.07619791666666667,0.2430185185185185,0.018517504822530863,0.3135477787091367
train,1,0.07708333333333334,0.19311111111111112,0.01488564814814815,0.39916570771001153
train,4,0.25965625000000003,0.7135925925925926,0.18528877662037038,0.3638718404525874
train,2,0.07619791666666667,0.2430185185185185,0.018517504822530863,0.3135477787091367
train,1,0.07708333333333334,0.19311111111111112,0.01488564814814815,0.39916570771001153
train,4,0.25965625000000003,0.7135925925925926,0.18528877662037038,0.3638718404525874
train,2,0.07619791666666667,0.2430185185185185,0.018517504822530863,0.3135477787091367
train,1,0.07708333333333334,0.19311111111111112,0.01488564814814815,0.39916570771001153
train,4,0.25965625000000003,0.7135925925925926,0.18528877662037038,0.3638718404525874
train,2,0.07619791666666667,0.2430185185185185,0.018517504822530863,0.3135477787091367
train,1,0.07708333333333334,0.19311111111111112,0.01488564814814815,0.39916570771001153
train,4,0.25965625000000003,0.7135925925925926,0.18528877662037038,0.3638718404525874
train,2,0.07619791666666667,0.2430185185185185,0.018517504822530863,0.3135477787091367
train,1,0.07708333333333334,0.19311111111111112,0.01488564814814815,0.39916570771001153
train,4,0.25756249999999997,0.7107962962962963,0.18307447106481478,0.3623576843915275
train,2,0.09936458333333334,0.305,0.030306197916666666,0.3257855191256831
train,1,0.07782291666666666,0.17012962962962963,0.01323998398919753,0.45743305758136493
train,4,0.25965625000000003,0.7135925925925926,0.18528877662037038,0.3638718404525874
train,2,0.07619791666666667,0.2430185185185185,0.018517504822530863,0.3135477787091367
train,1,0.07708333333333334,0.19311111111111112,0.01488564814814815,0.39916570771001153
train,4,0.25965625000000003,0.7135925925925926,0.18528877662037038,0.3638718404525874
train,2,0.07619791666666667,0.2430185185185185,0.018517504822530863,0.3135477787091367
train,1,0.07481249999999999,0.11622222222222221,0.008694874999999998,0.6437021988527725
train,4,0.25965625000000003,0.7135925925925926,0.18528877662037038,0.3638718404525874
train,2,0.07619791666666667,0.2430185185185185,0.018517504822530863,0.3135477787091367
train,1,0.07481249999999999,0.11622222222222221,0.008694874999999998,0.6437021988527725
train,4,0.25965625000000003,0.7135925925925926,0.18528877662037038,0.3638718404525874
train,2,0.07619791666666667,0.2430185185185185,0.018517504822530863,0.3135477787091367
train,1,0.07481249999999999,0.11622222222222221,0.008694874999999998,0.6437021988527725
train,4,0.25965625000000003,0.7135925925925926,0.18528877662037038,0.3638718404525874
train,2,0.07619791666666667,0.2430185185185185,0.018517504822530863,0.3135477787091367
train,1,0.07481249999999999,0.11622222222222221,0.008694874999999998,0.6437021988527725
train,4,0.25965625000000003,0.7135925925925926,0.18528877662037038,0.3638718404525874
train,2,0.07619791666666667,0.2430185185185185,0.018517504822530863,0.3135477787091367
train,1,0.07481249999999999,0.11622222222222221,0.008694874999999998,0.6437021988527725
train,4,0.25965625000000003,0.7135925925925926,0.18528877662037038,0.3638718404525874
train,2,0.07619791666666667,0.2430185185185185,0.018517504822530863,0.3135477787091367
train,1,0.07481249999999999,0.11622222222222221,0.008694874999999998,0.6437021988527725
train,2,0.25756249999999997,0.7107962962962963,0.18307447106481478,0.3623576843915275
train,2,0.09936458333333334,0.305,0.030306197916666666,0.3257855191256831
train,1,0.07782291666666666,0.17012962962962963,0.01323998398919753,0.45743305758136493
train,4,0.32878124999999997,0.7156851851851852,0.23530386979166665,0.45939367868139824
train,4,0.10083333333333333,0.22540740740740742,0.02272858024691358,0.4473381531383503
train,4,0.32878124999999997,0.7156851851851852,0.23530386979166665,0.45939367868139824
train,4,0.10083333333333333,0.22540740740740742,0.02272858024691358,0.4473381531383503
train,4,0.32878124999999997,0.7156851851851852,0.23530386979166665,0.45939367868139824
train,4,0.10083333333333333,0.22540740740740742,0.02272858024691358,0.4473381531383503
train,4,0.32878124999999997,0.7156851851851852,0.23530386979166665,0.45939367868139824
train,4,0.10083333333333333,0.22540740740740742,0.02272858024691358,0.4473381531383503
train,4,0.32878124999999997,0.7156851851851852,0.23530386979166665,0.45939367868139824
train,4,0.10083333333333333,0.22540740740740742,0.02272858024691358,0.4473381531383503
train,4,0.32878124999999997,0.7156851851851852,0.23530386979166665,0.45939367868139824
train,4,0.10083333333333333,0.22540740740740742,0.02272858024691358,0.4473381531383503
train,4,0.32878124999999997,0.7156851851851852,0.23530386979166665,0.45939367868139824
train,4,0.10083333333333333,0.22540740740740742,0.02272858024691358,0.4473381531383503
train,2,0.25756249999999997,0.7107962962962963,0.18307447106481478,0.3623576843915275
train,2,0.09936458333333334,0.305,0.030306197916666666,0.3257855191256831
train,1,0.07782291666666666,0.17012962962962963,0.01323998398919753,0.45743305758136493
train,2,0.25756249999999997,0.7107962962962963,0.18307447106481478,0.3623576843915275
train,2,0.09936458333333334,0.305,0.030306197916666666,0.3257855191256831
train,1,0.07782291666666666,0.17012962962962963,0.01323998398919753,0.45743305758136493
train,2,0.25756249999999997,0.7107962962962963,0.18307447106481478,0.3623576843915275
train,2,0.09936458333333334,0.305,0.030306197916666666,0.3257855191256831
train,1,0.07782291666666666,0.17012962962962963,0.01323998398919753,0.45743305758136493
train,2,0.25756249999999997,0.7107962962962963,0.18307447106481478,0.3623576843915275
train,2,0.09936458333333334,0.305,0.030306197916666666,0.3257855191256831
train,1,0.07782291666666666,0.17012962962962963,0.01323998398919753,0.45743305758136493
train,2,0.25756249999999997,0.7107962962962963,0.18307447106481478,0.3623576843915275
train,2,0.09936458333333334,0.305,0.030306197916666666,0.3257855191256831
train,1,0.07782291666666666,0.17012962962962963,0.01323998398919753,0.45743305758136493
train,1,0.09130208333333334,0.14064814814814816,0.012841468942901236,0.6491524028966426
train,2,0.25756249999999997,0.7107962962962963,0.18307447106481478,0.3623576843915275
train,2,0.09936458333333334,0.305,0.030306197916666666,0.3257855191256831
train,1,0.07782291666666666,0.17012962962962963,0.01323998398919753,0.45743305758136493
train,1,0.09130208333333334,0.14064814814814816,0.012841468942901236,0.6491524028966426
train,2,0.25756249999999997,0.7107962962962963,0.18307447106481478,0.3623576843915275
train,2,0.09936458333333334,0.305,0.030306197916666666,0.3257855191256831
train,1,0.07782291666666666,0.17012962962962963,0.01323998398919753,0.45743305758136493
train,1,0.09130208333333334,0.14064814814814816,0.012841468942901236,0.6491524028966426
train,5,0.3994635416666667,0.9889351851851852,0.395043551552855,0.40393298534712796
train,0,0.11022916666666666,0.25166666666666665,0.02774100694444444,0.4379966887417218
train,5,0.3994635416666667,0.9889351851851852,0.395043551552855,0.40393298534712796
train,0,0.11022916666666666,0.25166666666666665,0.02774100694444444,0.4379966887417218
train,5,0.3994635416666667,0.9889351851851852,0.395043551552855,0.40393298534712796
train,0,0.11022916666666666,0.25166666666666665,0.02774100694444444,0.4379966887417218
train,2,0.3994635416666667,0.9889351851851852,0.395043551552855,0.40393298534712796
train,0,0.14821354166666667,0.21914814814814815,0.03248072318672839,0.6763166511745817
train,1,0.042317708333333336,0.09359259259259259,0.003960624035493827,0.45214805104867434
train,5,0.3994635416666667,0.9889351851851852,0.395043551552855,0.40393298534712796
train,0,0.11022916666666666,0.25166666666666665,0.02774100694444444,0.4379966887417218
train,0,0.4280833333333333,0.9889351851851852,0.4233466705246913,0.432872992837414
train,0,0.15025520833333333,0.27350925925925923,0.041096190731095675,0.5493605910829751
train,4,0.4280833333333333,0.9889351851851852,0.4233466705246913,0.432872992837414
train,0,0.15025520833333333,0.27350925925925923,0.041096190731095675,0.5493605910829751
train,4,0.4280833333333333,0.9889351851851852,0.4233466705246913,0.432872992837414
train,0,0.11807291666666667,0.2702407407407407,0.03190811246141975,0.4369175289522374
train,4,0.3994635416666667,0.9889351851851852,0.395043551552855,0.40393298534712796
train,0,0.14821354166666667,0.21914814814814815,0.03248072318672839,0.6763166511745817
train,4,0.3994635416666667,0.9889351851851852,0.395043551552855,0.40393298534712796
train,0,0.14821354166666667,0.21914814814814815,0.03248072318672839,0.6763166511745817
train,4,0.3994635416666667,0.9889351851851852,0.395043551552855,0.40393298534712796
train,0,0.14821354166666667,0.21914814814814815,0.03248072318672839,0.6763166511745817
train,4,0.3994635416666667,0.9889351851851852,0.395043551552855,0.40393298534712796
train,0,0.14821354166666667,0.21914814814814815,0.03248072318672839,0.6763166511745817
train,4,0.3994635416666667,0.9889351851851852,0.395043551552855,0.40393298534712796
train,0,0.11022916666666666,0.25166666666666665,0.02774100694444444,0.4379966887417218
train,2,0.3994635416666667,0.9889351851851852,0.395043551552855,0.40393298534712796
train,0,0.14821354166666667,0.21914814814814815,0.03248072318672839,0.6763166511745817
train,1,0.07304166666666667,0.0966851851851852,0.007062047067901236,0.7554587243823022
train,4,0.3994635416666667,0.9889351851851852,0.395043551552855,0.40393298534712796
train,0,0.11022916666666666,0.25166666666666665,0.02774100694444444,0.4379966887417218
train,5,0.3994635416666667,0.9889351851851852,0.395043551552855,0.40393298534712796
train,0,0.11022916666666666,0.25166666666666665,0.02774100694444444,0.4379966887417218
train,4,0.105546875,0.468268156424581,0.04942424057262569,0.22539836107134337
train,4,0.06734375000000001,0.18642458100558656,0.012554530377094971,0.3612385750674259
train,4,0.15421875000000002,0.23659217877094973,0.03648695006983241,0.6518336776859505
train,4,0.16515625,0.25511173184357544,0.042133296962290505,0.6473879064929376
train,5,0.17628125,0.34589385474860335,0.060974601082402234,0.5096397278527013
train,4,0.15421875000000002,0.23659217877094973,0.03648695006983241,0.6518336776859505
train,4,0.16515625,0.25511173184357544,0.042133296962290505,0.6473879064929376
train,4,0.17628125,0.34589385474860335,0.060974601082402234,0.5096397278527013
train,4,0.15421875000000002,0.23659217877094973,0.03648695006983241,0.6518336776859505
train,4,0.16515625,0.25511173184357544,0.042133296962290505,0.6473879064929376
train,4,0.17628125,0.34589385474860335,0.060974601082402234,0.5096397278527013
train,4,0.15421875000000002,0.23659217877094973,0.03648695006983241,0.6518336776859505
train,4,0.16515625,0.25511173184357544,0.042133296962290505,0.6473879064929376
train,4,0.17628125,0.34589385474860335,0.060974601082402234,0.5096397278527013
train,4,0.166875,0.5946648044692737,0.09923468924581005,0.2806202733806191
train,4,0.17853125,0.6043854748603352,0.10790169430865923,0.2953930189028054
train,0,0.066359375,0.17910614525139665,0.011885371857541899,0.37050306066749844
train,0,0.068453125,0.16212290502793295,0.011097819483240222,0.42222981995175746
train,4,0.15421875000000002,0.23659217877094973,0.03648695006983241,0.6518336776859505
train,4,0.16515625,0.25511173184357544,0.042133296962290505,0.6473879064929376
train,4,0.17628125,0.34589385474860335,0.060974601082402234,0.5096397278527013
train,4,0.15421875000000002,0.23659217877094973,0.03648695006983241,0.6518336776859505
train,4,0.16515625,0.25511173184357544,0.042133296962290505,0.6473879064929376
train,4,0.17628125,0.34589385474860335,0.060974601082402234,0.5096397278527013
train,4,0.15421875000000002,0.23659217877094973,0.03648695006983241,0.6518336776859505
train,4,0.16515625,0.25511173184357544,0.042133296962290505,0.6473879064929376
train,4,0.17628125,0.34589385474860335,0.060974601082402234,0.5096397278527013
train,4,0.15421875000000002,0.23659217877094973,0.03648695006983241,0.6518336776859505
train,4,0.16515625,0.25511173184357544,0.042133296962290505,0.6473879064929376
train,2,0.17628125,0.34589385474860335,0.060974601082402234,0.5096397278527013
train,1,0.054578125,0.11050279329608939,0.006031035265363129,0.49390719792719917
train,4,0.15421875000000002,0.23659217877094973,0.03648695006983241,0.6518336776859505
train,4,0.16515625,0.25511173184357544,0.042133296962290505,0.6473879064929376
train,5,0.17628125,0.34589385474860335,0.060974601082402234,0.5096397278527013
train,1,0.054578125,0.11050279329608939,0.006031035265363129,0.49390719792719917
train,4,0.15421875000000002,0.23659217877094973,0.03648695006983241,0.6518336776859505
train,4,0.16515625,0.25511173184357544,0.042133296962290505,0.6473879064929376
train,5,0.17628125,0.34589385474860335,0.060974601082402234,0.5096397278527013
train,4,0.15421875000000002,0.23659217877094973,0.03648695006983241,0.6518336776859505
train,4,0.16515625,0.25511173184357544,0.042133296962290505,0.6473879064929376
train,5,0.17628125,0.34589385474860335,0.060974601082402234,0.5096397278527013
train,4,0.15421875000000002,0.23659217877094973,0.03648695006983241,0.6518336776859505
train,2,0.16515625,0.25511173184357544,0.042133296962290505,0.6473879064929376
train,5,0.17628125,0.34589385474860335,0.060974601082402234,0.5096397278527013
train,1,0.0670625,0.09217877094972067,0.006181738826815642,0.7275265151515151
train,4,0.15421875000000002,0.23659217877094973,0.03648695006983241,0.6518336776859505
train,2,0.16515625,0.25511173184357544,0.042133296962290505,0.6473879064929376
train,5,0.17628125,0.34589385474860335,0.060974601082402234,0.5096397278527013
train,1,0.0670625,0.09217877094972067,0.006181738826815642,0.7275265151515151
train,4,0.15421875000000002,0.23659217877094973,0.03648695006983241,0.6518336776859505
train,2,0.16515625,0.25511173184357544,0.042133296962290505,0.6473879064929376
train,5,0.17628125,0.34589385474860335,0.060974601082402234,0.5096397278527013
train,1,0.0670625,0.09217877094972067,0.006181738826815642,0.7275265151515151
train,4,0.15421875000000002,0.23659217877094973,0.03648695006983241,0.6518336776859505
train,2,0.16515625,0.25511173184357544,0.042133296962290505,0.6473879064929376
train,5,0.17628125,0.34589385474860335,0.060974601082402234,0.5096397278527013
train,1,0.0670625,0.09217877094972067,0.006181738826815642,0.7275265151515151
train,4,0.15421875000000002,0.23659217877094973,0.03648695006983241,0.6518336776859505
train,4,0.16515625,0.25511173184357544,0.042133296962290505,0.6473879064929376
train,5,0.17628125,0.34589385474860335,0.060974601082402234,0.5096397278527013
train,4,0.15421875000000002,0.23659217877094973,0.03648695006983241,0.6518336776859505
train,4,0.16515625,0.25511173184357544,0.042133296962290505,0.6473879064929376
train,5,0.17628125,0.34589385474860335,0.060974601082402234,0.5096397278527013
train,5,0.15421875000000002,0.23659217877094973,0.03648695006983241,0.6518336776859505
train,4,0.16515625,0.25511173184357544,0.042133296962290505,0.6473879064929376
train,5,0.17628125,0.34589385474860335,0.060974601082402234,0.5096397278527013
train,5,0.15421875000000002,0.23659217877094973,0.03648695006983241,0.6518336776859505
train,4,0.16515625,0.25511173184357544,0.042133296962290505,0.6473879064929376
train,5,0.17628125,0.34589385474860335,0.060974601082402234,0.5096397278527013
train,4,0.15421875000000002,0.23659217877094973,0.03648695006983241,0.6518336776859505
train,4,0.16515625,0.25511173184357544,0.042133296962290505,0.6473879064929376
train,4,0.18462499999999998,0.3967877094972067,0.07325693086592178,0.46529919042590634
train,4,0.15421875000000002,0.23659217877094973,0.03648695006983241,0.6518336776859505
train,4,0.16515625,0.25511173184357544,0.042133296962290505,0.6473879064929376
train,4,0.175671875,0.6989944134078212,0.12279365921787709,0.25132085697730183
train,0,0.063890625,0.161536312849162,0.010320655988128492,0.3955186538128999
train,0,0.052468749999999995,0.08751396648044692,0.004591748428770949,0.599547159272263
train,4,0.15421875000000002,0.23659217877094973,0.03648695006983241,0.6518336776859505
train,4,0.16515625,0.25511173184357544,0.042133296962290505,0.6473879064929376
train,4,0.175671875,0.6989944134078212,0.12279365921787709,0.25132085697730183
train,0,0.051734375,0.16145251396648044,0.008352644902234637,0.32043090397923873
train,4,0.10925,0.3656983240223463,0.039952541899441335,0.2987435074854874
train,4,0.15421875000000002,0.23659217877094973,0.03648695006983241,0.6518336776859505
train,4,0.16515625,0.25511173184357544,0.042133296962290505,0.6473879064929376
train,4,0.175671875,0.6989944134078212,0.12279365921787709,0.25132085697730183
train,0,0.051734375,0.16145251396648044,0.008352644902234637,0.32043090397923873
train,4,0.10925,0.3656983240223463,0.039952541899441335,0.2987435074854874
train,4,0.10693749999999999,0.29351955307262567,0.031388247206703905,0.3643283688618196
train,4,0.16404687499999998,0.3365921787709497,0.05521689507681563,0.48737577800829873
train,4,0.16984375000000002,0.6108659217877095,0.1037517589036313,0.2780376903379213
train,0,0.091609375,0.16273743016759776,0.014908274266759777,0.5629275017164436
train,4,0.12009375,0.290391061452514,0.03487415153631285,0.413558700461716
train,4,0.061421875,0.14921787709497208,0.009165241794692738,0.41162544459004113
train,4,0.19071875,0.40882681564245815,0.07797093924581006,0.46650254509428796
train,4,0.160375,0.5515642458100559,0.08845711592178772,0.2907639521928491
train,0,0.091609375,0.16273743016759776,0.014908274266759777,0.5629275017164436
train,4,0.079515625,0.2131005586592179,0.016944824109636873,0.3731366332415782
train,4,0.061421875,0.14921787709497208,0.009165241794692738,0.41162544459004113
train,4,0.19071875,0.40882681564245815,0.07797093924581006,0.46650254509428796
train,4,0.160375,0.5515642458100559,0.08845711592178772,0.2907639521928491
train,0,0.091609375,0.16273743016759776,0.014908274266759777,0.5629275017164436
train,4,0.079515625,0.2131005586592179,0.016944824109636873,0.3731366332415782
train,4,0.175171875,0.5842737430167597,0.10234832707751396,0.29981130778792375
train,4,0.159,0.6025139664804469,0.09579972067039105,0.263894297635605
train,0,0.06109375,0.15972067039106144,0.00975793470670391,0.3825037163343827
train,4,0.0763125,0.0935754189944134,0.007140974162011173,0.815518656716418
train,4,0.045609375,0.07620111731843576,0.003475485335195531,0.5985394519794721
train,4,0.21628124999999998,0.6104189944134079,0.13202218313547487,0.3543160550038896
train,0,0.05803125,0.1320391061452514,0.007662394378491621,0.43950047598899933
train,4,0.150859375,0.4838826815642458,0.07299823891410614,0.3117684941984645
train,0,0.06351562499999999,0.22530726256983238,0.014310531599162008,0.28190669166873294
train,4,0.120125,0.16472067039106145,0.019787070530726255,0.7292648804476852
train,4,0.187046875,0.6213966480446927,0.11623030115223464,0.30101043446012765
train,4,0.065078125,0.17472067039106146,0.011370493627793297,0.3724695243804956
train,4,0.0696875,0.15466480446927375,0.010778203561452515,0.45057115766660644
train,4,0.074984375,0.19575418994413407,0.014678505586592179,0.3830537421518265
train,0,0.105671875,0.14807262569832402,0.015647111993715084,0.7136489577438219
train,4,0.080015625,0.1479050279329609,0.011834713250698325,0.5409932719546743
train,4,0.136984375,0.48958100558659223,0.06706494806215084,0.279799202658755
train,4,0.041734375000000004,0.1440782122905028,0.006013014141061453,0.28966471985265607
train,4,0.05215625,0.14212290502793296,0.007412597765363129,0.3669799036949686
train,4,0.080015625,0.1479050279329609,0.011834713250698325,0.5409932719546743
train,4,0.136984375,0.48958100558659223,0.06706494806215084,0.279799202658755
train,4,0.041734375000000004,0.1440782122905028,0.006013014141061453,0.28966471985265607
train,4,0.05215625,0.14212290502793296,0.007412597765363129,0.3669799036949686
train,5,0.166875,0.5946648044692737,0.09923468924581005,0.2806202733806191
train,5,0.17853125,0.6043854748603352,0.10790169430865923,0.2953930189028054
train,0,0.066359375,0.17910614525139665,0.011885371857541899,0.37050306066749844
train,0,0.068453125,0.16212290502793295,0.011097819483240222,0.42222981995175746
train,4,0.1173125,0.44653631284916206,0.052384291201117324,0.26271659577129985
train,4,0.05746875,0.13072625698324022,0.007512674581005586,0.4396113782051282
train,4,0.04965625,0.12332402234636872,0.006123808484636871,0.40264864099660247
train,4,0.05284375,0.16053072625698322,0.008483045565642458,0.32918152949364893
train,4,0.1173125,0.44653631284916206,0.052384291201117324,0.26271659577129985
train,4,0.05746875,0.13072625698324022,0.007512674581005586,0.4396113782051282
train,4,0.04965625,0.12332402234636872,0.006123808484636871,0.40264864099660247
train,4,0.05284375,0.16053072625698322,0.008483045565642458,0.32918152949364893
train,4,0.1173125,0.44653631284916206,0.052384291201117324,0.26271659577129985
train,4,0.05746875,0.13072625698324022,0.007512674581005586,0.4396113782051282
train,4,0.1173125,0.44653631284916206,0.052384291201117324,0.26271659577129985
train,4,0.05746875,0.13072625698324022,0.007512674581005586,0.4396113782051282
train,4,0.105546875,0.468268156424581,0.04942424057262569,0.22539836107134337
train,4,0.07484375,0.4614245810055866,0.03453474598463687,0.16220148011380833
train,4,0.1173125,0.44653631284916206,0.052384291201117324,0.26271659577129985
train,0,0.047593750000000004,0.0664245810055866,0.0031613949022346374,0.716508095037847
train,4,0.0435,0.1073463687150838,0.004669567039106145,0.4052302888368462
train,5,0.166875,0.5946648044692737,0.09923468924581005,0.2806202733806191
train,5,0.17853125,0.6043854748603352,0.10790169430865923,0.2953930189028054
train,0,0.066359375,0.17910614525139665,0.011885371857541899,0.37050306066749844
train,0,0.068453125,0.16212290502793295,0.011097819483240222,0.42222981995175746
train,5,0.166875,0.5946648044692737,0.09923468924581005,0.2806202733806191
train,5,0.17853125,0.6043854748603352,0.10790169430865923,0.2953930189028054
train,0,0.066359375,0.17910614525139665,0.011885371857541899,0.37050306066749844
train,0,0.068453125,0.16212290502793295,0.011097819483240222,0.42222981995175746
train,5,0.166875,0.5946648044692737,0.09923468924581005,0.2806202733806191
train,5,0.17853125,0.6043854748603352,0.10790169430865923,0.2953930189028054
train,0,0.066359375,0.17910614525139665,0.011885371857541899,0.37050306066749844
train,0,0.068453125,0.16212290502793295,0.011097819483240222,0.42222981995175746
train,5,0.166875,0.5946648044692737,0.09923468924581005,0.2806202733806191
train,5,0.17853125,0.6043854748603352,0.10790169430865923,0.2953930189028054
train,0,0.066359375,0.17910614525139665,0.011885371857541899,0.37050306066749844
train,0,0.068453125,0.16212290502793295,0.011097819483240222,0.42222981995175746
train,5,0.166875,0.5946648044692737,0.09923468924581005,0.2806202733806191
train,5,0.17853125,0.6043854748603352,0.10790169430865923,0.2953930189028054
train,0,0.08034375,0.11279329608938549,0.009062236382681567,0.7123096210995542
train,0,0.10232812499999999,0.12888268156424582,0.01318832314944134,0.7939633452535759
train,5,0.166875,0.5946648044692737,0.09923468924581005,0.2806202733806191
train,5,0.17853125,0.6043854748603352,0.10790169430865923,0.2953930189028054
train,0,0.08034375,0.11279329608938549,0.009062236382681567,0.7123096210995542
train,0,0.10232812499999999,0.12888268156424582,0.01318832314944134,0.7939633452535759
train,5,0.166875,0.5946648044692737,0.09923468924581005,0.2806202733806191
train,5,0.17853125,0.6043854748603352,0.10790169430865923,0.2953930189028054
train,0,0.08034375,0.11279329608938549,0.009062236382681567,0.7123096210995542
train,0,0.10232812499999999,0.12888268156424582,0.01318832314944134,0.7939633452535759
train,4,0.105546875,0.468268156424581,0.04942424057262569,0.22539836107134337
train,4,0.07484375,0.4614245810055866,0.03453474598463687,0.16220148011380833
train,5,0.166875,0.5946648044692737,0.09923468924581005,0.2806202733806191
train,5,0.17853125,0.6043854748603352,0.10790169430865923,0.2953930189028054
train,0,0.08034375,0.11279329608938549,0.009062236382681567,0.7123096210995542
train,0,0.10232812499999999,0.12888268156424582,0.01318832314944134,0.7939633452535759
train,5,0.166875,0.5946648044692737,0.09923468924581005,0.2806202733806191
train,5,0.17853125,0.6043854748603352,0.10790169430865923,0.2953930189028054
train,0,0.08034375,0.11279329608938549,0.009062236382681567,0.7123096210995542
train,0,0.10232812499999999,0.12888268156424582,0.01318832314944134,0.7939633452535759
train,5,0.166875,0.5946648044692737,0.09923468924581005,0.2806202733806191
train,5,0.17853125,0.6043854748603352,0.10790169430865923,0.2953930189028054
train,0,0.08034375,0.11279329608938549,0.009062236382681567,0.7123096210995542
train,0,0.10232812499999999,0.12888268156424582,0.01318832314944134,0.7939633452535759
train,5,0.166875,0.5946648044692737,0.09923468924581005,0.2806202733806191
train,5,0.17853125,0.6043854748603352,0.10790169430865923,0.2953930189028054
train,0,0.08034375,0.11279329608938549,0.009062236382681567,0.7123096210995542
train,0,0.10232812499999999,0.12888268156424582,0.01318832314944134,0.7939633452535759
train,2,0.166875,0.5946648044692737,0.09923468924581005,0.2806202733806191
train,2,0.17853125,0.6043854748603352,0.10790169430865923,0.2953930189028054
train,0,0.08034375,0.11279329608938549,0.009062236382681567,0.7123096210995542
train,0,0.10232812499999999,0.12888268156424582,0.01318832314944134,0.7939633452535759
train,4,0.09159375,0.31687150837988826,0.02902344972067039,0.28905643952750354
train,5,0.166875,0.5946648044692737,0.09923468924581005,0.2806202733806191
train,5,0.17853125,0.6043854748603352,0.10790169430865923,0.2953930189028054
train,0,0.08034375,0.11279329608938549,0.009062236382681567,0.7123096210995542
train,0,0.10232812499999999,0.12888268156424582,0.01318832314944134,0.7939633452535759
train,1,0.058374999999999996,0.07497206703910614,0.004376494413407821,0.7786233233979136
train,1,0.033953125,0.09217877094972067,0.0031297573324022346,0.3683399621212121
train,4,0.1408125,0.32516759776536314,0.0457876623603352,0.4330459152993729
train,5,0.166875,0.5946648044692737,0.09923468924581005,0.2806202733806191
train,5,0.17853125,0.6043854748603352,0.10790169430865923,0.2953930189028054
train,0,0.08034375,0.11279329608938549,0.009062236382681567,0.7123096210995542
train,0,0.10232812499999999,0.12888268156424582,0.01318832314944134,0.7939633452535759
train,1,0.058374999999999996,0.07497206703910614,0.004376494413407821,0.7786233233979136
train,1,0.033953125,0.09217877094972067,0.0031297573324022346,0.3683399621212121
train,4,0.1408125,0.32516759776536314,0.0457876623603352,0.4330459152993729
train,5,0.166875,0.5946648044692737,0.09923468924581005,0.2806202733806191
train,5,0.17853125,0.6043854748603352,0.10790169430865923,0.2953930189028054
train,0,0.08034375,0.11279329608938549,0.009062236382681567,0.7123096210995542
train,0,0.10232812499999999,0.12888268156424582,0.01318832314944134,0.7939633452535759
train,1,0.058374999999999996,0.07497206703910614,0.004376494413407821,0.7786233233979136
train,4,0.1408125,0.32516759776536314,0.0457876623603352,0.4330459152993729
train,4,0.105546875,0.468268156424581,0.04942424057262569,0.22539836107134337
train,4,0.07484375,0.4614245810055866,0.03453474598463687,0.16220148011380833
train,5,0.166875,0.5946648044692737,0.09923468924581005,0.2806202733806191
train,5,0.17853125,0.6043854748603352,0.10790169430865923,0.2953930189028054
train,0,0.08034375,0.11279329608938549,0.009062236382681567,0.7123096210995542
train,0,0.10232812499999999,0.12888268156424582,0.01318832314944134,0.7939633452535759
train,4,0.1408125,0.32516759776536314,0.0457876623603352,0.4330459152993729
train,0,0.076578125,0.17949720670391062,0.013745559532122904,0.42662571973233737
train,5,0.165703125,0.3237709497206704,0.05364985815293296,0.5117912065395566
train,5,0.17853125,0.3182960893854749,0.05682579870810056,0.5608967749012724
train,4,0.1408125,0.32516759776536314,0.0457876623603352,0.4330459152993729
train,0,0.076578125,0.17949720670391062,0.013745559532122904,0.42662571973233737
train,5,0.165703125,0.3237709497206704,0.05364985815293296,0.5117912065395566
train,5,0.17853125,0.3182960893854749,0.05682579870810056,0.5608967749012724
train,4,0.1408125,0.32516759776536314,0.0457876623603352,0.4330459152993729
train,0,0.076578125,0.17949720670391062,0.013745559532122904,0.42662571973233737
train,5,0.165703125,0.3237709497206704,0.05364985815293296,0.5117912065395566
train,5,0.21423437500000003,0.31594972067039107,0.06768729093924582,0.6780647710193618
train,4,0.1408125,0.32516759776536314,0.0457876623603352,0.4330459152993729
train,0,0.0733125,0.24,0.017595,0.30546875
train,5,0.165703125,0.3237709497206704,0.05364985815293296,0.5117912065395566
train,5,0.21423437500000003,0.31594972067039107,0.06768729093924582,0.6780647710193618
train,4,0.1408125,0.32516759776536314,0.0457876623603352,0.4330459152993729
train,0,0.0733125,0.24,0.017595,0.30546875
train,5,0.165703125,0.3237709497206704,0.05364985815293296,0.5117912065395566
train,5,0.21423437500000003,0.31594972067039107,0.06768729093924582,0.6780647710193618
train,4,0.1408125,0.32516759776536314,0.0457876623603352,0.4330459152993729
train,0,0.0733125,0.24,0.017595,0.30546875
train,4,0.105546875,0.468268156424581,0.04942424057262569,0.22539836107134337
train,4,0.100953125,0.5002793296089385,0.05050476169692737,0.2017935161920715
train,0,0.05234375,0.14664804469273743,0.007676108589385475,0.35693452380952384
train,0,0.05271875,0.14067039106145252,0.00741596717877095,0.37476792096902306
train,5,0.165703125,0.3237709497206704,0.05364985815293296,0.5117912065395566
train,5,0.21423437500000003,0.31594972067039107,0.06768729093924582,0.6780647710193618
train,4,0.147828125,0.2436871508379888,0.036023814594972066,0.6066307743007795
train,5,0.165703125,0.3237709497206704,0.05364985815293296,0.5117912065395566
train,5,0.21423437500000003,0.31594972067039107,0.06768729093924582,0.6780647710193618
train,4,0.147828125,0.2436871508379888,0.036023814594972066,0.6066307743007795
train,5,0.165703125,0.3237709497206704,0.05364985815293296,0.5117912065395566
train,5,0.21423437500000003,0.31594972067039107,0.06768729093924582,0.6780647710193618
train,4,0.147828125,0.2436871508379888,0.036023814594972066,0.6066307743007795
train,5,0.165703125,0.3237709497206704,0.05364985815293296,0.5117912065395566
train,5,0.21423437500000003,0.31594972067039107,0.06768729093924582,0.6780647710193618
train,4,0.147828125,0.2436871508379888,0.036023814594972066,0.6066307743007795
train,5,0.165703125,0.3237709497206704,0.05364985815293296,0.5117912065395566
train,5,0.21423437500000003,0.31594972067039107,0.06768729093924582,0.6780647710193618
train,4,0.147828125,0.2436871508379888,0.036023814594972066,0.6066307743007795
train,5,0.165703125,0.3237709497206704,0.05364985815293296,0.5117912065395566
train,5,0.21423437500000003,0.31594972067039107,0.06768729093924582,0.6780647710193618
train,4,0.147828125,0.2436871508379888,0.036023814594972066,0.6066307743007795
train,5,0.165703125,0.3237709497206704,0.05364985815293296,0.5117912065395566
train,5,0.21423437500000003,0.31594972067039107,0.06768729093924582,0.6780647710193618
train,4,0.147828125,0.2436871508379888,0.036023814594972066,0.6066307743007795
train,4,0.105546875,0.468268156424581,0.04942424057262569,0.22539836107134337
train,4,0.100953125,0.5002793296089385,0.05050476169692737,0.2017935161920715
train,0,0.05234375,0.14664804469273743,0.007676108589385475,0.35693452380952384
train,0,0.05271875,0.14067039106145252,0.00741596717877095,0.37476792096902306
train,5,0.165703125,0.3237709497206704,0.05364985815293296,0.5117912065395566
train,5,0.21423437500000003,0.31594972067039107,0.06768729093924582,0.6780647710193618
train,4,0.147828125,0.2436871508379888,0.036023814594972066,0.6066307743007795
train,5,0.165703125,0.3237709497206704,0.05364985815293296,0.5117912065395566
train,5,0.21423437500000003,0.31594972067039107,0.06768729093924582,0.6780647710193618
train,4,0.147828125,0.2436871508379888,0.036023814594972066,0.6066307743007795
train,5,0.165703125,0.3237709497206704,0.05364985815293296,0.5117912065395566
train,5,0.21423437500000003,0.31594972067039107,0.06768729093924582,0.6780647710193618
train,4,0.147828125,0.2436871508379888,0.036023814594972066,0.6066307743007795
train,5,0.165703125,0.3237709497206704,0.05364985815293296,0.5117912065395566
train,5,0.21423437500000003,0.31594972067039107,0.06768729093924582,0.6780647710193618
train,4,0.147828125,0.2436871508379888,0.036023814594972066,0.6066307743007795
train,5,0.165703125,0.3237709497206704,0.05364985815293296,0.5117912065395566
train,5,0.21423437500000003,0.31594972067039107,0.06768729093924582,0.6780647710193618
train,4,0.147828125,0.2436871508379888,0.036023814594972066,0.6066307743007795
train,5,0.165703125,0.3237709497206704,0.05364985815293296,0.5117912065395566
train,5,0.21423437500000003,0.31594972067039107,0.06768729093924582,0.6780647710193618
train,4,0.147828125,0.2436871508379888,0.036023814594972066,0.6066307743007795
train,5,0.165703125,0.3237709497206704,0.05364985815293296,0.5117912065395566
train,5,0.21423437500000003,0.31594972067039107,0.06768729093924582,0.6780647710193618
train,4,0.147828125,0.2436871508379888,0.036023814594972066,0.6066307743007795
train,5,0.165703125,0.3237709497206704,0.05364985815293296,0.5117912065395566
train,5,0.21423437500000003,0.31594972067039107,0.06768729093924582,0.6780647710193618
train,4,0.147828125,0.2436871508379888,0.036023814594972066,0.6066307743007795
train,5,0.165703125,0.3237709497206704,0.05364985815293296,0.5117912065395566
train,5,0.21423437500000003,0.31594972067039107,0.06768729093924582,0.6780647710193618
train,4,0.147828125,0.2436871508379888,0.036023814594972066,0.6066307743007795
train,5,0.165703125,0.3237709497206704,0.05364985815293296,0.5117912065395566
train,5,0.21423437500000003,0.31594972067039107,0.06768729093924582,0.6780647710193618
train,4,0.147828125,0.2436871508379888,0.036023814594972066,0.6066307743007795
train,5,0.165703125,0.3237709497206704,0.05364985815293296,0.5117912065395566
train,5,0.21423437500000003,0.31594972067039107,0.06768729093924582,0.6780647710193618
train,4,0.147828125,0.2436871508379888,0.036023814594972066,0.6066307743007795
train,5,0.165703125,0.3237709497206704,0.05364985815293296,0.5117912065395566
train,5,0.21423437500000003,0.31594972067039107,0.06768729093924582,0.6780647710193618
train,4,0.147828125,0.2436871508379888,0.036023814594972066,0.6066307743007795
train,5,0.1830625,0.33432960893854746,0.06120321403631284,0.5475509649928983
train,5,0.21423437500000003,0.31594972067039107,0.06768729093924582,0.6780647710193618
train,4,0.147828125,0.2436871508379888,0.036023814594972066,0.6066307743007795
train,5,0.1830625,0.33432960893854746,0.06120321403631284,0.5475509649928983
train,5,0.21423437500000003,0.31594972067039107,0.06768729093924582,0.6780647710193618
train,4,0.147828125,0.2436871508379888,0.036023814594972066,0.6066307743007795
train,5,0.1830625,0.33432960893854746,0.06120321403631284,0.5475509649928983
train,5,0.21423437500000003,0.31594972067039107,0.06768729093924582,0.6780647710193618
train,4,0.147828125,0.2436871508379888,0.036023814594972066,0.6066307743007795
train,5,0.1830625,0.33432960893854746,0.06120321403631284,0.5475509649928983
train,5,0.21423437500000003,0.31594972067039107,0.06768729093924582,0.6780647710193618
train,4,0.147828125,0.2436871508379888,0.036023814594972066,0.6066307743007795
train,5,0.1830625,0.33432960893854746,0.06120321403631284,0.5475509649928983
train,5,0.21423437500000003,0.31594972067039107,0.06768729093924582,0.6780647710193618
train,4,0.147828125,0.2436871508379888,0.036023814594972066,0.6066307743007795
train,5,0.1830625,0.33432960893854746,0.06120321403631284,0.5475509649928983
train,5,0.21423437500000003,0.31594972067039107,0.06768729093924582,0.6780647710193618
train,4,0.147828125,0.2436871508379888,0.036023814594972066,0.6066307743007795
train,4,0.1658125,0.5861452513966481,0.0971902094972067,0.2828863658025162
train,4,0.127953125,0.5140782122905028,0.06577791375698323,0.2488981675179309
train,0,0.05234375,0.14664804469273743,0.007676108589385475,0.35693452380952384
train,0,0.05271875,0.14067039106145252,0.00741596717877095,0.37476792096902306
train,5,0.1830625,0.33432960893854746,0.06120321403631284,0.5475509649928983
train,5,0.21423437500000003,0.31594972067039107,0.06768729093924582,0.6780647710193618
train,4,0.147828125,0.2436871508379888,0.036023814594972066,0.6066307743007795
train,5,0.1830625,0.33432960893854746,0.06120321403631284,0.5475509649928983
train,5,0.21423437500000003,0.31594972067039107,0.06768729093924582,0.6780647710193618
train,4,0.147828125,0.2436871508379888,0.036023814594972066,0.6066307743007795
train,5,0.1830625,0.33432960893854746,0.06120321403631284,0.5475509649928983
train,5,0.21423437500000003,0.31594972067039107,0.06768729093924582,0.6780647710193618
train,4,0.147828125,0.2436871508379888,0.036023814594972066,0.6066307743007795
train,5,0.1830625,0.33432960893854746,0.06120321403631284,0.5475509649928983
train,5,0.21423437500000003,0.31594972067039107,0.06768729093924582,0.6780647710193618
train,4,0.147828125,0.2436871508379888,0.036023814594972066,0.6066307743007795
train,5,0.1830625,0.33432960893854746,0.06120321403631284,0.5475509649928983
train,5,0.21423437500000003,0.31594972067039107,0.06768729093924582,0.6780647710193618
train,4,0.147828125,0.2436871508379888,0.036023814594972066,0.6066307743007795
train,5,0.1830625,0.33432960893854746,0.06120321403631284,0.5475509649928983
train,2,0.21423437500000003,0.31594972067039107,0.06768729093924582,0.6780647710193618
train,4,0.147828125,0.2436871508379888,0.036023814594972066,0.6066307743007795
train,1,0.052578124999999996,0.12525139664804472,0.006585483589385476,0.4197807482158786
train,5,0.1830625,0.33432960893854746,0.06120321403631284,0.5475509649928983
train,2,0.21423437500000003,0.31594972067039107,0.06768729093924582,0.6780647710193618
train,4,0.147828125,0.2436871508379888,0.036023814594972066,0.6066307743007795
train,1,0.052578124999999996,0.12525139664804472,0.006585483589385476,0.4197807482158786
train,5,0.1830625,0.33432960893854746,0.06120321403631284,0.5475509649928983
train,5,0.21423437500000003,0.31594972067039107,0.06768729093924582,0.6780647710193618
train,4,0.147828125,0.2436871508379888,0.036023814594972066,0.6066307743007795
train,1,0.052578124999999996,0.12525139664804472,0.006585483589385476,0.4197807482158786
train,2,0.1830625,0.33432960893854746,0.06120321403631284,0.5475509649928983
train,5,0.21423437500000003,0.31594972067039107,0.06768729093924582,0.6780647710193618
train,4,0.147828125,0.2436871508379888,0.036023814594972066,0.6066307743007795
train,1,0.052578124999999996,0.12525139664804472,0.006585483589385476,0.4197807482158786
train,1,0.0710625,0.10614525139664804,0.0075429469273743015,0.669483552631579
train,4,0.1658125,0.5861452513966481,0.0971902094972067,0.2828863658025162
train,4,0.127953125,0.5140782122905028,0.06577791375698323,0.2488981675179309
train,0,0.05234375,0.14664804469273743,0.007676108589385475,0.35693452380952384
train,0,0.05271875,0.14067039106145252,0.00741596717877095,0.37476792096902306
train,5,0.1830625,0.33432960893854746,0.06120321403631284,0.5475509649928983
train,5,0.21423437500000003,0.31594972067039107,0.06768729093924582,0.6780647710193618
train,4,0.147828125,0.2436871508379888,0.036023814594972066,0.6066307743007795
train,1,0.0710625,0.10614525139664804,0.0075429469273743015,0.669483552631579
train,5,0.1830625,0.33432960893854746,0.06120321403631284,0.5475509649928983
train,5,0.21423437500000003,0.31594972067039107,0.06768729093924582,0.6780647710193618
train,4,0.147828125,0.2436871508379888,0.036023814594972066,0.6066307743007795
train,5,0.1830625,0.33432960893854746,0.06120321403631284,0.5475509649928983
train,5,0.21423437500000003,0.31594972067039107,0.06768729093924582,0.6780647710193618
train,4,0.147828125,0.2436871508379888,0.036023814594972066,0.6066307743007795
train,5,0.1830625,0.33432960893854746,0.06120321403631284,0.5475509649928983
train,5,0.21423437500000003,0.31594972067039107,0.06768729093924582,0.6780647710193618
train,4,0.147828125,0.2436871508379888,0.036023814594972066,0.6066307743007795
train,5,0.1830625,0.33432960893854746,0.06120321403631284,0.5475509649928983
train,5,0.21423437500000003,0.31594972067039107,0.06768729093924582,0.6780647710193618
train,4,0.147828125,0.2436871508379888,0.036023814594972066,0.6066307743007795
train,5,0.1830625,0.33432960893854746,0.06120321403631284,0.5475509649928983
train,5,0.21423437500000003,0.31594972067039107,0.06768729093924582,0.6780647710193618
train,4,0.147828125,0.2436871508379888,0.036023814594972066,0.6066307743007795
train,5,0.1830625,0.33432960893854746,0.06120321403631284,0.5475509649928983
train,5,0.21423437500000003,0.31594972067039107,0.06768729093924582,0.6780647710193618
train,4,0.147828125,0.2436871508379888,0.036023814594972066,0.6066307743007795
train,5,0.1830625,0.33432960893854746,0.06120321403631284,0.5475509649928983
train,5,0.21423437500000003,0.31594972067039107,0.06768729093924582,0.6780647710193618
train,4,0.147828125,0.2436871508379888,0.036023814594972066,0.6066307743007795
train,5,0.1830625,0.33432960893854746,0.06120321403631284,0.5475509649928983
train,5,0.21423437500000003,0.31594972067039107,0.06768729093924582,0.6780647710193618
train,4,0.147828125,0.2436871508379888,0.036023814594972066,0.6066307743007795
train,4,0.1658125,0.5861452513966481,0.0971902094972067,0.2828863658025162
train,4,0.127953125,0.5140782122905028,0.06577791375698323,0.2488981675179309
train,0,0.05234375,0.14664804469273743,0.007676108589385475,0.35693452380952384
train,0,0.05271875,0.14067039106145252,0.00741596717877095,0.37476792096902306
train,5,0.1830625,0.33432960893854746,0.06120321403631284,0.5475509649928983
train,5,0.21423437500000003,0.31594972067039107,0.06768729093924582,0.6780647710193618
train,4,0.147828125,0.2436871508379888,0.036023814594972066,0.6066307743007795
train,4,0.1830625,0.33432960893854746,0.06120321403631284,0.5475509649928983
train,4,0.21423437500000003,0.31594972067039107,0.06768729093924582,0.6780647710193618
train,4,0.147828125,0.2436871508379888,0.036023814594972066,0.6066307743007795
train,4,0.1830625,0.33432960893854746,0.06120321403631284,0.5475509649928983
train,4,0.21423437500000003,0.31594972067039107,0.06768729093924582,0.6780647710193618
train,4,0.147828125,0.2436871508379888,0.036023814594972066,0.6066307743007795
train,4,0.1830625,0.33432960893854746,0.06120321403631284,0.5475509649928983
train,4,0.21423437500000003,0.31594972067039107,0.06768729093924582,0.6780647710193618
train,4,0.147828125,0.2436871508379888,0.036023814594972066,0.6066307743007795
train,4,0.1830625,0.33432960893854746,0.06120321403631284,0.5475509649928983
train,4,0.21423437500000003,0.31594972067039107,0.06768729093924582,0.6780647710193618
train,4,0.147828125,0.2436871508379888,0.036023814594972066,0.6066307743007795
train,4,0.15421875000000002,0.23659217877094973,0.03648695006983241,0.6518336776859505
train,5,0.16515625,0.25511173184357544,0.042133296962290505,0.6473879064929376
train,2,0.17628125,0.34589385474860335,0.060974601082402234,0.5096397278527013
train,1,0.055343750000000004,0.1656145251396648,0.009165728875698324,0.334172077922078
train,4,0.15421875000000002,0.23659217877094973,0.03648695006983241,0.6518336776859505
train,4,0.16515625,0.25511173184357544,0.042133296962290505,0.6473879064929376
train,2,0.17628125,0.34589385474860335,0.060974601082402234,0.5096397278527013
train,1,0.055343750000000004,0.1656145251396648,0.009165728875698324,0.334172077922078
train,4,0.15421875000000002,0.23659217877094973,0.03648695006983241,0.6518336776859505
train,4,0.16515625,0.25511173184357544,0.042133296962290505,0.6473879064929376
train,5,0.17628125,0.34589385474860335,0.060974601082402234,0.5096397278527013
train,1,0.06071875,0.1380167597765363,0.008380205132681564,0.43993751264926134
train,4,0.15421875000000002,0.23659217877094973,0.03648695006983241,0.6518336776859505
train,4,0.16515625,0.25511173184357544,0.042133296962290505,0.6473879064929376
train,5,0.17628125,0.34589385474860335,0.060974601082402234,0.5096397278527013
train,1,0.06071875,0.1380167597765363,0.008380205132681564,0.43993751264926134
train,4,0.105546875,0.468268156424581,0.04942424057262569,0.22539836107134337
train,4,0.06734375000000001,0.18642458100558656,0.012554530377094971,0.3612385750674259
train,4,0.15421875000000002,0.23659217877094973,0.03648695006983241,0.6518336776859505
train,5,0.16515625,0.25511173184357544,0.042133296962290505,0.6473879064929376
train,5,0.17628125,0.34589385474860335,0.060974601082402234,0.5096397278527013
train,4,0.15421875000000002,0.23659217877094973,0.03648695006983241,0.6518336776859505
train,5,0.16515625,0.25511173184357544,0.042133296962290505,0.6473879064929376
train,5,0.17628125,0.34589385474860335,0.060974601082402234,0.5096397278527013
train,4,0.15421875000000002,0.23659217877094973,0.03648695006983241,0.6518336776859505
train,5,0.16515625,0.25511173184357544,0.042133296962290505,0.6473879064929376
train,5,0.17628125,0.34589385474860335,0.060974601082402234,0.5096397278527013
train,4,0.15421875000000002,0.23659217877094973,0.03648695006983241,0.6518336776859505
train,5,0.16515625,0.25511173184357544,0.042133296962290505,0.6473879064929376
train,5,0.17628125,0.34589385474860335,0.060974601082402234,0.5096397278527013
train,4,0.15421875000000002,0.23659217877094973,0.03648695006983241,0.6518336776859505
train,5,0.16515625,0.25511173184357544,0.042133296962290505,0.6473879064929376
train,5,0.17628125,0.34589385474860335,0.060974601082402234,0.5096397278527013
train,4,0.077859375,0.33022346368715083,0.025710992493016758,0.23577784004398578
train,4,0.0476875,0.25594972067039107,0.012205602304469274,0.18631588999236057
train,4,0.15421875000000002,0.23659217877094973,0.03648695006983241,0.6518336776859505
train,5,0.16515625,0.25511173184357544,0.042133296962290505,0.6473879064929376
train,5,0.17628125,0.34589385474860335,0.060974601082402234,0.5096397278527013
train,4,0.077859375,0.33022346368715083,0.025710992493016758,0.23577784004398578
train,4,0.0476875,0.25594972067039107,0.012205602304469274,0.18631588999236057
train,4,0.15421875000000002,0.23659217877094973,0.03648695006983241,0.6518336776859505
train,5,0.16515625,0.25511173184357544,0.042133296962290505,0.6473879064929376
train,5,0.17628125,0.34589385474860335,0.060974601082402234,0.5096397278527013
train,4,0.077859375,0.33022346368715083,0.025710992493016758,0.23577784004398578
train,4,0.0476875,0.25594972067039107,0.012205602304469274,0.18631588999236057
train,4,0.15421875000000002,0.23659217877094973,0.03648695006983241,0.6518336776859505
train,5,0.16515625,0.25511173184357544,0.042133296962290505,0.6473879064929376
train,5,0.17628125,0.34589385474860335,0.060974601082402234,0.5096397278527013
train,4,0.077859375,0.33022346368715083,0.025710992493016758,0.23577784004398578
train,4,0.0476875,0.25594972067039107,0.012205602304469274,0.18631588999236057
train,4,0.15421875000000002,0.23659217877094973,0.03648695006983241,0.6518336776859505
train,5,0.16515625,0.25511173184357544,0.042133296962290505,0.6473879064929376
train,5,0.17628125,0.34589385474860335,0.060974601082402234,0.5096397278527013
train,4,0.077859375,0.33022346368715083,0.025710992493016758,0.23577784004398578
train,4,0.15421875000000002,0.23659217877094973,0.03648695006983241,0.6518336776859505
train,5,0.16515625,0.25511173184357544,0.042133296962290505,0.6473879064929376
train,5,0.17628125,0.34589385474860335,0.060974601082402234,0.5096397278527013
train,4,0.077859375,0.33022346368715083,0.025710992493016758,0.23577784004398578
train,4,0.15421875000000002,0.23659217877094973,0.03648695006983241,0.6518336776859505
train,5,0.16515625,0.25511173184357544,0.042133296962290505,0.6473879064929376
train,5,0.17628125,0.34589385474860335,0.060974601082402234,0.5096397278527013
train,4,0.077859375,0.33022346368715083,0.025710992493016758,0.23577784004398578
train,4,0.15928124999999999,0.5916480446927375,0.09423844011871509,0.2692162197252254
train,4,0.1658125,0.5861452513966481,0.0971902094972067,0.2828863658025162
train,0,0.066359375,0.17910614525139665,0.011885371857541899,0.37050306066749844
train,0,0.068453125,0.16212290502793295,0.011097819483240222,0.42222981995175746
train,4,0.15421875000000002,0.23659217877094973,0.03648695006983241,0.6518336776859505
train,5,0.16515625,0.25511173184357544,0.042133296962290505,0.6473879064929376
train,5,0.17628125,0.34589385474860335,0.060974601082402234,0.5096397278527013
train,4,0.077859375,0.33022346368715083,0.025710992493016758,0.23577784004398578
train,2,0.15421875000000002,0.23659217877094973,0.03648695006983241,0.6518336776859505
train,5,0.16515625,0.25511173184357544,0.042133296962290505,0.6473879064929376
train,5,0.17628125,0.34589385474860335,0.060974601082402234,0.5096397278527013
train,1,0.041140625,0.06192737430167598,0.0025477308833798886,0.6643366599007667
train,2,0.15421875000000002,0.23659217877094973,0.03648695006983241,0.6518336776859505
train,5,0.16515625,0.25511173184357544,0.042133296962290505,0.6473879064929376
train,5,0.17628125,0.34589385474860335,0.060974601082402234,0.5096397278527013
train,1,0.041140625,0.061899441340782124,0.0025465817039106147,0.6646364508122744
train,2,0.15421875000000002,0.23659217877094973,0.03648695006983241,0.6518336776859505
train,5,0.16515625,0.25511173184357544,0.042133296962290505,0.6473879064929376
train,5,0.17628125,0.34589385474860335,0.060974601082402234,0.5096397278527013
train,1,0.041140625,0.061899441340782124,0.0025465817039106147,0.6646364508122744
train,2,0.15421875000000002,0.23659217877094973,0.03648695006983241,0.6518336776859505
train,5,0.16515625,0.25511173184357544,0.042133296962290505,0.6473879064929376
train,5,0.17628125,0.34589385474860335,0.060974601082402234,0.5096397278527013
train,1,0.041140625,0.061899441340782124,0.0025465817039106147,0.6646364508122744
train,2,0.15421875000000002,0.23659217877094973,0.03648695006983241,0.6518336776859505
train,2,0.16515625,0.25511173184357544,0.042133296962290505,0.6473879064929376
train,5,0.17628125,0.34589385474860335,0.060974601082402234,0.5096397278527013
train,1,0.041140625,0.061899441340782124,0.0025465817039106147,0.6646364508122744
train,1,0.067015625,0.08053072625698324,0.0053968169518156415,0.8321746011099549
train,2,0.15421875000000002,0.23659217877094973,0.03648695006983241,0.6518336776859505
train,2,0.16515625,0.25511173184357544,0.042133296962290505,0.6473879064929376
train,5,0.17628125,0.34589385474860335,0.060974601082402234,0.5096397278527013
train,1,0.04475,0.07220670391061453,0.0032312499999999997,0.6197485493230174
train,1,0.067015625,0.08053072625698324,0.0053968169518156415,0.8321746011099549
train,4,0.15928124999999999,0.5916480446927375,0.09423844011871509,0.2692162197252254
train,4,0.1658125,0.5861452513966481,0.0971902094972067,0.2828863658025162
train,0,0.066359375,0.17910614525139665,0.011885371857541899,0.37050306066749844
train,0,0.068453125,0.16212290502793295,0.011097819483240222,0.42222981995175746
train,5,0.15421875000000002,0.23659217877094973,0.03648695006983241,0.6518336776859505
train,2,0.16515625,0.25511173184357544,0.042133296962290505,0.6473879064929376
train,5,0.17628125,0.34589385474860335,0.060974601082402234,0.5096397278527013
train,1,0.067015625,0.08053072625698324,0.0053968169518156415,0.8321746011099549
train,5,0.15421875000000002,0.23659217877094973,0.03648695006983241,0.6518336776859505
train,2,0.16515625,0.25511173184357544,0.042133296962290505,0.6473879064929376
train,5,0.17628125,0.34589385474860335,0.060974601082402234,0.5096397278527013
train,1,0.067015625,0.08053072625698324,0.0053968169518156415,0.8321746011099549
train,5,0.15421875000000002,0.23659217877094973,0.03648695006983241,0.6518336776859505
train,2,0.16515625,0.25511173184357544,0.042133296962290505,0.6473879064929376
train,5,0.17628125,0.34589385474860335,0.060974601082402234,0.5096397278527013
train,1,0.067015625,0.08053072625698324,0.0053968169518156415,0.8321746011099549
train,5,0.15421875000000002,0.23659217877094973,0.03648695006983241,0.6518336776859505
train,2,0.16515625,0.25511173184357544,0.042133296962290505,0.6473879064929376
train,2,0.17628125,0.34589385474860335,0.060974601082402234,0.5096397278527013
train,1,0.067015625,0.08053072625698324,0.0053968169518156415,0.8321746011099549
train,5,0.15421875000000002,0.23659217877094973,0.03648695006983241,0.6518336776859505
train,2,0.16515625,0.25511173184357544,0.042133296962290505,0.6473879064929376
train,2,0.17628125,0.34589385474860335,0.060974601082402234,0.5096397278527013
train,1,0.067015625,0.08053072625698324,0.0053968169518156415,0.8321746011099549
train,5,0.15421875000000002,0.23659217877094973,0.03648695006983241,0.6518336776859505
train,2,0.16515625,0.25511173184357544,0.042133296962290505,0.6473879064929376
train,2,0.17628125,0.34589385474860335,0.060974601082402234,0.5096397278527013
train,1,0.067015625,0.08053072625698324,0.0053968169518156415,0.8321746011099549
train,5,0.15421875000000002,0.23659217877094973,0.03648695006983241,0.6518336776859505
train,4,0.16515625,0.25511173184357544,0.042133296962290505,0.6473879064929376
train,4,0.17628125,0.34589385474860335,0.060974601082402234,0.5096397278527013
train,5,0.15421875000000002,0.23659217877094973,0.03648695006983241,0.6518336776859505
train,4,0.16515625,0.25511173184357544,0.042133296962290505,0.6473879064929376
train,4,0.17628125,0.34589385474860335,0.060974601082402234,0.5096397278527013
train,5,0.15421875000000002,0.23659217877094973,0.03648695006983241,0.6518336776859505
train,4,0.16515625,0.25511173184357544,0.042133296962290505,0.6473879064929376
train,4,0.17628125,0.34589385474860335,0.060974601082402234,0.5096397278527013
train,5,0.15421875000000002,0.23659217877094973,0.03648695006983241,0.6518336776859505
train,4,0.16515625,0.25511173184357544,0.042133296962290505,0.6473879064929376
train,4,0.17628125,0.34589385474860335,0.060974601082402234,0.5096397278527013
train,5,0.15421875000000002,0.23659217877094973,0.03648695006983241,0.6518336776859505
train,4,0.16515625,0.25511173184357544,0.042133296962290505,0.6473879064929376
train,4,0.17628125,0.34589385474860335,0.060974601082402234,0.5096397278527013
train,5,0.15421875000000002,0.23659217877094973,0.03648695006983241,0.6518336776859505
train,4,0.16515625,0.25511173184357544,0.042133296962290505,0.6473879064929376
train,4,0.17628125,0.34589385474860335,0.060974601082402234,0.5096397278527013
train,4,0.15421875000000002,0.23659217877094973,0.03648695006983241,0.6518336776859505
train,4,0.16515625,0.25511173184357544,0.042133296962290505,0.6473879064929376
train,5,0.17628125,0.34589385474860335,0.060974601082402234,0.5096397278527013
train,4,0.15421875000000002,0.23659217877094973,0.03648695006983241,0.6518336776859505
train,4,0.16515625,0.25511173184357544,0.042133296962290505,0.6473879064929376
train,5,0.17628125,0.34589385474860335,0.060974601082402234,0.5096397278527013
train,4,0.15421875000000002,0.23659217877094973,0.03648695006983241,0.6518336776859505
train,4,0.16515625,0.25511173184357544,0.042133296962290505,0.6473879064929376
train,5,0.17628125,0.34589385474860335,0.060974601082402234,0.5096397278527013
train,4,0.15421875000000002,0.23659217877094973,0.03648695006983241,0.6518336776859505
train,4,0.16515625,0.25511173184357544,0.042133296962290505,0.6473879064929376
train,5,0.17628125,0.34589385474860335,0.060974601082402234,0.5096397278527013
train,4,0.15928124999999999,0.5916480446927375,0.09423844011871509,0.2692162197252254
train,4,0.17853125,0.6043854748603352,0.10790169430865923,0.2953930189028054
train,0,0.066359375,0.17910614525139665,0.011885371857541899,0.37050306066749844
train,0,0.068453125,0.16212290502793295,0.011097819483240222,0.42222981995175746
train,4,0.15421875000000002,0.23659217877094973,0.03648695006983241,0.6518336776859505
train,4,0.16515625,0.25511173184357544,0.042133296962290505,0.6473879064929376
train,5,0.17628125,0.34589385474860335,0.060974601082402234,0.5096397278527013
train,4,0.15421875000000002,0.23659217877094973,0.03648695006983241,0.6518336776859505
train,4,0.16515625,0.25511173184357544,0.042133296962290505,0.6473879064929376
train,5,0.17628125,0.34589385474860335,0.060974601082402234,0.5096397278527013
train,5,0.24953124999999998,0.5075416666666667,0.12664750651041665,0.49164682702569573
train,4,0.0995,0.1345,0.013382750000000002,0.7397769516728624
train,5,0.24953124999999998,0.5075416666666667,0.12664750651041665,0.49164682702569573
train,4,0.0995,0.1345,0.013382750000000002,0.7397769516728624
train,5,0.24953124999999998,0.5075416666666667,0.12664750651041665,0.49164682702569573
train,4,0.0995,0.1345,0.013382750000000002,0.7397769516728624
train,5,0.24953124999999998,0.5075416666666667,0.12664750651041665,0.49164682702569573
train,4,0.0995,0.1345,0.013382750000000002,0.7397769516728624
train,4,0.12068749999999999,0.49191666666666667,0.05936819270833333,0.24534135185498895
train,4,0.10084375000000001,0.16912500000000003,0.017055199218750004,0.5962675535846267
train,5,0.24953124999999998,0.5075416666666667,0.12664750651041665,0.49164682702569573
train,4,0.0995,0.1345,0.013382750000000002,0.7397769516728624
train,1,0.051625,0.058916666666666666,0.0030415729166666664,0.8762376237623762
train,5,0.24953124999999998,0.5075416666666667,0.12664750651041665,0.49164682702569573
train,4,0.0995,0.1345,0.013382750000000002,0.7397769516728624
train,1,0.051625,0.058916666666666666,0.0030415729166666664,0.8762376237623762
train,5,0.24953124999999998,0.5075416666666667,0.12664750651041665,0.49164682702569573
train,4,0.0995,0.1345,0.013382750000000002,0.7397769516728624
train,1,0.051625,0.058916666666666666,0.0030415729166666664,0.8762376237623762
train,5,0.24953124999999998,0.5075416666666667,0.12664750651041665,0.49164682702569573
train,4,0.0995,0.1345,0.013382750000000002,0.7397769516728624
train,1,0.051625,0.058916666666666666,0.0030415729166666664,0.8762376237623762
train,5,0.24953124999999998,0.5075416666666667,0.12664750651041665,0.49164682702569573
train,4,0.0995,0.1345,0.013382750000000002,0.7397769516728624
train,5,0.2191875,0.5075416666666667,0.1112467890625,0.4318610951481816
train,4,0.0995,0.1345,0.013382750000000002,0.7397769516728624
train,5,0.2191875,0.5075416666666667,0.1112467890625,0.4318610951481816
train,4,0.0995,0.1345,0.013382750000000002,0.7397769516728624
train,5,0.2191875,0.5075416666666667,0.1112467890625,0.4318610951481816
train,4,0.0995,0.1345,0.013382750000000002,0.7397769516728624
train,5,0.2191875,0.5075416666666667,0.1112467890625,0.4318610951481816
train,4,0.0995,0.1345,0.013382750000000002,0.7397769516728624
train,5,0.2191875,0.5075416666666667,0.1112467890625,0.4318610951481816
train,4,0.0995,0.1345,0.013382750000000002,0.7397769516728624
train,5,0.2191875,0.5075416666666667,0.1112467890625,0.4318610951481816
train,4,0.0995,0.1345,0.013382750000000002,0.7397769516728624
train,5,0.2191875,0.5075416666666667,0.1112467890625,0.4318610951481816
train,4,0.0995,0.1345,0.013382750000000002,0.7397769516728624
train,5,0.2191875,0.5075416666666667,0.1112467890625,0.4318610951481816
train,4,0.0995,0.1345,0.013382750000000002,0.7397769516728624
train,5,0.2191875,0.5075416666666667,0.1112467890625,0.4318610951481816
train,4,0.0995,0.1345,0.013382750000000002,0.7397769516728624
train,5,0.2191875,0.5075416666666667,0.1112467890625,0.4318610951481816
train,4,0.0995,0.1345,0.013382750000000002,0.7397769516728624
train,5,0.2191875,0.5075416666666667,0.1112467890625,0.4318610951481816
train,4,0.0995,0.1345,0.013382750000000002,0.7397769516728624
train,4,0.15584375,0.4657916666666667,0.07259072005208335,0.3345782270328294
train,4,0.10084375000000001,0.16912500000000003,0.017055199218750004,0.5962675535846267
train,4,0.2191875,0.5075416666666667,0.1112467890625,0.4318610951481816
train,4,0.0995,0.1345,0.013382750000000002,0.7397769516728624
train,4,0.2191875,0.5075416666666667,0.1112467890625,0.4318610951481816
train,4,0.07653125,0.271375,0.020768667968749998,0.28201289728235834
train,4,0.2191875,0.5075416666666667,0.1112467890625,0.4318610951481816
train,4,0.12071875000000001,0.4114583333333333,0.049670735677083334,0.2933924050632912
train,4,0.2191875,0.5075416666666667,0.1112467890625,0.4318610951481816
train,4,0.12071875000000001,0.4114583333333333,0.049670735677083334,0.2933924050632912
train,4,0.2191875,0.5075416666666667,0.1112467890625,0.4318610951481816
train,4,0.12071875000000001,0.4114583333333333,0.049670735677083334,0.2933924050632912
train,4,0.09665625,0.1877083333333333,0.018143183593749997,0.5149278579356271
train,4,0.2191875,0.5075416666666667,0.1112467890625,0.4318610951481816
train,4,0.12071875000000001,0.4114583333333333,0.049670735677083334,0.2933924050632912
train,4,0.09665625,0.1877083333333333,0.018143183593749997,0.5149278579356271
train,4,0.2191875,0.5075416666666667,0.1112467890625,0.4318610951481816
train,4,0.09665625,0.1877083333333333,0.018143183593749997,0.5149278579356271
train,4,0.2191875,0.5075416666666667,0.1112467890625,0.4318610951481816
train,4,0.09665625,0.1877083333333333,0.018143183593749997,0.5149278579356271
train,4,0.0696875,0.13779166666666667,0.009602356770833334,0.5057453885697006
train,4,0.2191875,0.5075416666666667,0.1112467890625,0.4318610951481816
train,4,0.0696875,0.13779166666666667,0.009602356770833334,0.5057453885697006
train,4,0.11465624999999999,0.28275,0.0324190546875,0.4055039787798408
train,4,0.2191875,0.5075416666666667,0.1112467890625,0.4318610951481816
train,4,0.0696875,0.13779166666666667,0.009602356770833334,0.5057453885697006
train,4,0.2191875,0.5075416666666667,0.1112467890625,0.4318610951481816
train,4,0.0696875,0.13779166666666667,0.009602356770833334,0.5057453885697006
train,4,0.2191875,0.5075416666666667,0.1112467890625,0.4318610951481816
train,4,0.0696875,0.13779166666666667,0.009602356770833334,0.5057453885697006
train,4,0.2191875,0.5075416666666667,0.1112467890625,0.4318610951481816
train,4,0.0696875,0.13779166666666667,0.009602356770833334,0.5057453885697006
train,4,0.2191875,0.5075416666666667,0.1112467890625,0.4318610951481816
train,4,0.0696875,0.13779166666666667,0.009602356770833334,0.5057453885697006
train,4,0.2191875,0.5075416666666667,0.1112467890625,0.4318610951481816
train,4,0.0696875,0.13779166666666667,0.009602356770833334,0.5057453885697006
train,4,0.2191875,0.5075416666666667,0.1112467890625,0.4318610951481816
train,4,0.0696875,0.13779166666666667,0.009602356770833334,0.5057453885697006
train,4,0.2191875,0.5075416666666667,0.1112467890625,0.4318610951481816
train,4,0.0696875,0.13779166666666667,0.009602356770833334,0.5057453885697006
train,4,0.260625,0.5676666666666667,0.14794812499999999,0.4591162654139753
train,4,0.0696875,0.13779166666666667,0.009602356770833334,0.5057453885697006
train,4,0.21090625,0.5075416666666667,0.10704370963541666,0.4155447007634841
train,4,0.10084375000000001,0.16912500000000003,0.017055199218750004,0.5962675535846267
train,4,0.260625,0.5676666666666667,0.14794812499999999,0.4591162654139753
train,4,0.0696875,0.13779166666666667,0.009602356770833334,0.5057453885697006
train,4,0.260625,0.5676666666666667,0.14794812499999999,0.4591162654139753
train,4,0.0696875,0.13779166666666667,0.009602356770833334,0.5057453885697006
train,4,0.21090625,0.5075416666666667,0.10704370963541666,0.4155447007634841
train,4,0.0995,0.1345,0.013382750000000002,0.7397769516728624
train,4,0.21090625,0.5075416666666667,0.10704370963541666,0.4155447007634841
train,4,0.0995,0.1345,0.013382750000000002,0.7397769516728624
train,4,0.21090625,0.5075416666666667,0.10704370963541666,0.4155447007634841
train,4,0.0995,0.1345,0.013382750000000002,0.7397769516728624
train,4,0.17906249999999999,0.461,0.0825478125,0.38842190889370926
train,4,0.10084375000000001,0.16912500000000003,0.017055199218750004,0.5962675535846267
train,2,0.24953124999999998,0.5075416666666667,0.12664750651041665,0.49164682702569573
train,4,0.0995,0.1345,0.013382750000000002,0.7397769516728624
train,1,0.0660625,0.08291666666666667,0.005477682291666667,0.7967336683417084
train,5,0.24953124999999998,0.5075416666666667,0.12664750651041665,0.49164682702569573
train,4,0.0995,0.1345,0.013382750000000002,0.7397769516728624
train,1,0.0660625,0.08291666666666667,0.005477682291666667,0.7967336683417084
train,2,0.2552083333333333,0.46519444444444447,0.11872149884259259,0.5486057204275392
train,1,0.0503125,0.08502777777777777,0.004277960069444444,0.5917183926821301
train,4,0.12555555555555553,0.18475000000000003,0.023196388888888888,0.6795970530747254
train,4,0.21241319444444443,0.5092222222222222,0.10816551890432098,0.41713260964433774
train,4,0.21241319444444443,0.5092222222222222,0.10816551890432098,0.41713260964433774
train,4,0.21241319444444443,0.5092222222222222,0.10816551890432098,0.41713260964433774
train,4,0.21241319444444443,0.5092222222222222,0.10816551890432098,0.41713260964433774
train,4,0.21241319444444443,0.5092222222222222,0.10816551890432098,0.41713260964433774
train,5,0.21241319444444443,0.5092222222222222,0.10816551890432098,0.41713260964433774
train,5,0.21241319444444443,0.5092222222222222,0.10816551890432098,0.41713260964433774
train,5,0.21241319444444443,0.5092222222222222,0.10816551890432098,0.41713260964433774
train,2,0.21241319444444443,0.5092222222222222,0.10816551890432098,0.41713260964433774
train,1,0.050625,0.07188888888888889,0.0036393750000000002,0.7042117465224111
train,2,0.2552083333333333,0.46519444444444447,0.11872149884259259,0.5486057204275392
train,1,0.0503125,0.08502777777777777,0.004277960069444444,0.5917183926821301
train,4,0.12555555555555553,0.18475000000000003,0.023196388888888888,0.6795970530747254
train,2,0.2552083333333333,0.46519444444444447,0.11872149884259259,0.5486057204275392
train,1,0.0503125,0.08502777777777777,0.004277960069444444,0.5917183926821301
train,4,0.12555555555555553,0.18475000000000003,0.023196388888888888,0.6795970530747254
train,2,0.2552083333333333,0.46519444444444447,0.11872149884259259,0.5486057204275392
train,1,0.0503125,0.08502777777777777,0.004277960069444444,0.5917183926821301
train,4,0.12555555555555553,0.18475000000000003,0.023196388888888888,0.6795970530747254
train,2,0.2552083333333333,0.46519444444444447,0.11872149884259259,0.5486057204275392
train,1,0.0503125,0.08502777777777777,0.004277960069444444,0.5917183926821301
train,4,0.12555555555555553,0.18475000000000003,0.023196388888888888,0.6795970530747254
train,2,0.2552083333333333,0.46519444444444447,0.11872149884259259,0.5486057204275392
train,1,0.0503125,0.08502777777777777,0.004277960069444444,0.5917183926821301
train,4,0.12555555555555553,0.18475000000000003,0.023196388888888888,0.6795970530747254
train,4,0.2552083333333333,0.46519444444444447,0.11872149884259259,0.5486057204275392
train,4,0.12555555555555553,0.18475000000000003,0.023196388888888888,0.6795970530747254
train,4,0.2552083333333333,0.46519444444444447,0.11872149884259259,0.5486057204275392
train,4,0.12555555555555553,0.18475000000000003,0.023196388888888888,0.6795970530747254
train,2,0.2552083333333333,0.46519444444444447,0.11872149884259259,0.5486057204275392
train,1,0.0503125,0.08502777777777777,0.004277960069444444,0.5917183926821301
train,4,0.12555555555555553,0.18475000000000003,0.023196388888888888,0.6795970530747254
train,4,0.2552083333333333,0.46519444444444447,0.11872149884259259,0.5486057204275392
train,4,0.12555555555555553,0.18475000000000003,0.023196388888888888,0.6795970530747254
train,4,0.2552083333333333,0.46519444444444447,0.11872149884259259,0.5486057204275392
train,4,0.12555555555555553,0.18475000000000003,0.023196388888888888,0.6795970530747254
train,4,0.21241319444444443,0.6016944444444445,0.12780783902391976,0.3530250219288121
train,4,0.12555555555555553,0.18475000000000003,0.023196388888888888,0.6795970530747254
train,2,0.016979166666666667,0.004916666666666666,8.348090277777778e-05,3.453389830508475
train,4,0.21241319444444443,0.6016944444444445,0.12780783902391976,0.3530250219288121
train,4,0.12555555555555553,0.18475000000000003,0.023196388888888888,0.6795970530747254
train,4,0.21241319444444443,0.6016944444444445,0.12780783902391976,0.3530250219288121
train,4,0.21241319444444443,0.6016944444444445,0.12780783902391976,0.3530250219288121
train,4,0.21241319444444443,0.5092222222222222,0.10816551890432098,0.41713260964433774
train,4,0.21241319444444443,0.5092222222222222,0.10816551890432098,0.41713260964433774
train,4,0.21241319444444443,0.5092222222222222,0.10816551890432098,0.41713260964433774
train,4,0.21241319444444443,0.5092222222222222,0.10816551890432098,0.41713260964433774
train,4,0.21241319444444443,0.5092222222222222,0.10816551890432098,0.41713260964433774
train,4,0.19546875,0.5230277777777778,0.1022355859375,0.3737253704392161
train,5,0.23148437500000002,0.5718055555555556,0.13236405164930556,0.404830580519796
train,0,0.106859375,0.1125,0.012021679687500002,0.9498611111111112
train,5,0.23148437500000002,0.5718055555555556,0.13236405164930556,0.404830580519796
train,0,0.106859375,0.1125,0.012021679687500002,0.9498611111111112
train,2,0.23148437500000002,0.5718055555555556,0.13236405164930556,0.404830580519796
train,0,0.106859375,0.1125,0.012021679687500002,0.9498611111111112
train,1,0.0694609375,0.12309722222222222,0.00855044845920139,0.5642770506600474
train,2,0.23148437500000002,0.5718055555555556,0.13236405164930556,0.404830580519796
train,0,0.027914062499999996,0.10733333333333334,0.0029961093749999996,0.26006890527950305
train,1,0.0694609375,0.12309722222222222,0.00855044845920139,0.5642770506600474
train,2,0.23148437500000002,0.5718055555555556,0.13236405164930556,0.404830580519796
train,0,0.027914062499999996,0.10733333333333334,0.0029961093749999996,0.26006890527950305
train,1,0.0694609375,0.12309722222222222,0.00855044845920139,0.5642770506600474
train,2,0.23148437500000002,0.5718055555555556,0.13236405164930556,0.404830580519796
train,1,0.0552109375,0.15240277777777778,0.008414300238715278,0.36226988972933566
train,2,0.23148437500000002,0.5718055555555556,0.13236405164930556,0.404830580519796
train,0,0.027914062499999996,0.10733333333333334,0.0029961093749999996,0.26006890527950305
train,1,0.0694609375,0.12309722222222222,0.00855044845920139,0.5642770506600474
train,5,0.23148437500000002,0.5718055555555556,0.13236405164930556,0.404830580519796
train,0,0.11589843749999999,0.10079166666666665,0.011681596679687498,1.1498811492352212
train,5,0.23148437500000002,0.5718055555555556,0.13236405164930556,0.404830580519796
train,0,0.11589843749999999,0.10079166666666665,0.011681596679687498,1.1498811492352212
train,4,0.23148437500000002,0.5718055555555556,0.13236405164930556,0.404830580519796
train,0,0.11589843749999999,0.10079166666666665,0.011681596679687498,1.1498811492352212
train,4,0.23148437500000002,0.5718055555555556,0.13236405164930556,0.404830580519796
train,0,0.11589843749999999,0.10079166666666665,0.011681596679687498,1.1498811492352212
train,4,0.23148437500000002,0.5718055555555556,0.13236405164930556,0.404830580519796
train,0,0.11589843749999999,0.10079166666666665,0.011681596679687498,1.1498811492352212
train,4,0.23148437500000002,0.5718055555555556,0.13236405164930556,0.404830580519796
train,0,0.11589843749999999,0.10079166666666665,0.011681596679687498,1.1498811492352212
train,4,0.23148437500000002,0.5718055555555556,0.13236405164930556,0.404830580519796
train,0,0.11589843749999999,0.10079166666666665,0.011681596679687498,1.1498811492352212
train,2,0.23148437500000002,0.5718055555555556,0.13236405164930556,0.404830580519796
train,1,0.0552109375,0.15240277777777778,0.008414300238715278,0.36226988972933566
train,2,0.23148437500000002,0.5718055555555556,0.13236405164930556,0.404830580519796
train,1,0.0638359375,0.13369444444444445,0.008534510199652777,0.4774763660918346
train,2,0.23148437500000002,0.5718055555555556,0.13236405164930556,0.404830580519796
train,1,0.0638359375,0.13369444444444445,0.008534510199652777,0.4774763660918346
train,2,0.23148437500000002,0.5718055555555556,0.13236405164930556,0.404830580519796
train,1,0.0638359375,0.13369444444444445,0.008534510199652777,0.4774763660918346
train,2,0.23148437500000002,0.5718055555555556,0.13236405164930556,0.404830580519796
train,1,0.0638359375,0.13369444444444445,0.008534510199652777,0.4774763660918346
train,5,0.23148437500000002,0.5718055555555556,0.13236405164930556,0.404830580519796
train,0,0.1326484375,0.086625,0.0114906708984375,1.5312950937950938
train,5,0.23148437500000002,0.5718055555555556,0.13236405164930556,0.404830580519796
train,0,0.1326484375,0.086625,0.0114906708984375,1.5312950937950938
train,2,0.23148437500000002,0.5718055555555556,0.13236405164930556,0.404830580519796
train,1,0.0604921875,0.13380555555555557,0.008094190755208334,0.4520902532696699
train,5,0.25996874999999997,0.5725277777777779,0.14883933072916666,0.45407185483479684
train,0,0.1396953125,0.10211111111111111,0.01426444357638889,1.3680716131664854
train,5,0.25996874999999997,0.5725277777777779,0.14883933072916666,0.45407185483479684
train,0,0.1396953125,0.10211111111111111,0.01426444357638889,1.3680716131664854
train,5,0.25996874999999997,0.5725277777777779,0.14883933072916666,0.45407185483479684
train,0,0.1396953125,0.10211111111111111,0.01426444357638889,1.3680716131664854
train,2,0.2971640625,0.6313888888888889,0.18762608723958332,0.4706513968323801
train,1,0.1497265625,0.121875,0.0182479248046875,1.228525641025641
train,3,0.205859375,0.17823611111111112,0.036691574435763895,1.154981298215538
train,2,0.2971640625,0.6313888888888889,0.18762608723958332,0.4706513968323801
train,1,0.1497265625,0.121875,0.0182479248046875,1.228525641025641
train,3,0.22554687499999998,0.15740277777777778,0.03550170464409722,1.4329281743580693
train,5,0.2971640625,0.6313888888888889,0.18762608723958332,0.4706513968323801
train,3,0.2255078125,0.2184583333333333,0.04926406087239583,1.032269216097654
train,2,0.23148437500000002,0.5718055555555556,0.13236405164930556,0.404830580519796
train,1,0.0604921875,0.13380555555555557,0.008094190755208334,0.4520902532696699
train,5,0.2971640625,0.6313888888888889,0.18762608723958332,0.4706513968323801
train,3,0.230125,0.20833333333333334,0.047942708333333334,1.1046
train,5,0.2971640625,0.6313888888888889,0.18762608723958332,0.4706513968323801
train,3,0.222765625,0.2374027777777778,0.05288517816840278,0.9383446440063182
train,5,0.2971640625,0.6313888888888889,0.18762608723958332,0.4706513968323801
train,3,0.208453125,0.19212500000000002,0.040049056640625004,1.0849869876382563
train,5,0.2971640625,0.6313888888888889,0.18762608723958332,0.4706513968323801
train,3,0.1668359375,0.156,0.026026406250000002,1.0694611378205128
train,5,0.2971640625,0.6313888888888889,0.18762608723958332,0.4706513968323801
train,3,0.22496875,0.17823611111111112,0.04009755512152778,1.2621951219512193
train,5,0.2971640625,0.6313888888888889,0.18762608723958332,0.4706513968323801
train,3,0.197171875,0.15713888888888888,0.030983369357638887,1.2547617995403924
train,4,0.2971640625,0.6313888888888889,0.18762608723958332,0.4706513968323801
train,3,0.1908125,0.1928888888888889,0.03680561111111111,0.9892353110599078
train,4,0.2971640625,0.6313888888888889,0.18762608723958332,0.4706513968323801
train,3,0.2166875,0.15509722222222222,0.03360762934027778,1.3971075490283873
train,3,0.2005546875,0.12268055555555556,0.02460416048177083,1.634771595154534
train,2,0.23148437500000002,0.5718055555555556,0.13236405164930556,0.404830580519796
train,1,0.0604921875,0.13380555555555557,0.008094190755208334,0.4520902532696699
train,4,0.2971640625,0.6313888888888889,0.18762608723958332,0.4706513968323801
train,3,0.1683125,0.14583333333333334,0.024545572916666668,1.1541428571428571
train,4,0.2971640625,0.6313888888888889,0.18762608723958332,0.4706513968323801
train,3,0.1744921875,0.15094444444444446,0.026338626302083338,1.1560027143908722
train,4,0.2971640625,0.6313888888888889,0.18762608723958332,0.4706513968323801
train,3,0.18353906250000002,0.11165277777777778,0.02049264615885417,1.643837852966787
train,3,0.20763281249999999,0.1875,0.03893115234375,1.107375
train,4,0.2971640625,0.6313888888888889,0.18762608723958332,0.4706513968323801
train,3,0.21305468749999998,0.1736111111111111,0.03698866102430555,1.2271949999999998
train,5,0.2971640625,0.6313888888888889,0.18762608723958332,0.4706513968323801
train,3,0.22159374999999998,0.17129166666666668,0.03795716276041666,1.293663342252493
train,5,0.2971640625,0.6313888888888889,0.18762608723958332,0.4706513968323801
train,3,0.1977734375,0.2650416666666667,0.05241820149739584,0.7461975318346172
train,4,0.2971640625,0.6313888888888889,0.18762608723958332,0.4706513968323801
train,3,0.1977734375,0.2650416666666667,0.05241820149739584,0.7461975318346172
train,2,0.23148437500000002,0.5718055555555556,0.13236405164930556,0.404830580519796
train,1,0.0604921875,0.13380555555555557,0.008094190755208334,0.4520902532696699
train,4,0.2971640625,0.6313888888888889,0.18762608723958332,0.4706513968323801
train,3,0.1977734375,0.2650416666666667,0.05241820149739584,0.7461975318346172
train,4,0.2971640625,0.6313888888888889,0.18762608723958332,0.4706513968323801
train,3,0.1977734375,0.2650416666666667,0.05241820149739584,0.7461975318346172
train,4,0.2971640625,0.6313888888888889,0.18762608723958332,0.4706513968323801
train,3,0.1977734375,0.2650416666666667,0.05241820149739584,0.7461975318346172
train,4,0.2971640625,0.6313888888888889,0.18762608723958332,0.4706513968323801
train,3,0.1977734375,0.2650416666666667,0.05241820149739584,0.7461975318346172
train,4,0.2906015625,0.6955972222222222,0.2021416396484375,0.41777274723958235
train,3,0.1977734375,0.2650416666666667,0.05241820149739584,0.7461975318346172
train,2,0.23148437500000002,0.5718055555555556,0.13236405164930556,0.404830580519796
train,1,0.0604921875,0.13380555555555557,0.008094190755208334,0.4520902532696699
train,4,0.2906015625,0.6955972222222222,0.2021416396484375,0.41777274723958235
train,3,0.1977734375,0.2650416666666667,0.05241820149739584,0.7461975318346172
train,4,0.2906015625,0.6955972222222222,0.2021416396484375,0.41777274723958235
train,3,0.1977734375,0.2650416666666667,0.05241820149739584,0.7461975318346172
train,4,0.2906015625,0.6955972222222222,0.2021416396484375,0.41777274723958235
train,3,0.1977734375,0.2650416666666667,0.05241820149739584,0.7461975318346172
train,4,0.2906015625,0.6955972222222222,0.2021416396484375,0.41777274723958235
train,3,0.1977734375,0.2650416666666667,0.05241820149739584,0.7461975318346172
train,4,0.2906015625,0.6955972222222222,0.2021416396484375,0.41777274723958235
train,3,0.1977734375,0.2650416666666667,0.05241820149739584,0.7461975318346172
train,4,0.2906015625,0.6955972222222222,0.2021416396484375,0.41777274723958235
train,3,0.22748437500000002,0.21116666666666667,0.048037117187500006,1.0772740726124705
train,4,0.2906015625,0.6955972222222222,0.2021416396484375,0.41777274723958235
train,3,0.22748437500000002,0.21116666666666667,0.048037117187500006,1.0772740726124705
train,2,0.23148437500000002,0.5718055555555556,0.13236405164930556,0.404830580519796
train,1,0.0604921875,0.13380555555555557,0.008094190755208334,0.4520902532696699
train,4,0.3543984375,0.8986805555555555,0.3184909847005208,0.3943541843752415
train,3,0.0868046875,0.3237361111111111,0.028101811957465278,0.26813408983654385
train,4,0.3543984375,0.8986805555555555,0.3184909847005208,0.3943541843752415
train,3,0.0868046875,0.3237361111111111,0.028101811957465278,0.26813408983654385
train,4,0.3543984375,0.8986805555555555,0.3184909847005208,0.3943541843752415
train,3,0.0868046875,0.3237361111111111,0.028101811957465278,0.26813408983654385
train,4,0.3543984375,0.8986805555555555,0.3184909847005208,0.3943541843752415
train,3,0.0868046875,0.3237361111111111,0.028101811957465278,0.26813408983654385
train,4,0.3543984375,0.8986805555555555,0.3184909847005208,0.3943541843752415
train,3,0.0868046875,0.3237361111111111,0.028101811957465278,0.26813408983654385
train,4,0.3543984375,0.8986805555555555,0.3184909847005208,0.3943541843752415
train,3,0.0868046875,0.3237361111111111,0.028101811957465278,0.26813408983654385
train,4,0.3543984375,0.8986805555555555,0.3184909847005208,0.3943541843752415
train,3,0.0868046875,0.3237361111111111,0.028101811957465278,0.26813408983654385
train,4,0.3543984375,0.8986805555555555,0.3184909847005208,0.3943541843752415
train,3,0.0868046875,0.3237361111111111,0.028101811957465278,0.26813408983654385
train,4,0.3543984375,0.8986805555555555,0.3184909847005208,0.3943541843752415
train,3,0.0868046875,0.3237361111111111,0.028101811957465278,0.26813408983654385
train,2,0.23148437500000002,0.5718055555555556,0.13236405164930556,0.404830580519796
train,1,0.0604921875,0.13380555555555557,0.008094190755208334,0.4520902532696699
train,4,0.3543984375,0.8986805555555555,0.3184909847005208,0.3943541843752415
train,4,0.3543984375,0.8986666666666666,0.3184860625,0.3943602791172107
train,4,0.3543984375,0.8986666666666666,0.3184860625,0.3943602791172107
train,4,0.3543984375,0.8986666666666666,0.3184860625,0.3943602791172107
train,4,0.3543984375,0.8986666666666666,0.3184860625,0.3943602791172107
train,4,0.315953125,0.8986666666666666,0.28393654166666665,0.3515798868694362
train,4,0.315953125,0.8986666666666666,0.28393654166666665,0.3515798868694362
train,4,0.315953125,0.8986666666666666,0.28393654166666665,0.3515798868694362
train,3,0.060664062500000004,0.28491666666666665,0.017284202473958333,0.21291861655454813
train,4,0.315953125,0.8986666666666666,0.28393654166666665,0.3515798868694362
train,3,0.060664062500000004,0.28491666666666665,0.017284202473958333,0.21291861655454813
train,4,0.315953125,0.8986666666666666,0.28393654166666665,0.3515798868694362
train,3,0.060664062500000004,0.28491666666666665,0.017284202473958333,0.21291861655454813
train,2,0.23148437500000002,0.5718055555555556,0.13236405164930556,0.404830580519796
train,1,0.0604921875,0.13380555555555557,0.008094190755208334,0.4520902532696699
train,4,0.315953125,0.8986666666666666,0.28393654166666665,0.3515798868694362
train,3,0.060664062500000004,0.28491666666666665,0.017284202473958333,0.21291861655454813
train,4,0.315953125,0.8986666666666666,0.28393654166666665,0.3515798868694362
train,3,0.060664062500000004,0.28491666666666665,0.017284202473958333,0.21291861655454813
train,4,0.315953125,0.8986666666666666,0.28393654166666665,0.3515798868694362
train,3,0.060664062500000004,0.28491666666666665,0.017284202473958333,0.21291861655454813
train,4,0.315953125,0.8986666666666666,0.28393654166666665,0.3515798868694362
train,3,0.060664062500000004,0.28491666666666665,0.017284202473958333,0.21291861655454813
train,4,0.3545625,0.9713472222222223,0.3444032994791667,0.3650213763816006
train,3,0.060664062500000004,0.28491666666666665,0.017284202473958333,0.21291861655454813
train,4,0.3545625,0.9713472222222223,0.3444032994791667,0.3650213763816006
train,3,0.060664062500000004,0.28491666666666665,0.017284202473958333,0.21291861655454813
train,2,0.23148437500000002,0.5718055555555556,0.13236405164930556,0.404830580519796
train,1,0.0604921875,0.13380555555555557,0.008094190755208334,0.4520902532696699
train,4,0.3545625,0.9713472222222223,0.3444032994791667,0.3650213763816006
train,3,0.08203906250000001,0.37386111111111114,0.030671215060763896,0.2194372724570919
train,4,0.3545625,0.9713472222222223,0.3444032994791667,0.3650213763816006
train,3,0.08203906250000001,0.37386111111111114,0.030671215060763896,0.2194372724570919
train,4,0.3545625,0.9713472222222223,0.3444032994791667,0.3650213763816006
train,3,0.08203906250000001,0.37386111111111114,0.030671215060763896,0.2194372724570919
train,4,0.3545625,0.9713472222222223,0.3444032994791667,0.3650213763816006
train,3,0.08203906250000001,0.37386111111111114,0.030671215060763896,0.2194372724570919
train,4,0.3545625,0.9713472222222223,0.3444032994791667,0.3650213763816006
train,3,0.08203906250000001,0.37386111111111114,0.030671215060763896,0.2194372724570919
train,4,0.3545625,0.9713472222222223,0.3444032994791667,0.3650213763816006
train,3,0.08203906250000001,0.37386111111111114,0.030671215060763896,0.2194372724570919
train,4,0.3545625,0.9713472222222223,0.3444032994791667,0.3650213763816006
train,3,0.08203906250000001,0.37386111111111114,0.030671215060763896,0.2194372724570919
train,2,0.23148437500000002,0.5718055555555556,0.13236405164930556,0.404830580519796
train,1,0.0604921875,0.13380555555555557,0.008094190755208334,0.4520902532696699
train,4,0.3545625,0.9713472222222223,0.3444032994791667,0.3650213763816006
train,3,0.08203906250000001,0.37386111111111114,0.030671215060763896,0.2194372724570919
train,4,0.3545625,0.9713472222222223,0.3444032994791667,0.3650213763816006
train,3,0.08203906250000001,0.37386111111111114,0.030671215060763896,0.2194372724570919
train,4,0.3545625,0.9713472222222223,0.3444032994791667,0.3650213763816006
train,3,0.08203906250000001,0.37386111111111114,0.030671215060763896,0.2194372724570919
train,4,0.3545625,0.9713472222222223,0.3444032994791667,0.3650213763816006
train,3,0.08203906250000001,0.37386111111111114,0.030671215060763896,0.2194372724570919
train,4,0.3545625,0.9713472222222223,0.3444032994791667,0.3650213763816006
train,3,0.08203906250000001,0.37386111111111114,0.030671215060763896,0.2194372724570919
train,4,0.3545625,0.9713472222222223,0.3444032994791667,0.3650213763816006
train,3,0.08203906250000001,0.37386111111111114,0.030671215060763896,0.2194372724570919
train,4,0.3545625,0.9713472222222223,0.3444032994791667,0.3650213763816006
train,3,0.08203906250000001,0.37386111111111114,0.030671215060763896,0.2194372724570919
train,4,0.3545625,0.9713472222222223,0.3444032994791667,0.3650213763816006
train,3,0.08203906250000001,0.37386111111111114,0.030671215060763896,0.2194372724570919
train,4,0.3545625,0.9713472222222223,0.3444032994791667,0.3650213763816006
train,3,0.08203906250000001,0.37386111111111114,0.030671215060763896,0.2194372724570919
train,4,0.3545625,0.9713472222222223,0.3444032994791667,0.3650213763816006
train,3,0.08203906250000001,0.37386111111111114,0.030671215060763896,0.2194372724570919
train,4,0.3545625,0.9713472222222223,0.3444032994791667,0.3650213763816006
train,3,0.08203906250000001,0.37386111111111114,0.030671215060763896,0.2194372724570919
train,4,0.3545625,0.9713472222222223,0.3444032994791667,0.3650213763816006
train,3,0.1036796875,0.344625,0.035730612304687506,0.30084784185709107
train,5,0.3545625,0.9713472222222223,0.3444032994791667,0.3650213763816006
train,3,0.1036796875,0.344625,0.035730612304687506,0.30084784185709107
train,5,0.3545625,0.9713472222222223,0.3444032994791667,0.3650213763816006
train,3,0.1036796875,0.344625,0.035730612304687506,0.30084784185709107
train,5,0.3545625,0.9713472222222223,0.3444032994791667,0.3650213763816006
train,3,0.1036796875,0.344625,0.035730612304687506,0.30084784185709107
train,5,0.3545625,0.9713472222222223,0.3444032994791667,0.3650213763816006
train,3,0.1036796875,0.344625,0.035730612304687506,0.30084784185709107
train,2,0.23148437500000002,0.5718055555555556,0.13236405164930556,0.404830580519796
train,1,0.0604921875,0.13380555555555557,0.008094190755208334,0.4520902532696699
train,0,0.106859375,0.1125,0.012021679687500002,0.9498611111111112
train,4,0.3545625,0.9713472222222223,0.3444032994791667,0.3650213763816006
train,3,0.066828125,0.3407222222222222,0.022769827256944444,0.19613667862383827
train,4,0.3545625,0.9713472222222223,0.3444032994791667,0.3650213763816006
train,5,0.23148437500000002,0.5718055555555556,0.13236405164930556,0.404830580519796
train,0,0.106859375,0.1125,0.012021679687500002,0.9498611111111112
train,4,0.3545625,0.9713472222222223,0.3444032994791667,0.3650213763816006
train,4,0.3545625,0.9713472222222223,0.3444032994791667,0.3650213763816006
train,3,0.0765390625,0.35583333333333333,0.027235149739583336,0.2150980679156909
train,4,0.3545625,0.9713472222222223,0.3444032994791667,0.3650213763816006
train,3,0.0765390625,0.35583333333333333,0.027235149739583336,0.2150980679156909
train,4,0.3545625,0.9713472222222223,0.3444032994791667,0.3650213763816006
train,3,0.0765390625,0.35583333333333333,0.027235149739583336,0.2150980679156909
train,4,0.23833593749999998,0.5895833333333333,0.140518896484375,0.40424469964664306
train,3,0.19035156250000002,0.2449027777777778,0.046617626410590286,0.7772535870243293
train,5,0.248359375,0.580375,0.144141572265625,0.4279291406418264
train,3,0.1821015625,0.24905555555555556,0.04535340581597223,0.7311684418915905
train,5,0.248359375,0.580375,0.144141572265625,0.4279291406418264
train,3,0.1821015625,0.24905555555555556,0.04535340581597223,0.7311684418915905
train,5,0.248359375,0.580375,0.144141572265625,0.4279291406418264
train,3,0.1821015625,0.24905555555555556,0.04535340581597223,0.7311684418915905
train,5,0.248359375,0.580375,0.144141572265625,0.4279291406418264
train,3,0.1821015625,0.24905555555555556,0.04535340581597223,0.7311684418915905
train,5,0.248359375,0.580375,0.144141572265625,0.4279291406418264
train,3,0.1821015625,0.24905555555555556,0.04535340581597223,0.7311684418915905
train,5,0.248359375,0.580375,0.144141572265625,0.4279291406418264
train,3,0.1821015625,0.24905555555555556,0.04535340581597223,0.7311684418915905
train,2,0.248359375,0.580375,0.144141572265625,0.4279291406418264
train,3,0.1821015625,0.24905555555555556,0.04535340581597223,0.7311684418915905
train,1,0.0792109375,0.1592222222222222,0.012612141493055553,0.49748669748778784
train,2,0.248359375,0.580375,0.144141572265625,0.4279291406418264
train,3,0.1821015625,0.24905555555555556,0.04535340581597223,0.7311684418915905
train,1,0.0792109375,0.1592222222222222,0.012612141493055553,0.49748669748778784
train,2,0.248359375,0.580375,0.144141572265625,0.4279291406418264
train,3,0.1821015625,0.24905555555555556,0.04535340581597223,0.7311684418915905
train,1,0.0792109375,0.1592222222222222,0.012612141493055553,0.49748669748778784
train,2,0.248359375,0.580375,0.144141572265625,0.4279291406418264
train,3,0.1821015625,0.24905555555555556,0.04535340581597223,0.7311684418915905
train,1,0.0792109375,0.1592222222222222,0.012612141493055553,0.49748669748778784
train,4,0.23833593749999998,0.5895833333333333,0.140518896484375,0.40424469964664306
train,3,0.19035156250000002,0.2449027777777778,0.046617626410590286,0.7772535870243293
train,2,0.248359375,0.580375,0.144141572265625,0.4279291406418264
train,3,0.1821015625,0.24905555555555556,0.04535340581597223,0.7311684418915905
train,1,0.0792109375,0.1592222222222222,0.012612141493055553,0.49748669748778784
train,2,0.248359375,0.580375,0.144141572265625,0.4279291406418264
train,3,0.1821015625,0.24905555555555556,0.04535340581597223,0.7311684418915905
train,1,0.0792109375,0.1592222222222222,0.012612141493055553,0.49748669748778784
train,2,0.248359375,0.580375,0.144141572265625,0.4279291406418264
train,3,0.1821015625,0.24905555555555556,0.04535340581597223,0.7311684418915905
train,5,0.248359375,0.580375,0.144141572265625,0.4279291406418264
train,3,0.1821015625,0.24905555555555556,0.04535340581597223,0.7311684418915905
train,5,0.248359375,0.580375,0.144141572265625,0.4279291406418264
train,3,0.1821015625,0.24905555555555556,0.04535340581597223,0.7311684418915905
train,5,0.248359375,0.580375,0.144141572265625,0.4279291406418264
train,3,0.1821015625,0.24905555555555556,0.04535340581597223,0.7311684418915905
train,4,0.23833593749999998,0.5895833333333333,0.140518896484375,0.40424469964664306
train,3,0.19035156250000002,0.2449027777777778,0.046617626410590286,0.7772535870243293
train,5,0.248359375,0.580375,0.144141572265625,0.4279291406418264
train,3,0.1821015625,0.24905555555555556,0.04535340581597223,0.7311684418915905
train,5,0.248359375,0.580375,0.144141572265625,0.4279291406418264
train,3,0.1821015625,0.24905555555555556,0.04535340581597223,0.7311684418915905
train,5,0.248359375,0.580375,0.144141572265625,0.4279291406418264
train,3,0.1821015625,0.24905555555555556,0.04535340581597223,0.7311684418915905
train,5,0.248359375,0.580375,0.144141572265625,0.4279291406418264
train,3,0.1821015625,0.24905555555555556,0.04535340581597223,0.7311684418915905
train,5,0.248359375,0.580375,0.144141572265625,0.4279291406418264
train,3,0.1821015625,0.24905555555555556,0.04535340581597223,0.7311684418915905
train,5,0.248359375,0.580375,0.144141572265625,0.4279291406418264
train,3,0.1821015625,0.24905555555555556,0.04535340581597223,0.7311684418915905
train,5,0.248359375,0.580375,0.144141572265625,0.4279291406418264
train,3,0.1821015625,0.24905555555555556,0.04535340581597223,0.7311684418915905
train,5,0.248359375,0.580375,0.144141572265625,0.4279291406418264
train,3,0.1821015625,0.24905555555555556,0.04535340581597223,0.7311684418915905
train,5,0.248359375,0.580375,0.144141572265625,0.4279291406418264
train,3,0.1821015625,0.24905555555555556,0.04535340581597223,0.7311684418915905
train,4,0.23833593749999998,0.5895833333333333,0.140518896484375,0.40424469964664306
train,3,0.19035156250000002,0.2449027777777778,0.046617626410590286,0.7772535870243293
train,5,0.248359375,0.580375,0.144141572265625,0.4279291406418264
train,3,0.1821015625,0.24905555555555556,0.04535340581597223,0.7311684418915905
train,5,0.248359375,0.580375,0.144141572265625,0.4279291406418264
train,3,0.1821015625,0.24905555555555556,0.04535340581597223,0.7311684418915905
train,5,0.248359375,0.580375,0.144141572265625,0.4279291406418264
train,3,0.1821015625,0.24905555555555556,0.04535340581597223,0.7311684418915905
train,4,0.248359375,0.580375,0.144141572265625,0.4279291406418264
train,3,0.1949765625,0.21320833333333333,0.0415706279296875,0.9144884698065273
train,4,0.248359375,0.580375,0.144141572265625,0.4279291406418264
train,3,0.1949765625,0.21320833333333333,0.0415706279296875,0.9144884698065273
train,4,0.248359375,0.580375,0.144141572265625,0.4279291406418264
train,3,0.1949765625,0.21320833333333333,0.0415706279296875,0.9144884698065273
train,4,0.248359375,0.580375,0.144141572265625,0.4279291406418264
train,3,0.1949765625,0.21320833333333333,0.0415706279296875,0.9144884698065273
train,4,0.23833593749999998,0.5895833333333333,0.140518896484375,0.40424469964664306
train,3,0.19035156250000002,0.2449027777777778,0.046617626410590286,0.7772535870243293
train,4,0.23833593749999998,0.5895833333333333,0.140518896484375,0.40424469964664306
train,3,0.19035156250000002,0.2449027777777778,0.046617626410590286,0.7772535870243293
train,4,0.23833593749999998,0.5895833333333333,0.140518896484375,0.40424469964664306
train,3,0.19035156250000002,0.2449027777777778,0.046617626410590286,0.7772535870243293
train,4,0.23833593749999998,0.5895833333333333,0.140518896484375,0.40424469964664306
train,3,0.19035156250000002,0.2449027777777778,0.046617626410590286,0.7772535870243293
train,4,0.23833593749999998,0.5895833333333333,0.140518896484375,0.40424469964664306
train,3,0.19035156250000002,0.2449027777777778,0.046617626410590286,0.7772535870243293
train,2,0.23833593749999998,0.5895833333333333,0.140518896484375,0.40424469964664306
train,3,0.19035156250000002,0.2449027777777778,0.046617626410590286,0.7772535870243293
train,1,0.0501953125,0.12954166666666667,0.006502384440104167,0.38748391765841106
train,2,0.23833593749999998,0.5895833333333333,0.140518896484375,0.40424469964664306
train,3,0.19035156250000002,0.2449027777777778,0.046617626410590286,0.7772535870243293
train,5,0.248359375,0.580375,0.144141572265625,0.4279291406418264
train,3,0.1821015625,0.24905555555555556,0.04535340581597223,0.7311684418915905
valid,4,0.0913671875,0.31169444444444444,0.02847864474826389,0.2931306256126905
valid,5,0.15815625,0.42390277777777774,0.06704287369791666,0.3730955735395302
valid,0,0.081171875,0.12055555555555555,0.009785720486111111,0.6733150921658987
valid,4,0.0913671875,0.31169444444444444,0.02847864474826389,0.2931306256126905
valid,5,0.15815625,0.42390277777777774,0.06704287369791666,0.3730955735395302
valid,0,0.081171875,0.12055555555555555,0.009785720486111111,0.6733150921658987
valid,4,0.0913671875,0.31169444444444444,0.02847864474826389,0.2931306256126905
valid,2,0.15815625,0.42390277777777774,0.06704287369791666,0.3730955735395302
valid,0,0.081171875,0.12055555555555555,0.009785720486111111,0.6733150921658987
valid,1,0.0366640625,0.08908333333333333,0.0032661569010416663,0.41157039289055186
valid,4,0.0913671875,0.31169444444444444,0.02847864474826389,0.2931306256126905
valid,5,0.15815625,0.42390277777777774,0.06704287369791666,0.3730955735395302
valid,0,0.081171875,0.12055555555555555,0.009785720486111111,0.6733150921658987
valid,4,0.0913671875,0.31169444444444444,0.02847864474826389,0.2931306256126905
valid,4,0.15815625,0.42390277777777774,0.06704287369791666,0.3730955735395302
valid,0,0.081171875,0.12055555555555555,0.009785720486111111,0.6733150921658987
valid,4,0.0913671875,0.31169444444444444,0.02847864474826389,0.2931306256126905
valid,5,0.15815625,0.42390277777777774,0.06704287369791666,0.3730955735395302
valid,0,0.081171875,0.12055555555555555,0.009785720486111111,0.6733150921658987
valid,4,0.0913671875,0.31169444444444444,0.02847864474826389,0.2931306256126905
valid,5,0.15815625,0.42390277777777774,0.06704287369791666,0.3730955735395302
valid,0,0.059203125,0.11466666666666667,0.006788625,0.5163063226744187
valid,4,0.0913671875,0.31169444444444444,0.02847864474826389,0.2931306256126905
valid,4,0.15815625,0.42390277777777774,0.06704287369791666,0.3730955735395302
valid,0,0.059203125,0.11466666666666667,0.006788625,0.5163063226744187
valid,4,0.0913671875,0.31169444444444444,0.02847864474826389,0.2931306256126905
valid,4,0.15815625,0.42390277777777774,0.06704287369791666,0.3730955735395302
valid,0,0.059203125,0.11466666666666667,0.006788625,0.5163063226744187
valid,4,0.057234375000000004,0.20679166666666665,0.011835591796875,0.27677312109611124
valid,4,0.2248515625,0.5015416666666667,0.11277242740885417,0.44832080252554624
valid,0,0.1103203125,0.22656944444444443,0.0249952119140625,0.48691610985103906
valid,4,0.1921875,0.4323888888888889,0.08309973958333333,0.4444783502505461
valid,4,0.10246875,0.3688472222222222,0.037795313802083334,0.27780811085589485
valid,0,0.0333515625,0.06454166666666666,0.0021525654296875,0.516744673983215
valid,4,0.1247734375,0.4240833333333333,0.05291433528645833,0.2942191491452152
valid,0,0.08415625,0.148,0.012455125,0.5686233108108109
valid,4,0.0680546875,0.29290277777777773,0.01993340700954861,0.23234565413248617
valid,0,0.0408359375,0.06225,0.002542037109375,0.6559989959839357
valid,4,0.1247734375,0.4240833333333333,0.05291433528645833,0.2942191491452152
valid,0,0.06932812499999999,0.12741666666666665,0.008833558593749997,0.5441056245912361
valid,4,0.0680546875,0.29290277777777773,0.01993340700954861,0.23234565413248617
valid,0,0.0408359375,0.06225,0.002542037109375,0.6559989959839357
valid,4,0.096296875,0.3567083333333333,0.03434989778645833,0.26995970096951294
valid,4,0.0879765625,0.33026388888888886,0.029055481662326386,0.2663826275284915
valid,0,0.079984375,0.11163888888888888,0.008929366753472221,0.7164562080119433
valid,4,0.1247734375,0.4240833333333333,0.05291433528645833,0.2942191491452152
valid,0,0.0749375,0.10304166666666667,0.007721684895833334,0.727254346947028
valid,4,0.0929296875,0.4149583333333333,0.0385619482421875,0.22394944271513204
valid,4,0.1247734375,0.4240833333333333,0.05291433528645833,0.2942191491452152
valid,0,0.0749375,0.10304166666666667,0.007721684895833334,0.727254346947028
valid,4,0.046867187500000004,0.13977777777777778,0.006550991319444445,0.3352978437996821
valid,4,0.0913671875,0.31169444444444444,0.02847864474826389,0.2931306256126905
valid,4,0.1835234375,0.41406944444444443,0.07599144780815972,0.44321898165229934
valid,0,0.0892734375,0.11659722222222223,0.010409034830729167,0.7656566408576533
valid,5,0.1247734375,0.4240833333333333,0.05291433528645833,0.2942191491452152
valid,0,0.0749375,0.10304166666666667,0.007721684895833334,0.727254346947028
valid,4,0.08259375,0.14555555555555555,0.012021979166666665,0.5674379770992366
valid,4,0.1712578125,0.4179305555555556,0.07157387272135417,0.40977576351733075
valid,0,0.0749375,0.10304166666666667,0.007721684895833334,0.727254346947028
valid,4,0.0750546875,0.22208333333333335,0.016668395182291667,0.33795731707317067
valid,4,0.1366953125,0.40894444444444444,0.05590078862847222,0.33426377190599105
valid,0,0.0749375,0.10304166666666667,0.007721684895833334,0.727254346947028
valid,4,0.0750546875,0.22208333333333335,0.016668395182291667,0.33795731707317067
valid,2,0.1593828125,0.39911111111111114,0.06361145138888889,0.39934446339086854
valid,0,0.0650546875,0.09758333333333334,0.0063482532552083335,0.6666577711357813
valid,4,0.064125,0.19402777777777777,0.012442031249999999,0.3304939155332856
valid,4,0.0648828125,0.13726388888888888,0.00890606716579861,0.4726866842052009
valid,2,0.1593828125,0.39911111111111114,0.06361145138888889,0.39934446339086854
valid,0,0.0824609375,0.12281944444444445,0.010127806532118056,0.6713996946737532
valid,4,0.064125,0.19402777777777777,0.012442031249999999,0.3304939155332856
valid,4,0.0648828125,0.13726388888888888,0.00890606716579861,0.4726866842052009
valid,5,0.1593828125,0.39911111111111114,0.06361145138888889,0.39934446339086854
valid,0,0.0824609375,0.12281944444444445,0.010127806532118056,0.6713996946737532
valid,4,0.064125,0.19402777777777777,0.012442031249999999,0.3304939155332856
valid,4,0.0648828125,0.13726388888888888,0.00890606716579861,0.4726866842052009
valid,4,0.1143125,0.3812361111111111,0.043580052951388885,0.2998469889613465
valid,4,0.053492187499999996,0.11630555555555555,0.0062214385850694436,0.4599280511105803
valid,4,0.13446093750000002,0.4093611111111111,0.05504307877604168,0.32846534233561786
valid,0,0.081078125,0.09881944444444445,0.008012095269097222,0.820467322557976
valid,4,0.2240625,0.5539861111111111,0.12412751302083332,0.40445508561686766
valid,3,0.1004453125,0.1360972222222222,0.013670328016493052,0.7380408715175019
valid,4,0.1209375,0.29386111111111113,0.035538828125000005,0.4115464599678608
valid,0,0.073,0.12758333333333333,0.009313583333333332,0.5721750489875898
valid,4,0.084390625,0.2197777777777778,0.018547184027777778,0.3839816102123356
valid,4,0.0610390625,0.17391666666666666,0.010615710286458333,0.3509672975563009
valid,2,0.0604921875,0.12065277777777779,0.007298550455729168,0.5013741798089099
valid,4,0.16221875,0.33731944444444445,0.054719538628472224,0.48090542265409475
valid,4,0.1208984375,0.26084722222222223,0.03153602159288194,0.4634837069378627
valid,4,0.211140625,0.19069444444444447,0.040263344184027786,1.1072195921340129
valid,4,0.06639843749999999,0.17698611111111112,0.011751601236979166,0.375161853566664
valid,4,0.0625703125,0.20790277777777777,0.013008541775173611,0.3009594829313916
valid,4,0.1075625,0.16631944444444444,0.017889735243055555,0.646722338204593
valid,4,0.11534375,0.24037499999999998,0.027725753906249997,0.4798491939677587
valid,4,0.0655546875,0.25443055555555555,0.016679115559895832,0.25765257383044926
valid,5,0.1899375,0.3202638888888889,0.06083012239583334,0.5930656142937681
valid,5,0.1238828125,0.4371388888888889,0.05415399500868055,0.2833946273114316
valid,0,0.044937500000000005,0.12834722222222222,0.005767603298611112,0.35012444540634136
valid,4,0.07890625,0.15938888888888889,0.012576779513888888,0.49505489717671664
valid,4,0.1278359375,0.255,0.0325981640625,0.5013174019607843
valid,4,0.12430468750000001,0.4362222222222222,0.05422446701388889,0.28495725611309225
valid,4,0.0637578125,0.16668055555555555,0.010627187608506944,0.38251499875010414
valid,5,0.13214062499999998,0.2563888888888889,0.03387938802083333,0.5153913867822318
valid,0,0.04059375,0.10913888888888888,0.004430356770833333,0.3719457877322474
valid,4,0.1361640625,0.3923194444444445,0.05341980935329861,0.3470744680851063
valid,0,0.060265625,0.11383333333333333,0.006860236979166667,0.5294198389458273
valid,4,0.13971093750000002,0.45911111111111114,0.06414284375000001,0.3043074630929332
valid,0,0.0373203125,0.08276388888888889,0.0030887741970486112,0.45092507132069143
valid,4,0.0561796875,0.13976388888888888,0.0078518916015625,0.401961393222697
valid,4,0.06584375,0.20008333333333334,0.013174236979166669,0.32908163265306123
valid,5,0.097296875,0.4048194444444445,0.03938766688368056,0.24034634782310355
valid,0,0.0348125,0.11051388888888888,0.0038472647569444446,0.31500565539776304
valid,2,0.123984375,0.3464583333333333,0.042955419921874995,0.35786229705351774
valid,0,0.05207031250000001,0.12877777777777777,0.006705499131944445,0.40434237489214847
valid,4,0.108265625,0.5343055555555556,0.05784692491319445,0.2026286716922277
valid,4,0.1628671875,0.34052777777777776,0.055460801432291665,0.4782787135981728
valid,3,0.1281875,0.3237638888888889,0.04150248350694445,0.39592896057655186
valid,4,0.0796953125,0.20143055555555556,0.016053071072048612,0.39564659036061506
valid,0,0.054203125,0.08368055555555555,0.0045357476128472215,0.6477385892116183
valid,4,0.1583515625,0.30754166666666666,0.048699703450520826,0.5148946619699227
valid,2,0.27828906249999996,0.40423611111111113,0.11249448838975694,0.6884319704518123
valid,0,0.056343750000000005,0.16431944444444443,0.009258373697916667,0.3428915560814809
valid,0,0.070453125,0.09911111111111111,0.0069826875,0.7108499159192826
valid,1,0.0468984375,0.08068055555555556,0.0037837919921875005,0.5812855052504734
valid,4,0.168515625,0.1904722222222222,0.032097545572916664,0.8847254630304798
valid,4,0.1153359375,0.3555972222222222,0.04101313899739583,0.324344315119322
valid,0,0.044179687499999995,0.09088888888888888,0.004015442708333332,0.48608458129584353
valid,2,0.23264843750000003,0.5508472222222223,0.1281537455512153,0.4223465747207584
valid,0,0.0572890625,0.16120833333333331,0.009235474283854166,0.3553728353579737
valid,0,0.07390624999999999,0.16929166666666667,0.012511712239583332,0.43656165395028296
valid,1,0.027453125000000002,0.04783333333333333,0.0013131744791666667,0.5739329268292683
valid,4,0.1063125,0.43850000000000006,0.04661803125000001,0.24244583808437853
valid,2,0.1628671875,0.34052777777777776,0.055460801432291665,0.4782787135981728
valid,3,0.1281875,0.3237638888888889,0.04150248350694445,0.39592896057655186
valid,1,0.055296875,0.06834722222222223,0.003779387803819445,0.8090581182686446
valid,4,0.15532812499999998,0.45225,0.07024714453124999,0.3434563294637921
valid,0,0.0486875,0.08776388888888889,0.004273004340277778,0.554755499287862
valid,5,0.1998359375,0.4095138888888889,0.08183559190538195,0.4879832965914872
valid,0,0.05659375,0.183375,0.01037787890625,0.3086230402181322
valid,0,0.06965625,0.17859722222222224,0.012440412760416669,0.39001866397075974
valid,1,0.059335937500000005,0.078,0.004628203125000001,0.7607171474358975
valid,4,0.20242187500000003,0.25595833333333334,0.051811565755208344,0.7908391665310109
valid,4,0.23064843750000003,0.26516666666666666,0.06116027734375001,0.8698244028912635
valid,0,0.0654921875,0.10415277777777777,0.006821193250868054,0.6288088411788237
valid,4,0.09133593749999999,0.3419027777777778,0.031228010742187496,0.2671400861193484
valid,2,0.1628671875,0.34052777777777776,0.055460801432291665,0.4782787135981728
valid,3,0.1281875,0.3237638888888889,0.04150248350694445,0.39592896057655186
valid,1,0.055296875,0.06834722222222223,0.003779387803819445,0.8090581182686446
valid,4,0.24375,0.801138888888889,0.19527760416666667,0.30425436011234
valid,4,0.24375,0.801138888888889,0.19527760416666667,0.30425436011234
valid,4,0.25404166666666667,0.8522222222222222,0.2164999537037037,0.29809322033898306
valid,4,0.104640625,0.5565555555555556,0.05823832118055556,0.18801469854262326
valid,4,0.10036458333333333,0.32775000000000004,0.0328944921875,0.30622298499872863
valid,4,0.10036458333333333,0.32775000000000004,0.0328944921875,0.30622298499872863
valid,4,0.10036458333333333,0.32775000000000004,0.0328944921875,0.30622298499872863
valid,4,0.112078125,0.27405555555555555,0.0307156328125,0.40896133184674643
valid,4,0.112078125,0.27405555555555555,0.0307156328125,0.40896133184674643
valid,4,0.09632291666666666,0.25206481481481485,0.024279618152006174,0.3821355104139881
valid,4,0.10484895833333334,0.25472222222222224,0.026707359664351855,0.41162077426390403
valid,4,0.10484895833333334,0.25472222222222224,0.026707359664351855,0.41162077426390403
valid,4,0.10484895833333334,0.25472222222222224,0.026707359664351855,0.41162077426390403
valid,4,0.10484895833333334,0.25472222222222224,0.026707359664351855,0.41162077426390403
valid,4,0.10484895833333334,0.25472222222222224,0.026707359664351855,0.41162077426390403
valid,2,0.10484895833333334,0.25472222222222224,0.026707359664351855,0.41162077426390403
valid,1,0.015859375,0.044111111111111115,0.0006995746527777778,0.3595324307304785
valid,2,0.08925000000000001,0.25743518518518516,0.022976090277777778,0.34668920620076976
valid,1,0.015859375,0.044111111111111115,0.0006995746527777778,0.3595324307304785
valid,5,0.09978645833333334,0.3183425925925926,0.03176627985146605,0.3134561967365696
valid,1,0.015859375,0.044111111111111115,0.0006995746527777778,0.3595324307304785
valid,4,0.09978645833333334,0.3183425925925926,0.03176627985146605,0.3134561967365696
valid,4,0.11465624999999999,0.38360185185185186,0.043982349826388885,0.2988938907528542
valid,4,0.128125,0.4223611111111111,0.0541150173611111,0.30335415981585007
valid,4,0.128125,0.4223611111111111,0.0541150173611111,0.30335415981585007
valid,5,0.382875,0.9173333333333333,0.35122400000000004,0.41737827034883723
valid,1,0.058015625,0.13460185185185186,0.007809010561342593,0.4310165439911949
valid,2,0.382875,0.9173333333333333,0.35122400000000004,0.41737827034883723
valid,1,0.0613125,0.1510462962962963,0.009261026041666665,0.4059185925335622
valid,4,0.35354166666666664,0.7837685185185186,0.2770948283179012,0.4510791876853284
valid,4,0.30967187500000004,0.7245370370370371,0.22436874276620375,0.4274065495207668
valid,0,0.10775,0.2168425925925926,0.02336478935185185,0.4969042230667407
valid,4,0.2967447916666667,0.8762592592592593,0.2600253713348766,0.3386495361173338
valid,4,0.10316666666666667,0.7112407407407407,0.0733763364197531,0.14505168328690082
valid,4,0.23122395833333334,0.7955925925925926,0.1839600684799383,0.2906311100507425
valid,0,0.10775,0.2168425925925926,0.02336478935185185,0.4969042230667407
valid,4,0.121890625,0.33196296296296296,0.04046317303240741,0.3671813985272788
valid,4,0.2967447916666667,0.8762592592592593,0.2600253713348766,0.3386495361173338
valid,4,0.10316666666666667,0.7112407407407407,0.0733763364197531,0.14505168328690082
valid,4,0.2967447916666667,0.8762592592592593,0.2600253713348766,0.3386495361173338
valid,4,0.189640625,0.9088333333333333,0.17235172135416665,0.20866380891252523
valid,4,0.30249479166666665,0.9020462962962963,0.2728643064718364,0.33534286755422343
valid,4,0.3392291666666667,0.7912037037037037,0.2683993730709877,0.42875073142188413
valid,4,0.2967447916666667,0.8762592592592593,0.2600253713348766,0.3386495361173338
valid,4,0.11718229166666667,0.26464814814814813,0.031012076485339508,0.4427852319641733
valid,4,0.2967447916666667,0.8762592592592593,0.2600253713348766,0.3386495361173338
valid,4,0.20928645833333331,0.9118796296296297,0.1908440581114969,0.22951105774600689
valid,4,0.2967447916666667,0.8762592592592593,0.2600253713348766,0.3386495361173338
valid,4,0.20928645833333331,0.9118796296296297,0.1908440581114969,0.22951105774600689
valid,2,0.40970833333333334,0.6550833333333334,0.26839310069444444,0.625429334690243
valid,4,0.31909375,0.8704999999999999,0.277771109375,0.3665637564618036
valid,1,0.08526041666666666,0.17678703703703705,0.01507293643904321,0.48227753626983705
valid,5,0.40970833333333334,0.6550833333333334,0.26839310069444444,0.625429334690243
valid,4,0.31909375,0.8704999999999999,0.277771109375,0.3665637564618036
valid,1,0.08526041666666666,0.17678703703703705,0.01507293643904321,0.48227753626983705
valid,5,0.31366666666666665,0.6550925925925926,0.20548070987654318,0.47881272084805654
valid,2,0.31909375,0.8704999999999999,0.277771109375,0.3665637564618036
valid,1,0.08673958333333333,0.1495462962962963,0.01297158342978395,0.5800182651229026
valid,5,0.31366666666666665,0.6550925925925926,0.20548070987654318,0.47881272084805654
valid,2,0.31909375,0.8704999999999999,0.277771109375,0.3665637564618036
valid,1,0.08673958333333333,0.1495462962962963,0.01297158342978395,0.5800182651229026
valid,4,0.32515625,0.6438425925925926,0.20934944299768518,0.505024448119652
valid,2,0.31909375,0.8704999999999999,0.277771109375,0.3665637564618036
valid,1,0.08610416666666666,0.13699074074074072,0.011795473572530862,0.6285400473132816
valid,4,0.31366666666666665,0.6550925925925926,0.20548070987654318,0.47881272084805654
valid,4,0.2672708333333333,0.5649166666666667,0.15098574826388889,0.47311550376161665
valid,4,0.32515625,0.6438425925925926,0.20934944299768518,0.505024448119652
valid,2,0.31909375,0.8704999999999999,0.277771109375,0.3665637564618036
valid,1,0.08610416666666666,0.13699074074074072,0.011795473572530862,0.6285400473132816
valid,4,0.32515625,0.6438425925925926,0.20934944299768518,0.505024448119652
valid,2,0.31909375,0.8704999999999999,0.277771109375,0.3665637564618036
valid,1,0.08610416666666666,0.13699074074074072,0.011795473572530862,0.6285400473132816
valid,4,0.32515625,0.6438425925925926,0.20934944299768518,0.505024448119652
valid,2,0.31909375,0.8704999999999999,0.277771109375,0.3665637564618036
valid,1,0.08610416666666666,0.13699074074074072,0.011795473572530862,0.6285400473132816
valid,4,0.6084635416666667,1.0,0.6084635416666667,0.6084635416666667
valid,0,0.177328125,0.2655740740740741,0.04709375260416667,0.6677162506101387
valid,4,0.6084635416666667,1.0,0.6084635416666667,0.6084635416666667
valid,0,0.15615625,0.17066666666666666,0.026650666666666666,0.91497802734375
valid,4,0.6084635416666667,1.0,0.6084635416666667,0.6084635416666667
valid,0,0.15615625,0.17066666666666666,0.026650666666666666,0.91497802734375
valid,4,0.6084635416666667,1.0,0.6084635416666667,0.6084635416666667
valid,4,0.6084583333333333,1.0,0.6084583333333333,0.6084583333333333
valid,4,0.5750208333333333,1.0,0.5750208333333333,0.5750208333333333
valid,4,0.6633697916666667,0.9932962962962962,0.6589227571373456,0.6678468389947425
valid,4,0.6633697916666667,0.9932962962962962,0.6589227571373456,0.6678468389947425
valid,4,0.6633697916666667,0.9932962962962962,0.6589227571373456,0.6678468389947425
valid,0,0.11972395833333334,0.20692592592592593,0.024773990933641975,0.5785836540182567
valid,2,0.5593958333333333,0.9953611111111111,0.5568008582175926,0.56200290235258
valid,1,0.39188541666666665,0.25211111111111106,0.09879866782407405,1.5544154914059058
valid,2,0.5686354166666666,1.0,0.5686354166666666,0.5686354166666666
valid,1,0.39188541666666665,0.25211111111111106,0.09879866782407405,1.5544154914059058
valid,4,0.4645572916666667,0.9932962962962962,0.4614430372299383,0.4676925640404192
valid,2,0.5686354166666666,1.0,0.5686354166666666,0.5686354166666666
valid,1,0.39188541666666665,0.25211111111111106,0.09879866782407405,1.5544154914059058
valid,2,0.5686354166666666,1.0,0.5686354166666666,0.5686354166666666
valid,1,0.359703125,0.254962962962963,0.09171097453703705,1.4108054002033699
valid,2,0.5686354166666666,1.0,0.5686354166666666,0.5686354166666666
valid,1,0.359703125,0.254962962962963,0.09171097453703705,1.4108054002033699
valid,2,0.5686354166666666,1.0,0.5686354166666666,0.5686354166666666
valid,1,0.3214635416666667,0.26785185185185184,0.0861046049382716,1.200154262306416
valid,2,0.5686354166666666,1.0,0.5686354166666666,0.5686354166666666
valid,1,0.3380572916666667,0.23547222222222222,0.07960310170717594,1.435656777161732
valid,2,0.5686354166666666,1.0,0.5686354166666666,0.5686354166666666
valid,1,0.3380572916666667,0.23547222222222222,0.07960310170717594,1.435656777161732
valid,2,0.5686354166666666,1.0,0.5686354166666666,0.5686354166666666
valid,1,0.3380572916666667,0.23547222222222222,0.07960310170717594,1.435656777161732
valid,2,0.5686354166666666,1.0,0.5686354166666666,0.5686354166666666
valid,1,0.3174427083333333,0.17900925925925928,0.056825184076003094,1.773331221227952
valid,0,0.14714583333333334,0.38425925925925924,0.05654214891975309,0.3829337349397591
valid,2,0.5686354166666666,1.0,0.5686354166666666,0.5686354166666666
valid,1,0.3174427083333333,0.17900925925925928,0.056825184076003094,1.773331221227952
valid,0,0.14714583333333334,0.38425925925925924,0.05654214891975309,0.3829337349397591
valid,2,0.5686354166666666,1.0,0.5686354166666666,0.5686354166666666
valid,1,0.3174427083333333,0.17900925925925928,0.056825184076003094,1.773331221227952
valid,0,0.14714583333333334,0.38425925925925924,0.05654214891975309,0.3829337349397591
valid,2,0.5686354166666666,1.0,0.5686354166666666,0.5686354166666666
valid,1,0.3174427083333333,0.17900925925925928,0.056825184076003094,1.773331221227952
valid,0,0.14714583333333334,0.38425925925925924,0.05654214891975309,0.3829337349397591
valid,4,0.5686354166666666,1.0,0.5686354166666666,0.5686354166666666
valid,4,0.5686354166666666,1.0,0.5686354166666666,0.5686354166666666
valid,2,0.6773802083333333,1.0,0.6773802083333333,0.6773802083333333
valid,1,0.19972916666666668,0.20833333333333334,0.04161024305555556,0.9587
valid,2,0.6773802083333333,1.0,0.6773802083333333,0.6773802083333333
valid,1,0.19972916666666668,0.20833333333333334,0.04161024305555556,0.9587
valid,2,0.6773802083333333,1.0,0.6773802083333333,0.6773802083333333
valid,1,0.17032291666666666,0.3418333333333333,0.058222050347222214,0.4982630424183325
valid,2,0.6773802083333333,1.0,0.6773802083333333,0.6773802083333333
valid,1,0.17032291666666666,0.3418333333333333,0.058222050347222214,0.4982630424183325
valid,2,0.6773802083333333,1.0,0.6773802083333333,0.6773802083333333
valid,1,0.3678385416666667,0.31212962962962965,0.11481330777391976,1.1784800504301394
valid,2,0.7948645833333334,1.0,0.7948645833333334,0.7948645833333334
valid,1,0.20420833333333333,0.4042222222222222,0.08254554629629629,0.5051882902693787
valid,0,0.27988541666666666,0.32642592592592595,0.09136185628858025,0.8574239802575594
valid,4,0.5593958333333333,0.9953611111111111,0.5568008582175926,0.56200290235258
valid,2,0.7165520833333333,1.0,0.7165520833333333,0.7165520833333333
valid,1,0.2578125,0.38858333333333334,0.100181640625,0.6634677246407892
valid,0,0.20909895833333333,0.34185185185185185,0.07148086612654321,0.6116654252437703
valid,2,0.7165520833333333,1.0,0.7165520833333333,0.7165520833333333
valid,1,0.21755729166666665,0.16833333333333333,0.03662214409722222,1.2924195544554455
valid,4,0.597671875,1.0,0.597671875,0.597671875
valid,4,0.7368541666666667,1.0,0.7368541666666667,0.7368541666666667
valid,4,0.7368541666666667,1.0,0.7368541666666667,0.7368541666666667
valid,4,0.7368541666666667,1.0,0.7368541666666667,0.7368541666666667
valid,4,0.7368541666666667,1.0,0.7368541666666667,0.7368541666666667
valid,4,0.5593958333333333,0.9953611111111111,0.5568008582175926,0.56200290235258
valid,2,0.7368541666666667,1.0,0.7368541666666667,0.7368541666666667
valid,1,0.18533333333333332,0.1736111111111111,0.03217592592592592,1.06752
valid,2,0.7368541666666667,1.0,0.7368541666666667,0.7368541666666667
valid,1,0.18533333333333332,0.1736111111111111,0.03217592592592592,1.06752
valid,2,0.7368541666666667,1.0,0.7368541666666667,0.7368541666666667
valid,1,0.15371354166666668,0.13751851851851854,0.021138458526234572,1.1177661257743063
valid,2,0.6142968750000001,1.0,0.6142968750000001,0.6142968750000001
valid,1,0.15371354166666668,0.13751851851851854,0.021138458526234572,1.1177661257743063
valid,0,0.09671874999999999,0.22339814814814815,0.021606789641203702,0.43294338293198487
valid,2,0.6142968750000001,1.0,0.6142968750000001,0.6142968750000001
valid,1,0.15371354166666668,0.13751851851851854,0.021138458526234572,1.1177661257743063
valid,0,0.09671874999999999,0.22339814814814815,0.021606789641203702,0.43294338293198487
valid,2,0.6142968750000001,1.0,0.6142968750000001,0.6142968750000001
valid,1,0.15371354166666668,0.13751851851851854,0.021138458526234572,1.1177661257743063
valid,0,0.16436458333333331,0.2079537037037037,0.034180223861882714,0.7903902667082238
valid,5,0.5058854166666666,1.0,0.5058854166666666,0.5058854166666666
valid,1,0.15371354166666668,0.13751851851851854,0.021138458526234572,1.1177661257743063
valid,0,0.177328125,0.2655740740740741,0.04709375260416667,0.6677162506101387
valid,2,0.5593958333333333,0.9953611111111111,0.5568008582175926,0.56200290235258
valid,1,0.32417708333333334,0.2013888888888889,0.06528566261574074,1.609706896551724
valid,5,0.6084635416666667,1.0,0.6084635416666667,0.6084635416666667
valid,1,0.19416145833333334,0.10012962962962962,0.019441314911265432,1.9391009339744778
valid,0,0.177328125,0.2655740740740741,0.04709375260416667,0.6677162506101387
valid,5,0.6084635416666667,1.0,0.6084635416666667,0.6084635416666667
valid,0,0.177328125,0.2655740740740741,0.04709375260416667,0.6677162506101387
valid,4,0.3599375,0.7003333333333334,0.25207622916666667,0.513951689671585
valid,4,0.2334296875,0.6958194444444444,0.1624249154730903,0.33547451046927085
valid,4,0.3853046875,0.644,0.24813621875000003,0.5982992041925466
valid,4,0.28740625,0.7050555555555555,0.20263737326388886,0.40763631707509257
valid,4,0.3853046875,0.644,0.24813621875000003,0.5982992041925466
valid,4,0.28740625,0.7050555555555555,0.20263737326388886,0.40763631707509257
valid,4,0.074984375,0.33119444444444446,0.02483440842013889,0.22640589616707205
valid,4,0.3853046875,0.644,0.24813621875000003,0.5982992041925466
valid,4,0.28740625,0.7050555555555555,0.20263737326388886,0.40763631707509257
valid,4,0.074984375,0.33119444444444446,0.02483440842013889,0.22640589616707205
valid,4,0.3853046875,0.644,0.24813621875000003,0.5982992041925466
valid,4,0.24739062500000003,0.7050555555555555,0.17442413454861114,0.35088103774328266
valid,4,0.09341406249999999,0.3837777777777778,0.03585024131944444,0.24340664808917195
valid,4,0.3853046875,0.644,0.24813621875000003,0.5982992041925466
valid,4,0.24739062500000003,0.7050555555555555,0.17442413454861114,0.35088103774328266
valid,4,0.09341406249999999,0.3837777777777778,0.03585024131944444,0.24340664808917195
valid,4,0.3853046875,0.644,0.24813621875000003,0.5982992041925466
valid,4,0.24739062500000003,0.7050555555555555,0.17442413454861114,0.35088103774328266
valid,4,0.09341406249999999,0.3837777777777778,0.03585024131944444,0.24340664808917195
valid,4,0.3853046875,0.644,0.24813621875000003,0.5982992041925466
valid,4,0.28740625,0.7050555555555555,0.20263737326388886,0.40763631707509257
valid,4,0.3853046875,0.644,0.24813621875000003,0.5982992041925466
valid,4,0.24739062500000003,0.7050555555555555,0.17442413454861114,0.35088103774328266
valid,4,0.09341406249999999,0.3837777777777778,0.03585024131944444,0.24340664808917195
valid,4,0.3853046875,0.644,0.24813621875000003,0.5982992041925466
valid,4,0.24739062500000003,0.7050555555555555,0.17442413454861114,0.35088103774328266
valid,4,0.12278906249999999,0.3705555555555556,0.045500169270833335,0.33136478635682154
valid,4,0.3853046875,0.644,0.24813621875000003,0.5982992041925466
valid,4,0.24739062500000003,0.7050555555555555,0.17442413454861114,0.35088103774328266
valid,4,0.12278906249999999,0.3705555555555556,0.045500169270833335,0.33136478635682154
valid,4,0.3853046875,0.644,0.24813621875000003,0.5982992041925466
valid,4,0.24739062500000003,0.7050555555555555,0.17442413454861114,0.35088103774328266
valid,4,0.12278906249999999,0.3705555555555556,0.045500169270833335,0.33136478635682154
valid,4,0.3853046875,0.644,0.24813621875000003,0.5982992041925466
valid,4,0.24739062500000003,0.7050555555555555,0.17442413454861114,0.35088103774328266
valid,4,0.12278906249999999,0.3705555555555556,0.045500169270833335,0.33136478635682154
valid,4,0.3853046875,0.644,0.24813621875000003,0.5982992041925466
valid,4,0.24739062500000003,0.7050555555555555,0.17442413454861114,0.35088103774328266
valid,4,0.12278906249999999,0.3705555555555556,0.045500169270833335,0.33136478635682154
valid,4,0.3853046875,0.644,0.24813621875000003,0.5982992041925466
valid,4,0.24739062500000003,0.7050555555555555,0.17442413454861114,0.35088103774328266
valid,4,0.1496015625,0.4035833333333333,0.060376697265624994,0.3706832025603965
valid,4,0.3853046875,0.644,0.24813621875000003,0.5982992041925466
valid,4,0.24739062500000003,0.7050555555555555,0.17442413454861114,0.35088103774328266
valid,4,0.1496015625,0.4035833333333333,0.060376697265624994,0.3706832025603965
valid,4,0.3853046875,0.644,0.24813621875000003,0.5982992041925466
valid,4,0.24739062500000003,0.7050555555555555,0.17442413454861114,0.35088103774328266
valid,2,0.2038125,0.6844583333333334,0.13950116406250002,0.29777196079625007
valid,1,0.03578125,0.07068055555555555,0.002529038628472222,0.5062389467478876
valid,4,0.3853046875,0.644,0.24813621875000003,0.5982992041925466
valid,4,0.24739062500000003,0.7050555555555555,0.17442413454861114,0.35088103774328266
valid,4,0.2038125,0.6844583333333334,0.13950116406250002,0.29777196079625007
valid,4,0.3853046875,0.644,0.24813621875000003,0.5982992041925466
valid,4,0.24739062500000003,0.7050555555555555,0.17442413454861114,0.35088103774328266
valid,4,0.2038125,0.6844583333333334,0.13950116406250002,0.29777196079625007
valid,4,0.3853046875,0.644,0.24813621875000003,0.5982992041925466
valid,4,0.24739062500000003,0.7050555555555555,0.17442413454861114,0.35088103774328266
valid,4,0.2038125,0.6844583333333334,0.13950116406250002,0.29777196079625007
valid,4,0.3853046875,0.644,0.24813621875000003,0.5982992041925466
valid,4,0.24739062500000003,0.7050555555555555,0.17442413454861114,0.35088103774328266
valid,4,0.2038125,0.6844583333333334,0.13950116406250002,0.29777196079625007
valid,4,0.3853046875,0.644,0.24813621875000003,0.5982992041925466
valid,4,0.24739062500000003,0.7050555555555555,0.17442413454861114,0.35088103774328266
valid,4,0.2038125,0.6844583333333334,0.13950116406250002,0.29777196079625007
valid,4,0.3853046875,0.644,0.24813621875000003,0.5982992041925466
valid,4,0.24739062500000003,0.7050555555555555,0.17442413454861114,0.35088103774328266
valid,4,0.2038125,0.6844583333333334,0.13950116406250002,0.29777196079625007
valid,4,0.3853046875,0.644,0.24813621875000003,0.5982992041925466
valid,4,0.24739062500000003,0.7050555555555555,0.17442413454861114,0.35088103774328266
valid,2,0.222125,0.6844583333333334,0.15203530729166667,0.3245266938576733
valid,1,0.061968749999999996,0.08618055555555555,0.005340501302083332,0.7190572119258662
valid,4,0.3853046875,0.644,0.24813621875000003,0.5982992041925466
valid,4,0.24739062500000003,0.7050555555555555,0.17442413454861114,0.35088103774328266
valid,2,0.222125,0.6844583333333334,0.15203530729166667,0.3245266938576733
valid,1,0.061968749999999996,0.08618055555555555,0.005340501302083332,0.7190572119258662
valid,4,0.3853046875,0.644,0.24813621875000003,0.5982992041925466
valid,4,0.24739062500000003,0.7050555555555555,0.17442413454861114,0.35088103774328266
valid,2,0.222125,0.6844583333333334,0.15203530729166667,0.3245266938576733
valid,1,0.061968749999999996,0.08618055555555555,0.005340501302083332,0.7190572119258662
valid,4,0.3853046875,0.644,0.24813621875000003,0.5982992041925466
valid,4,0.24739062500000003,0.7050555555555555,0.17442413454861114,0.35088103774328266
valid,2,0.222125,0.6844583333333334,0.15203530729166667,0.3245266938576733
valid,1,0.031734374999999995,0.07940277777777778,0.0025197975260416662,0.3996632849396536
valid,4,0.3853046875,0.644,0.24813621875000003,0.5982992041925466
valid,4,0.28740625,0.7050555555555555,0.20263737326388886,0.40763631707509257
valid,4,0.3853046875,0.644,0.24813621875000003,0.5982992041925466
valid,4,0.24739062500000003,0.7050555555555555,0.17442413454861114,0.35088103774328266
valid,4,0.1457578125,0.683138888888889,0.09957283007812501,0.21336482942300652
valid,4,0.3853046875,0.644,0.24813621875000003,0.5982992041925466
valid,4,0.24739062500000003,0.7050555555555555,0.17442413454861114,0.35088103774328266
valid,4,0.1457578125,0.683138888888889,0.09957283007812501,0.21336482942300652
valid,4,0.3853046875,0.644,0.24813621875000003,0.5982992041925466
valid,4,0.36025,0.7031805555555556,0.2533207951388889,0.5123150763396472
valid,4,0.10317968749999999,0.13318055555555555,0.01374152810329861,0.774735373865888
valid,4,0.3853046875,0.644,0.24813621875000003,0.5982992041925466
valid,4,0.36025,0.7031805555555556,0.2533207951388889,0.5123150763396472
valid,4,0.3853046875,0.644,0.24813621875000003,0.5982992041925466
valid,4,0.276171875,0.7164861111111112,0.19787331271701392,0.38545321495725665
valid,4,0.124859375,0.2704583333333333,0.03376925846354166,0.4616584501617625
valid,4,0.2580078125,0.644,0.16615703125,0.40063324922360244
valid,4,0.276171875,0.7164861111111112,0.19787331271701392,0.38545321495725665
valid,4,0.124859375,0.2704583333333333,0.03376925846354166,0.4616584501617625
valid,4,0.3853046875,0.644,0.24813621875000003,0.5982992041925466
valid,4,0.28740625,0.7050555555555555,0.20263737326388886,0.40763631707509257
valid,4,0.28765625,0.7964722222222222,0.22911021267361112,0.3611629407456492
valid,2,0.46281249999999996,0.35344444444444445,0.16357850694444442,1.3094349261238603
valid,4,0.20465624999999998,0.3388611111111111,0.06935004427083333,0.6039531928846626
valid,0,0.10232812499999999,0.2325,0.0237912890625,0.44012096774193543
valid,4,0.20587499999999997,0.41936111111111113,0.08633596874999999,0.4909253494071669
valid,4,0.15546875,0.2941666666666667,0.04573372395833333,0.5285056657223796
valid,1,0.040281250000000005,0.07886111111111112,0.0031766241319444452,0.5107872490313491
valid,2,0.28765625,0.7964722222222222,0.22911021267361112,0.3611629407456492
valid,4,0.547859375,0.41791666666666666,0.22895956380208335,1.3109297108673978
valid,4,0.20465624999999998,0.3388611111111111,0.06935004427083333,0.6039531928846626
valid,0,0.10232812499999999,0.2325,0.0237912890625,0.44012096774193543
valid,4,0.20587499999999997,0.41936111111111113,0.08633596874999999,0.4909253494071669
valid,4,0.15546875,0.2941666666666667,0.04573372395833333,0.5285056657223796
valid,1,0.03428125,0.06797222222222223,0.0023301727430555556,0.5043420514916224
valid,2,0.34875,0.7446944444444443,0.25971218749999997,0.46831288000298416
valid,4,0.436453125,0.4181944444444445,0.1825222721354167,1.0436607439388907
valid,4,0.20465624999999998,0.3388611111111111,0.06935004427083333,0.6039531928846626
valid,0,0.10232812499999999,0.2325,0.0237912890625,0.44012096774193543
valid,4,0.20587499999999997,0.41936111111111113,0.08633596874999999,0.4909253494071669
valid,4,0.15546875,0.2941666666666667,0.04573372395833333,0.5285056657223796
valid,1,0.03428125,0.06797222222222223,0.0023301727430555556,0.5043420514916224
valid,4,0.21223437500000003,0.7753333333333333,0.1645523854166667,0.27373307179707657
valid,4,0.338140625,0.3645833333333333,0.12328043619791665,0.9274714285714285
valid,4,0.20465624999999998,0.3388611111111111,0.06935004427083333,0.6039531928846626
valid,0,0.13115625,0.21375,0.0280346484375,0.6135964912280703
valid,4,0.1753125,0.41425,0.07262320312500001,0.4232045866022933
valid,2,0.34875,0.7446944444444443,0.25971218749999997,0.46831288000298416
valid,4,0.436453125,0.4181944444444445,0.1825222721354167,1.0436607439388907
valid,4,0.20465624999999998,0.3388611111111111,0.06935004427083333,0.6039531928846626
valid,0,0.10232812499999999,0.2325,0.0237912890625,0.44012096774193543
valid,4,0.20587499999999997,0.41936111111111113,0.08633596874999999,0.4909253494071669
valid,4,0.15546875,0.2941666666666667,0.04573372395833333,0.5285056657223796
valid,1,0.03428125,0.06797222222222223,0.0023301727430555556,0.5043420514916224
valid,2,0.34875,0.7446944444444443,0.25971218749999997,0.46831288000298416
valid,4,0.436453125,0.4181944444444445,0.1825222721354167,1.0436607439388907
valid,4,0.20465624999999998,0.3388611111111111,0.06935004427083333,0.6039531928846626
valid,0,0.10232812499999999,0.2325,0.0237912890625,0.44012096774193543
valid,4,0.20587499999999997,0.41936111111111113,0.08633596874999999,0.4909253494071669
valid,4,0.15546875,0.2941666666666667,0.04573372395833333,0.5285056657223796
valid,1,0.03428125,0.06797222222222223,0.0023301727430555556,0.5043420514916224
valid,2,0.34875,0.7446944444444443,0.25971218749999997,0.46831288000298416
valid,4,0.436453125,0.4181944444444445,0.1825222721354167,1.0436607439388907
valid,4,0.20465624999999998,0.3388611111111111,0.06935004427083333,0.6039531928846626
valid,0,0.10232812499999999,0.2325,0.0237912890625,0.44012096774193543
valid,4,0.20587499999999997,0.41936111111111113,0.08633596874999999,0.4909253494071669
valid,4,0.15546875,0.2941666666666667,0.04573372395833333,0.5285056657223796
valid,1,0.03428125,0.06797222222222223,0.0023301727430555556,0.5043420514916224
valid,2,0.34875,0.7446944444444443,0.25971218749999997,0.46831288000298416
valid,4,0.436453125,0.4181944444444445,0.1825222721354167,1.0436607439388907
valid,4,0.20465624999999998,0.3388611111111111,0.06935004427083333,0.6039531928846626
valid,4,0.20587499999999997,0.41936111111111113,0.08633596874999999,0.4909253494071669
valid,4,0.15546875,0.2941666666666667,0.04573372395833333,0.5285056657223796
valid,1,0.03428125,0.06797222222222223,0.0023301727430555556,0.5043420514916224
valid,2,0.379703125,0.6419722222222223,0.24375885894097224,0.5914634805936566
valid,4,0.436453125,0.4181944444444445,0.1825222721354167,1.0436607439388907
valid,4,0.20465624999999998,0.3388611111111111,0.06935004427083333,0.6039531928846626
valid,4,0.158359375,0.3904444444444444,0.06183053819444444,0.4055874715424018
valid,4,0.15546875,0.2941666666666667,0.04573372395833333,0.5285056657223796
valid,1,0.03428125,0.06797222222222223,0.0023301727430555556,0.5043420514916224
valid,4,0.21223437500000003,0.7753333333333333,0.1645523854166667,0.27373307179707657
valid,4,0.338140625,0.3645833333333333,0.12328043619791665,0.9274714285714285
valid,4,0.20465624999999998,0.3388611111111111,0.06935004427083333,0.6039531928846626
valid,0,0.13115625,0.21375,0.0280346484375,0.6135964912280703
valid,4,0.1753125,0.41425,0.07262320312500001,0.4232045866022933
valid,2,0.379703125,0.6419722222222223,0.24375885894097224,0.5914634805936566
valid,4,0.436453125,0.4181944444444445,0.1825222721354167,1.0436607439388907
valid,4,0.20465624999999998,0.3388611111111111,0.06935004427083333,0.6039531928846626
valid,4,0.156828125,0.2578333333333333,0.04043551822916667,0.6082538784744669
valid,4,0.15546875,0.2941666666666667,0.04573372395833333,0.5285056657223796
valid,1,0.03428125,0.06797222222222223,0.0023301727430555556,0.5043420514916224
valid,2,0.379703125,0.6419722222222223,0.24375885894097224,0.5914634805936566
valid,4,0.436453125,0.4181944444444445,0.1825222721354167,1.0436607439388907
valid,4,0.20465624999999998,0.3388611111111111,0.06935004427083333,0.6039531928846626
valid,4,0.156828125,0.2578333333333333,0.04043551822916667,0.6082538784744669
valid,4,0.15546875,0.2941666666666667,0.04573372395833333,0.5285056657223796
valid,1,0.03428125,0.06797222222222223,0.0023301727430555556,0.5043420514916224
valid,2,0.379703125,0.6419722222222223,0.24375885894097224,0.5914634805936566
valid,2,0.436453125,0.41816666666666663,0.1825101484375,1.04373007174173
valid,4,0.20465624999999998,0.3388611111111111,0.06935004427083333,0.6039531928846626
valid,4,0.18076562499999999,0.35694444444444445,0.06452328559027777,0.5064250972762645
valid,4,0.15546875,0.2941666666666667,0.04573372395833333,0.5285056657223796
valid,1,0.03428125,0.06797222222222223,0.0023301727430555556,0.5043420514916224
valid,1,0.085890625,0.10505555555555555,0.00902328732638889,0.817573373876256
valid,4,0.28425,0.6115277777777778,0.17382677083333334,0.4648194412900295
valid,2,0.5156875000000001,0.4181944444444445,0.2156576475694445,1.2331285287279974
valid,4,0.20465624999999998,0.3388611111111111,0.06935004427083333,0.6039531928846626
valid,4,0.179953125,0.33661111111111114,0.060574221354166666,0.5346024508994883
valid,4,0.15546875,0.2941666666666667,0.04573372395833333,0.5285056657223796
valid,1,0.046109375,0.10577777777777778,0.004877347222222222,0.4359079569327731
valid,4,0.28425,0.6115277777777778,0.17382677083333334,0.4648194412900295
valid,2,0.5156875000000001,0.4181944444444445,0.2156576475694445,1.2331285287279974
valid,4,0.20465624999999998,0.3388611111111111,0.06935004427083333,0.6039531928846626
valid,4,0.179953125,0.33661111111111114,0.060574221354166666,0.5346024508994883
valid,4,0.15546875,0.2941666666666667,0.04573372395833333,0.5285056657223796
valid,1,0.046109375,0.10577777777777778,0.004877347222222222,0.4359079569327731
valid,4,0.28425,0.6115277777777778,0.17382677083333334,0.4648194412900295
valid,2,0.5156875000000001,0.41816666666666663,0.21564332291666669,1.2332104424073338
valid,4,0.20465624999999998,0.3388611111111111,0.06935004427083333,0.6039531928846626
valid,4,0.179953125,0.33661111111111114,0.060574221354166666,0.5346024508994883
valid,4,0.15546875,0.2941666666666667,0.04573372395833333,0.5285056657223796
valid,1,0.046109375,0.10577777777777778,0.004877347222222222,0.4359079569327731
valid,4,0.28425,0.6115277777777778,0.17382677083333334,0.4648194412900295
valid,2,0.549515625,0.3875555555555556,0.21296783333333333,1.4179015553325685
valid,4,0.20465624999999998,0.3388611111111111,0.06935004427083333,0.6039531928846626
valid,4,0.179953125,0.33661111111111114,0.060574221354166666,0.5346024508994883
valid,4,0.15546875,0.2941666666666667,0.04573372395833333,0.5285056657223796
valid,1,0.046109375,0.10577777777777778,0.004877347222222222,0.4359079569327731
valid,4,0.137859375,0.6161944444444445,0.08494818098958334,0.22372706577108595
valid,4,0.338140625,0.3645833333333333,0.12328043619791665,0.9274714285714285
valid,4,0.20465624999999998,0.3388611111111111,0.06935004427083333,0.6039531928846626
valid,0,0.13115625,0.21375,0.0280346484375,0.6135964912280703
valid,4,0.1753125,0.41425,0.07262320312500001,0.4232045866022933
valid,4,0.27121875,0.7833333333333333,0.21245468750000002,0.3462367021276596
valid,2,0.549515625,0.3875555555555556,0.21296783333333333,1.4179015553325685
valid,4,0.20465624999999998,0.3388611111111111,0.06935004427083333,0.6039531928846626
valid,4,0.2004375,0.5120833333333333,0.102640703125,0.39141578519121234
valid,4,0.15546875,0.2941666666666667,0.04573372395833333,0.5285056657223796
valid,1,0.046109375,0.10577777777777778,0.004877347222222222,0.4359079569327731
valid,4,0.27121875,0.7833333333333333,0.21245468750000002,0.3462367021276596
valid,2,0.549515625,0.3875555555555556,0.21296783333333333,1.4179015553325685
valid,4,0.20465624999999998,0.3388611111111111,0.06935004427083333,0.6039531928846626
valid,4,0.2004375,0.5120833333333333,0.102640703125,0.39141578519121234
valid,4,0.15546875,0.2941666666666667,0.04573372395833333,0.5285056657223796
valid,1,0.046109375,0.10577777777777778,0.004877347222222222,0.4359079569327731
valid,4,0.27121875,0.7833333333333333,0.21245468750000002,0.3462367021276596
valid,2,0.549515625,0.3875555555555556,0.21296783333333333,1.4179015553325685
valid,4,0.20465624999999998,0.3388611111111111,0.06935004427083333,0.6039531928846626
valid,4,0.2004375,0.5120555555555556,0.10263513541666668,0.3914370185526744
valid,4,0.15546875,0.2941666666666667,0.04573372395833333,0.5285056657223796
valid,1,0.046109375,0.10577777777777778,0.004877347222222222,0.4359079569327731
valid,4,0.27121875,0.7833333333333333,0.21245468750000002,0.3462367021276596
valid,2,0.549515625,0.3875555555555556,0.21296783333333333,1.4179015553325685
valid,4,0.20465624999999998,0.3388611111111111,0.06935004427083333,0.6039531928846626
valid,4,0.3256875,0.364,0.11855025000000001,0.8947458791208792
valid,4,0.15546875,0.2941666666666667,0.04573372395833333,0.5285056657223796
valid,1,0.046109375,0.10577777777777778,0.004877347222222222,0.4359079569327731
valid,4,0.27121875,0.7833333333333333,0.21245468750000002,0.3462367021276596
valid,2,0.549515625,0.3875555555555556,0.21296783333333333,1.4179015553325685
valid,4,0.20465624999999998,0.3388611111111111,0.06935004427083333,0.6039531928846626
valid,4,0.3256875,0.364,0.11855025000000001,0.8947458791208792
valid,4,0.15546875,0.2941666666666667,0.04573372395833333,0.5285056657223796
valid,1,0.046109375,0.10577777777777778,0.004877347222222222,0.4359079569327731
valid,4,0.27121875,0.7833333333333333,0.21245468750000002,0.3462367021276596
valid,2,0.549515625,0.3875555555555556,0.21296783333333333,1.4179015553325685
valid,4,0.20465624999999998,0.3388611111111111,0.06935004427083333,0.6039531928846626
valid,4,0.3256875,0.364,0.11855025000000001,0.8947458791208792
valid,4,0.15546875,0.2941666666666667,0.04573372395833333,0.5285056657223796
valid,1,0.046109375,0.10577777777777778,0.004877347222222222,0.4359079569327731
valid,4,0.27121875,0.7833333333333333,0.21245468750000002,0.3462367021276596
valid,2,0.549515625,0.34291666666666665,0.18843806640624997,1.6024756986634265
valid,4,0.20465624999999998,0.3388611111111111,0.06935004427083333,0.6039531928846626
valid,4,0.176,0.4006111111111111,0.07050755555555555,0.4393288032173069
valid,4,0.134484375,0.3001666666666667,0.0403677265625,0.4480323431426984
valid,1,0.040890625,0.08830555555555555,0.0036108693576388886,0.46305835168291914
valid,4,0.27121875,0.7833333333333333,0.21245468750000002,0.3462367021276596
valid,2,0.549515625,0.34291666666666665,0.18843806640624997,1.6024756986634265
valid,4,0.20465624999999998,0.3388611111111111,0.06935004427083333,0.6039531928846626
valid,4,0.176,0.4006111111111111,0.07050755555555555,0.4393288032173069
valid,4,0.134484375,0.3001666666666667,0.0403677265625,0.4480323431426984
valid,1,0.040890625,0.08830555555555555,0.0036108693576388886,0.46305835168291914
valid,4,0.27121875,0.7833333333333333,0.21245468750000002,0.3462367021276596
valid,2,0.549515625,0.34291666666666665,0.18843806640624997,1.6024756986634265
valid,4,0.20465624999999998,0.3388611111111111,0.06935004427083333,0.6039531928846626
valid,4,0.176,0.4006111111111111,0.07050755555555555,0.4393288032173069
valid,4,0.134484375,0.3001666666666667,0.0403677265625,0.4480323431426984
valid,1,0.040890625,0.08830555555555555,0.0036108693576388886,0.46305835168291914
valid,4,0.27121875,0.7833333333333333,0.21245468750000002,0.3462367021276596
valid,2,0.549515625,0.34291666666666665,0.18843806640624997,1.6024756986634265
valid,4,0.20465624999999998,0.3388611111111111,0.06935004427083333,0.6039531928846626
valid,4,0.176,0.4006111111111111,0.07050755555555555,0.4393288032173069
valid,4,0.134484375,0.3001666666666667,0.0403677265625,0.4480323431426984
valid,1,0.040890625,0.08830555555555555,0.0036108693576388886,0.46305835168291914
valid,4,0.27121875,0.7833333333333333,0.21245468750000002,0.3462367021276596
valid,2,0.549515625,0.34291666666666665,0.18843806640624997,1.6024756986634265
valid,4,0.20465624999999998,0.3388611111111111,0.06935004427083333,0.6039531928846626
valid,4,0.176,0.4006111111111111,0.07050755555555555,0.4393288032173069
valid,4,0.134484375,0.3001666666666667,0.0403677265625,0.4480323431426984
valid,1,0.040890625,0.08830555555555555,0.0036108693576388886,0.46305835168291914
valid,4,0.27121875,0.7833333333333333,0.21245468750000002,0.3462367021276596
valid,4,0.549515625,0.34291666666666665,0.18843806640624997,1.6024756986634265
valid,4,0.20465624999999998,0.3388611111111111,0.06935004427083333,0.6039531928846626
valid,4,0.176,0.4006111111111111,0.07050755555555555,0.4393288032173069
valid,4,0.134484375,0.3001666666666667,0.0403677265625,0.4480323431426984
valid,4,0.27121875,0.7833333333333333,0.21245468750000002,0.3462367021276596
valid,4,0.49670312499999997,0.33738888888888885,0.16758211545138885,1.472197637082167
valid,4,0.20465624999999998,0.3388611111111111,0.06935004427083333,0.6039531928846626
valid,4,0.176,0.4006111111111111,0.07050755555555555,0.4393288032173069
valid,4,0.134484375,0.3001666666666667,0.0403677265625,0.4480323431426984
valid,4,0.27121875,0.7833333333333333,0.21245468750000002,0.3462367021276596
valid,4,0.49670312499999997,0.33738888888888885,0.16758211545138885,1.472197637082167
valid,4,0.20465624999999998,0.3388611111111111,0.06935004427083333,0.6039531928846626
valid,4,0.193953125,0.522,0.10124353125,0.37155771072796934
valid,4,0.134484375,0.3001666666666667,0.0403677265625,0.4480323431426984
valid,4,0.27121875,0.7833333333333333,0.21245468750000002,0.3462367021276596
valid,2,0.49670312499999997,0.33738888888888885,0.16758211545138885,1.472197637082167
valid,4,0.20465624999999998,0.3388611111111111,0.06935004427083333,0.6039531928846626
valid,4,0.146765625,0.39647222222222217,0.05818849348958333,0.3701788341624046
valid,4,0.134484375,0.3001666666666667,0.0403677265625,0.4480323431426984
valid,1,0.047859374999999996,0.08205555555555555,0.003927127604166666,0.5832557549085985
valid,4,0.21223437500000003,0.7753333333333333,0.1645523854166667,0.27373307179707657
valid,4,0.338140625,0.3645833333333333,0.12328043619791665,0.9274714285714285
valid,4,0.20465624999999998,0.3388611111111111,0.06935004427083333,0.6039531928846626
valid,0,0.13115625,0.21375,0.0280346484375,0.6135964912280703
valid,4,0.1753125,0.41425,0.07262320312500001,0.4232045866022933
valid,4,0.27121875,0.7833333333333333,0.21245468750000002,0.3462367021276596
valid,2,0.5460625,0.355,0.1938521875,1.5382042253521129
valid,4,0.20465624999999998,0.3388611111111111,0.06935004427083333,0.6039531928846626
valid,4,0.16946875,0.3838055555555555,0.06504304774305555,0.4415484548020555
valid,4,0.134484375,0.3001666666666667,0.0403677265625,0.4480323431426984
valid,1,0.047859374999999996,0.08205555555555555,0.003927127604166666,0.5832557549085985
valid,4,0.27121875,0.7833333333333333,0.21245468750000002,0.3462367021276596
valid,2,0.5460625,0.355,0.1938521875,1.5382042253521129
valid,4,0.20465624999999998,0.3388611111111111,0.06935004427083333,0.6039531928846626
valid,4,0.16946875,0.3838055555555555,0.06504304774305555,0.4415484548020555
valid,4,0.134484375,0.3001666666666667,0.0403677265625,0.4480323431426984
valid,1,0.047859374999999996,0.08205555555555555,0.003927127604166666,0.5832557549085985
valid,4,0.27121875,0.7833333333333333,0.21245468750000002,0.3462367021276596
valid,4,0.515125,0.35480555555555554,0.18276921180555555,1.4518515618883585
valid,4,0.20465624999999998,0.3388611111111111,0.06935004427083333,0.6039531928846626
valid,4,0.16946875,0.3838055555555555,0.06504304774305555,0.4415484548020555
valid,4,0.134484375,0.3001666666666667,0.0403677265625,0.4480323431426984
valid,4,0.27121875,0.7833333333333333,0.21245468750000002,0.3462367021276596
valid,4,0.515125,0.35480555555555554,0.18276921180555555,1.4518515618883585
valid,4,0.20465624999999998,0.3388611111111111,0.06935004427083333,0.6039531928846626
valid,4,0.16946875,0.3838055555555555,0.06504304774305555,0.4415484548020555
valid,4,0.134484375,0.3001666666666667,0.0403677265625,0.4480323431426984
valid,4,0.27121875,0.7833333333333333,0.21245468750000002,0.3462367021276596
valid,4,0.4185,0.36872222222222223,0.15431025,1.1350007533524182
valid,4,0.20465624999999998,0.3388611111111111,0.06935004427083333,0.6039531928846626
valid,4,0.16946875,0.3838055555555555,0.06504304774305555,0.4415484548020555
valid,4,0.134484375,0.3001666666666667,0.0403677265625,0.4480323431426984
valid,2,0.166015625,0.6394722222222222,0.10616238064236111,0.2596135050605968
valid,4,0.338140625,0.3645833333333333,0.12328043619791665,0.9274714285714285
valid,4,0.20465624999999998,0.3388611111111111,0.06935004427083333,0.6039531928846626
valid,0,0.09471874999999999,0.1951111111111111,0.018480680555555552,0.4854605637813212
valid,4,0.1753125,0.41425,0.07262320312500001,0.4232045866022933
valid,1,0.07475000000000001,0.11166666666666668,0.008347083333333335,0.6694029850746269
valid,4,0.27121875,0.7833333333333333,0.21245468750000002,0.3462367021276596
valid,4,0.4185,0.36872222222222223,0.15431025,1.1350007533524182
valid,4,0.20465624999999998,0.3388611111111111,0.06935004427083333,0.6039531928846626
valid,4,0.16946875,0.3838055555555555,0.06504304774305555,0.4415484548020555
valid,4,0.134484375,0.3001666666666667,0.0403677265625,0.4480323431426984
valid,4,0.27121875,0.7833333333333333,0.21245468750000002,0.3462367021276596
valid,4,0.4185,0.36872222222222223,0.15431025,1.1350007533524182
valid,4,0.20465624999999998,0.3388611111111111,0.06935004427083333,0.6039531928846626
valid,4,0.16946875,0.3838055555555555,0.06504304774305555,0.4415484548020555
valid,4,0.134484375,0.3001666666666667,0.0403677265625,0.4480323431426984
valid,4,0.27121875,0.7833333333333333,0.21245468750000002,0.3462367021276596
valid,4,0.4185,0.36872222222222223,0.15431025,1.1350007533524182
valid,4,0.20465624999999998,0.3388611111111111,0.06935004427083333,0.6039531928846626
valid,4,0.16946875,0.3838055555555555,0.06504304774305555,0.4415484548020555
valid,4,0.134484375,0.3001666666666667,0.0403677265625,0.4480323431426984
valid,4,0.27121875,0.7833333333333333,0.21245468750000002,0.3462367021276596
valid,4,0.4185,0.36872222222222223,0.15431025,1.1350007533524182
valid,4,0.20465624999999998,0.3388611111111111,0.06935004427083333,0.6039531928846626
valid,4,0.16946875,0.3838055555555555,0.06504304774305555,0.4415484548020555
valid,4,0.134484375,0.3001666666666667,0.0403677265625,0.4480323431426984
valid,4,0.27121875,0.7833333333333333,0.21245468750000002,0.3462367021276596
valid,4,0.4185,0.36872222222222223,0.15431025,1.1350007533524182
valid,4,0.20465624999999998,0.3388611111111111,0.06935004427083333,0.6039531928846626
valid,4,0.16946875,0.3838055555555555,0.06504304774305555,0.4415484548020555
valid,4,0.134484375,0.3001666666666667,0.0403677265625,0.4480323431426984
valid,4,0.27121875,0.7833333333333333,0.21245468750000002,0.3462367021276596
valid,4,0.4185,0.36872222222222223,0.15431025,1.1350007533524182
valid,4,0.20465624999999998,0.3388611111111111,0.06935004427083333,0.6039531928846626
valid,4,0.142,0.3110555555555556,0.04416988888888889,0.45651009108769414
valid,4,0.134484375,0.3001666666666667,0.0403677265625,0.4480323431426984
valid,4,0.27121875,0.7833333333333333,0.21245468750000002,0.3462367021276596
valid,4,0.4185,0.36872222222222223,0.15431025,1.1350007533524182
valid,4,0.20465624999999998,0.3388611111111111,0.06935004427083333,0.6039531928846626
valid,4,0.142,0.3110555555555556,0.04416988888888889,0.45651009108769414
valid,4,0.134484375,0.3001666666666667,0.0403677265625,0.4480323431426984
valid,2,0.21442187499999998,0.8847777777777778,0.18971571006944443,0.24234545711415295
valid,4,0.338140625,0.3645833333333333,0.12328043619791665,0.9274714285714285
valid,4,0.20465624999999998,0.3388611111111111,0.06935004427083333,0.6039531928846626
valid,0,0.09471874999999999,0.1951111111111111,0.018480680555555552,0.4854605637813212
valid,4,0.1753125,0.41425,0.07262320312500001,0.4232045866022933
valid,1,0.07475000000000001,0.11166666666666668,0.008347083333333335,0.6694029850746269
valid,4,0.173484375,0.3624444444444444,0.06287844791666666,0.4786509426732067
valid,4,0.27121875,0.7833333333333333,0.21245468750000002,0.3462367021276596
valid,4,0.4185,0.36872222222222223,0.15431025,1.1350007533524182
valid,4,0.20465624999999998,0.3388611111111111,0.06935004427083333,0.6039531928846626
valid,4,0.185078125,0.40822222222222226,0.07555300347222223,0.4533759186173108
valid,4,0.134484375,0.3001666666666667,0.0403677265625,0.4480323431426984
valid,4,0.27121875,0.7833333333333333,0.21245468750000002,0.3462367021276596
valid,4,0.4185,0.36872222222222223,0.15431025,1.1350007533524182
valid,4,0.20465624999999998,0.3388611111111111,0.06935004427083333,0.6039531928846626
valid,4,0.134484375,0.3001666666666667,0.0403677265625,0.4480323431426984
valid,4,0.301,0.4271111111111111,0.12856044444444445,0.7047346514047866
valid,4,0.27121875,0.7833333333333333,0.21245468750000002,0.3462367021276596
valid,4,0.4185,0.36872222222222223,0.15431025,1.1350007533524182
valid,4,0.20465624999999998,0.3388611111111111,0.06935004427083333,0.6039531928846626
valid,4,0.134484375,0.3001666666666667,0.0403677265625,0.4480323431426984
valid,4,0.301,0.4271111111111111,0.12856044444444445,0.7047346514047866
valid,4,0.27121875,0.7833333333333333,0.21245468750000002,0.3462367021276596
valid,4,0.4185,0.36872222222222223,0.15431025,1.1350007533524182
valid,4,0.20465624999999998,0.3388611111111111,0.06935004427083333,0.6039531928846626
valid,4,0.134484375,0.3001666666666667,0.0403677265625,0.4480323431426984
valid,4,0.301,0.4271111111111111,0.12856044444444445,0.7047346514047866
valid,4,0.27121875,0.7833333333333333,0.21245468750000002,0.3462367021276596
valid,4,0.4185,0.36872222222222223,0.15431025,1.1350007533524182
valid,4,0.20465624999999998,0.3388611111111111,0.06935004427083333,0.6039531928846626
valid,4,0.134484375,0.3001666666666667,0.0403677265625,0.4480323431426984
valid,4,0.301,0.4271111111111111,0.12856044444444445,0.7047346514047866
valid,4,0.27121875,0.7833333333333333,0.21245468750000002,0.3462367021276596
valid,4,0.4185,0.36872222222222223,0.15431025,1.1350007533524182
valid,4,0.20465624999999998,0.3388611111111111,0.06935004427083333,0.6039531928846626
valid,4,0.134484375,0.3001666666666667,0.0403677265625,0.4480323431426984
valid,4,0.301,0.4271111111111111,0.12856044444444445,0.7047346514047866
valid,2,0.36175,0.662,0.2394785,0.5464501510574018
valid,4,0.4185,0.36872222222222223,0.15431025,1.1350007533524182
valid,4,0.20465624999999998,0.3388611111111111,0.06935004427083333,0.6039531928846626
valid,4,0.134484375,0.3001666666666667,0.0403677265625,0.4480323431426984
valid,2,0.253640625,0.4271111111111111,0.10833272916666667,0.5938516194068679
valid,1,0.054359375,0.08327777777777778,0.00452692795138889,0.6527476651100733
valid,1,0.03484375,0.03888888888888889,0.0013550347222222223,0.8959821428571428
valid,2,0.349109375,0.6855277777777777,0.23932417404513887,0.5092563515539528
valid,4,0.4185,0.36872222222222223,0.15431025,1.1350007533524182
valid,4,0.20465624999999998,0.3388611111111111,0.06935004427083333,0.6039531928846626
valid,4,0.134484375,0.3001666666666667,0.0403677265625,0.4480323431426984
valid,5,0.253640625,0.4271111111111111,0.10833272916666667,0.5938516194068679
valid,1,0.027718749999999997,0.09533333333333334,0.002642520833333333,0.29075611888111885
valid,2,0.35790625,0.6893333333333334,0.24671670833333334,0.5192063588007737
valid,4,0.4185,0.36872222222222223,0.15431025,1.1350007533524182
valid,4,0.20465624999999998,0.3388611111111111,0.06935004427083333,0.6039531928846626
valid,4,0.134484375,0.3001666666666667,0.0403677265625,0.4480323431426984
valid,2,0.312359375,0.41733333333333333,0.13035797916666667,0.7484649560702875
valid,1,0.028453125000000003,0.06938888888888889,0.001974330729166667,0.4100530424339472
valid,1,0.0326875,0.06783333333333334,0.0022173020833333337,0.48187960687960685
valid,2,0.35790625,0.6893333333333334,0.24671670833333334,0.5192063588007737
valid,4,0.4185,0.36872222222222223,0.15431025,1.1350007533524182
valid,4,0.20465624999999998,0.3388611111111111,0.06935004427083333,0.6039531928846626
valid,4,0.134484375,0.3001666666666667,0.0403677265625,0.4480323431426984
valid,4,0.312359375,0.41733333333333333,0.13035797916666667,0.7484649560702875
valid,1,0.028453125000000003,0.06938888888888889,0.001974330729166667,0.4100530424339472
valid,2,0.35790625,0.6893333333333334,0.24671670833333334,0.5192063588007737
valid,4,0.4185,0.36872222222222223,0.15431025,1.1350007533524182
valid,4,0.20465624999999998,0.3388611111111111,0.06935004427083333,0.6039531928846626
valid,4,0.134484375,0.3001666666666667,0.0403677265625,0.4480323431426984
valid,4,0.312359375,0.41733333333333333,0.13035797916666667,0.7484649560702875
valid,1,0.028453125000000003,0.06938888888888889,0.001974330729166667,0.4100530424339472
valid,2,0.35790625,0.6893333333333334,0.24671670833333334,0.5192063588007737
valid,4,0.4185,0.36872222222222223,0.15431025,1.1350007533524182
valid,4,0.20465624999999998,0.3388611111111111,0.06935004427083333,0.6039531928846626
valid,4,0.134484375,0.3001666666666667,0.0403677265625,0.4480323431426984
valid,4,0.312359375,0.41733333333333333,0.13035797916666667,0.7484649560702875
valid,1,0.028453125000000003,0.06938888888888889,0.001974330729166667,0.4100530424339472
valid,2,0.35790625,0.6893333333333334,0.24671670833333334,0.5192063588007737
valid,4,0.4185,0.36872222222222223,0.15431025,1.1350007533524182
valid,4,0.20465624999999998,0.3388611111111111,0.06935004427083333,0.6039531928846626
valid,4,0.134484375,0.3001666666666667,0.0403677265625,0.4480323431426984
valid,2,0.24114062500000003,0.41733333333333333,0.10063602083333334,0.577812999201278
valid,1,0.028453125000000003,0.06938888888888889,0.001974330729166667,0.4100530424339472
valid,1,0.035203125,0.05991666666666667,0.00210925390625,0.5875347705146037
valid,2,0.35790625,0.6893333333333334,0.24671670833333334,0.5192063588007737
valid,4,0.4185,0.36872222222222223,0.15431025,1.1350007533524182
valid,4,0.20465624999999998,0.3388611111111111,0.06935004427083333,0.6039531928846626
valid,4,0.134484375,0.3001666666666667,0.0403677265625,0.4480323431426984
valid,4,0.24114062500000003,0.41733333333333333,0.10063602083333334,0.577812999201278
valid,1,0.028453125000000003,0.06938888888888889,0.001974330729166667,0.4100530424339472
valid,4,0.21223437500000003,0.7753333333333333,0.1645523854166667,0.27373307179707657
valid,4,0.338140625,0.3645833333333333,0.12328043619791665,0.9274714285714285
valid,4,0.20465624999999998,0.3388611111111111,0.06935004427083333,0.6039531928846626
valid,0,0.13115625,0.21375,0.0280346484375,0.6135964912280703
valid,4,0.1753125,0.41425,0.07262320312500001,0.4232045866022933
valid,4,0.35790625,0.6893333333333334,0.24671670833333334,0.5192063588007737
valid,4,0.4185,0.36872222222222223,0.15431025,1.1350007533524182
valid,4,0.20465624999999998,0.3388611111111111,0.06935004427083333,0.6039531928846626
valid,4,0.134484375,0.3001666666666667,0.0403677265625,0.4480323431426984
valid,4,0.1505,0.4281388888888889,0.06443490277777777,0.35152144293777976
valid,4,0.21442187499999998,0.8847777777777778,0.18971571006944443,0.24234545711415295
valid,4,0.338140625,0.3645833333333333,0.12328043619791665,0.9274714285714285
valid,4,0.20465624999999998,0.3388611111111111,0.06935004427083333,0.6039531928846626
valid,0,0.09471874999999999,0.1951111111111111,0.018480680555555552,0.4854605637813212
valid,4,0.1753125,0.41425,0.07262320312500001,0.4232045866022933
valid,4,0.15546875,0.2941666666666667,0.04573372395833333,0.5285056657223796
valid,4,0.35790625,0.6893333333333334,0.24671670833333334,0.5192063588007737
valid,4,0.4185,0.36872222222222223,0.15431025,1.1350007533524182
valid,4,0.20465624999999998,0.3388611111111111,0.06935004427083333,0.6039531928846626
valid,4,0.134484375,0.3001666666666667,0.0403677265625,0.4480323431426984
valid,4,0.181390625,0.4281388888888889,0.07766038064236111,0.42367238694608444
valid,4,0.35790625,0.6893333333333334,0.24671670833333334,0.5192063588007737
valid,4,0.4185,0.36872222222222223,0.15431025,1.1350007533524182
valid,4,0.20465624999999998,0.3388611111111111,0.06935004427083333,0.6039531928846626
valid,4,0.134484375,0.3001666666666667,0.0403677265625,0.4480323431426984
valid,4,0.181390625,0.4281388888888889,0.07766038064236111,0.42367238694608444
valid,4,0.35790625,0.6893333333333334,0.24671670833333334,0.5192063588007737
valid,4,0.4185,0.36872222222222223,0.15431025,1.1350007533524182
valid,4,0.20465624999999998,0.3388611111111111,0.06935004427083333,0.6039531928846626
valid,4,0.134484375,0.3001666666666667,0.0403677265625,0.4480323431426984
valid,4,0.242875,0.4281388888888889,0.1039842326388889,0.5672808668007526
valid,4,0.21442187499999998,0.8847777777777778,0.18971571006944443,0.24234545711415295
valid,4,0.338140625,0.3645833333333333,0.12328043619791665,0.9274714285714285
valid,4,0.20465624999999998,0.3388611111111111,0.06935004427083333,0.6039531928846626
valid,0,0.09471874999999999,0.1951111111111111,0.018480680555555552,0.4854605637813212
valid,4,0.1753125,0.41425,0.07262320312500001,0.4232045866022933
valid,4,0.15546875,0.2941666666666667,0.04573372395833333,0.5285056657223796
valid,4,0.35790625,0.6893333333333334,0.24671670833333334,0.5192063588007737
valid,4,0.4185,0.36872222222222223,0.15431025,1.1350007533524182
valid,4,0.20465624999999998,0.3388611111111111,0.06935004427083333,0.6039531928846626
valid,4,0.134484375,0.3001666666666667,0.0403677265625,0.4480323431426984
valid,4,0.203765625,0.4281388888888889,0.08723998828125,0.4759334652566016
valid,4,0.35790625,0.6893333333333334,0.24671670833333334,0.5192063588007737
valid,4,0.4185,0.36872222222222223,0.15431025,1.1350007533524182
valid,4,0.20465624999999998,0.3388611111111111,0.06935004427083333,0.6039531928846626
valid,4,0.134484375,0.3001666666666667,0.0403677265625,0.4480323431426984
valid,4,0.1771875,0.4912777777777778,0.08704828125000001,0.36066662897206825
valid,2,0.35790625,0.6893333333333334,0.24671670833333334,0.5192063588007737
valid,4,0.4185,0.36872222222222223,0.15431025,1.1350007533524182
valid,4,0.20465624999999998,0.3388611111111111,0.06935004427083333,0.6039531928846626
valid,4,0.134484375,0.3001666666666667,0.0403677265625,0.4480323431426984
valid,4,0.1771875,0.4912777777777778,0.08704828125000001,0.36066662897206825
valid,1,0.04409375,0.07083333333333333,0.0031233072916666666,0.6225
valid,2,0.3999375,0.6583055555555556,0.263281078125,0.6075256339929954
valid,4,0.4185,0.36872222222222223,0.15431025,1.1350007533524182
valid,4,0.20465624999999998,0.3388611111111111,0.06935004427083333,0.6039531928846626
valid,4,0.134484375,0.3001666666666667,0.0403677265625,0.4480323431426984
valid,4,0.1771875,0.4912777777777778,0.08704828125000001,0.36066662897206825
valid,1,0.04409375,0.07083333333333333,0.0031233072916666666,0.6225
valid,4,0.282703125,0.7049166666666667,0.19928214453125,0.4010447452417543
valid,4,0.4185,0.36872222222222223,0.15431025,1.1350007533524182
valid,4,0.20465624999999998,0.3388611111111111,0.06935004427083333,0.6039531928846626
valid,4,0.134484375,0.3001666666666667,0.0403677265625,0.4480323431426984
valid,4,0.1771875,0.4912777777777778,0.08704828125000001,0.36066662897206825
valid,4,0.282703125,0.7049166666666667,0.19928214453125,0.4010447452417543
valid,4,0.4185,0.36872222222222223,0.15431025,1.1350007533524182
valid,4,0.20465624999999998,0.3388611111111111,0.06935004427083333,0.6039531928846626
valid,4,0.134484375,0.3001666666666667,0.0403677265625,0.4480323431426984
valid,4,0.1771875,0.4912777777777778,0.08704828125000001,0.36066662897206825
valid,4,0.282703125,0.7049166666666667,0.19928214453125,0.4010447452417543
valid,4,0.4185,0.36872222222222223,0.15431025,1.1350007533524182
valid,4,0.20465624999999998,0.3388611111111111,0.06935004427083333,0.6039531928846626
valid,4,0.134484375,0.3001666666666667,0.0403677265625,0.4480323431426984
valid,4,0.1771875,0.4912777777777778,0.08704828125000001,0.36066662897206825
valid,4,0.21442187499999998,0.8847777777777778,0.18971571006944443,0.24234545711415295
valid,4,0.338140625,0.3645833333333333,0.12328043619791665,0.9274714285714285
valid,4,0.20465624999999998,0.3388611111111111,0.06935004427083333,0.6039531928846626
valid,0,0.09471874999999999,0.1951111111111111,0.018480680555555552,0.4854605637813212
valid,4,0.1753125,0.41425,0.07262320312500001,0.4232045866022933
valid,4,0.15546875,0.2941666666666667,0.04573372395833333,0.5285056657223796
valid,4,0.282703125,0.7049166666666667,0.19928214453125,0.4010447452417543
valid,4,0.4185,0.36872222222222223,0.15431025,1.1350007533524182
valid,4,0.20465624999999998,0.3388611111111111,0.06935004427083333,0.6039531928846626
valid,4,0.134484375,0.3001666666666667,0.0403677265625,0.4480323431426984
valid,4,0.1771875,0.4912777777777778,0.08704828125000001,0.36066662897206825
valid,4,0.35559375000000004,0.5884722222222222,0.20925704427083333,0.6042659900873261
valid,4,0.36707812500000003,0.3703333333333333,0.135941265625,0.9912100585058508
valid,4,0.20465624999999998,0.3388611111111111,0.06935004427083333,0.6039531928846626
valid,4,0.134484375,0.3001666666666667,0.0403677265625,0.4480323431426984
valid,4,0.316125,0.4912777777777778,0.1553051875,0.6434750650231821
valid,4,0.21442187499999998,0.8847777777777778,0.18971571006944443,0.24234545711415295
valid,4,0.338140625,0.3645833333333333,0.12328043619791665,0.9274714285714285
valid,4,0.20465624999999998,0.3388611111111111,0.06935004427083333,0.6039531928846626
valid,0,0.09471874999999999,0.1951111111111111,0.018480680555555552,0.4854605637813212
valid,4,0.1753125,0.41425,0.07262320312500001,0.4232045866022933
valid,4,0.15546875,0.2941666666666667,0.04573372395833333,0.5285056657223796
valid,4,0.35559375000000004,0.5884722222222222,0.20925704427083333,0.6042659900873261
valid,4,0.36707812500000003,0.3703333333333333,0.135941265625,0.9912100585058508
valid,4,0.20465624999999998,0.3388611111111111,0.06935004427083333,0.6039531928846626
valid,4,0.134484375,0.3001666666666667,0.0403677265625,0.4480323431426984
valid,4,0.316125,0.3481111111111111,0.110046625,0.9081152250239387
valid,4,0.35559375000000004,0.5884722222222222,0.20925704427083333,0.6042659900873261
valid,4,0.36707812500000003,0.3703333333333333,0.135941265625,0.9912100585058508
valid,4,0.20465624999999998,0.3388611111111111,0.06935004427083333,0.6039531928846626
valid,4,0.134484375,0.3001666666666667,0.0403677265625,0.4480323431426984
valid,4,0.316125,0.3481111111111111,0.110046625,0.9081152250239387
valid,4,0.334359375,0.7049444444444445,0.23570478385416668,0.474305993380093
valid,4,0.36707812500000003,0.3703333333333333,0.135941265625,0.9912100585058508
valid,4,0.20465624999999998,0.3388611111111111,0.06935004427083333,0.6039531928846626
valid,4,0.134484375,0.3001666666666667,0.0403677265625,0.4480323431426984
valid,4,0.316125,0.3481111111111111,0.110046625,0.9081152250239387
valid,4,0.334359375,0.7049444444444445,0.23570478385416668,0.474305993380093
valid,4,0.5700000000000001,0.3921111111111111,0.22350333333333333,1.4536695947860587
valid,4,0.20465624999999998,0.3388611111111111,0.06935004427083333,0.6039531928846626
valid,4,0.134484375,0.3001666666666667,0.0403677265625,0.4480323431426984
valid,4,0.316125,0.3481111111111111,0.110046625,0.9081152250239387
valid,4,0.21442187499999998,0.8847777777777778,0.18971571006944443,0.24234545711415295
valid,4,0.338140625,0.3645833333333333,0.12328043619791665,0.9274714285714285
valid,4,0.20465624999999998,0.3388611111111111,0.06935004427083333,0.6039531928846626
valid,0,0.09471874999999999,0.1951111111111111,0.018480680555555552,0.4854605637813212
valid,4,0.1753125,0.41425,0.07262320312500001,0.4232045866022933
valid,4,0.15546875,0.2941666666666667,0.04573372395833333,0.5285056657223796
valid,4,0.334359375,0.7049444444444445,0.23570478385416668,0.474305993380093
valid,2,0.5700000000000001,0.3921111111111111,0.22350333333333333,1.4536695947860587
valid,4,0.20465624999999998,0.3388611111111111,0.06935004427083333,0.6039531928846626
valid,4,0.134484375,0.3001666666666667,0.0403677265625,0.4480323431426984
valid,4,0.316125,0.3481111111111111,0.110046625,0.9081152250239387
valid,1,0.07320312500000001,0.09400000000000001,0.006881093750000002,0.7787566489361701
valid,4,0.334359375,0.7049444444444445,0.23570478385416668,0.474305993380093
valid,2,0.5700000000000001,0.3921111111111111,0.22350333333333333,1.4536695947860587
valid,4,0.20465624999999998,0.3388611111111111,0.06935004427083333,0.6039531928846626
valid,4,0.134484375,0.3001666666666667,0.0403677265625,0.4480323431426984
valid,4,0.316125,0.3481111111111111,0.110046625,0.9081152250239387
valid,1,0.07320312500000001,0.09400000000000001,0.006881093750000002,0.7787566489361701
valid,4,0.21442187499999998,0.8847777777777778,0.18971571006944443,0.24234545711415295
valid,4,0.338140625,0.3645833333333333,0.12328043619791665,0.9274714285714285
valid,4,0.20465624999999998,0.3388611111111111,0.06935004427083333,0.6039531928846626
valid,0,0.09471874999999999,0.1951111111111111,0.018480680555555552,0.4854605637813212
valid,4,0.1753125,0.41425,0.07262320312500001,0.4232045866022933
valid,4,0.15546875,0.2941666666666667,0.04573372395833333,0.5285056657223796
valid,4,0.334359375,0.7049444444444445,0.23570478385416668,0.474305993380093
valid,2,0.5700000000000001,0.3921111111111111,0.22350333333333333,1.4536695947860587
valid,4,0.20465624999999998,0.3388611111111111,0.06935004427083333,0.6039531928846626
valid,4,0.134484375,0.3001666666666667,0.0403677265625,0.4480323431426984
valid,4,0.15665625,0.518,0.0811479375,0.30242519305019305
valid,1,0.07320312500000001,0.09400000000000001,0.006881093750000002,0.7787566489361701
valid,4,0.334359375,0.7049444444444445,0.23570478385416668,0.474305993380093
valid,2,0.5700000000000001,0.3921111111111111,0.22350333333333333,1.4536695947860587
valid,4,0.20465624999999998,0.3388611111111111,0.06935004427083333,0.6039531928846626
valid,4,0.134484375,0.3001666666666667,0.0403677265625,0.4480323431426984
valid,4,0.15665625,0.518,0.0811479375,0.30242519305019305
valid,1,0.07320312500000001,0.09400000000000001,0.006881093750000002,0.7787566489361701
valid,2,0.513484375,0.3592777777777778,0.18448352517361113,1.4292127338796967
valid,1,0.052031249999999994,0.066,0.0034340624999999996,0.7883522727272726
valid,4,0.19403125000000002,0.3236388888888889,0.06279605815972224,0.5995300832546563
valid,4,0.35026562499999997,0.7615833333333334,0.2667564622395833,0.4599176605755552
valid,4,0.1771875,0.4761666666666666,0.08437078125,0.3721123556177809
valid,4,0.14765625,0.2975,0.04392773437499999,0.49632352941176466
valid,4,0.513484375,0.3592777777777778,0.18448352517361113,1.4292127338796967
valid,4,0.27356250000000004,0.7615833333333334,0.20834064062500005,0.35920231972863553
valid,4,0.19403125000000002,0.3236388888888889,0.06279605815972224,0.5995300832546563
valid,4,0.33985937499999996,0.4158333333333333,0.1413248567708333,0.8172970941883768
valid,4,0.14765625,0.2975,0.04392773437499999,0.49632352941176466
valid,4,0.513484375,0.3592777777777778,0.18448352517361113,1.4292127338796967
valid,4,0.27356250000000004,0.7615833333333334,0.20834064062500005,0.35920231972863553
valid,4,0.19403125000000002,0.3236388888888889,0.06279605815972224,0.5995300832546563
valid,4,0.33985937499999996,0.4158333333333333,0.1413248567708333,0.8172970941883768
valid,4,0.14765625,0.2975,0.04392773437499999,0.49632352941176466
valid,2,0.513484375,0.3592777777777778,0.18448352517361113,1.4292127338796967
valid,4,0.27356250000000004,0.7615833333333334,0.20834064062500005,0.35920231972863553
valid,4,0.19403125000000002,0.3236388888888889,0.06279605815972224,0.5995300832546563
valid,4,0.33985937499999996,0.4158333333333333,0.1413248567708333,0.8172970941883768
valid,4,0.14765625,0.2975,0.04392773437499999,0.49632352941176466
valid,1,0.04746875,0.05580555555555555,0.0026490199652777773,0.850609756097561
valid,2,0.513484375,0.3592777777777778,0.18448352517361113,1.4292127338796967
valid,4,0.27356250000000004,0.7615833333333334,0.20834064062500005,0.35920231972863553
valid,4,0.19403125000000002,0.3236388888888889,0.06279605815972224,0.5995300832546563
valid,4,0.33985937499999996,0.4158333333333333,0.1413248567708333,0.8172970941883768
valid,4,0.14765625,0.2975,0.04392773437499999,0.49632352941176466
valid,1,0.04746875,0.05580555555555555,0.0026490199652777773,0.850609756097561
valid,2,0.513484375,0.3592777777777778,0.18448352517361113,1.4292127338796967
valid,4,0.27356250000000004,0.7615833333333334,0.20834064062500005,0.35920231972863553
valid,4,0.19403125000000002,0.3236388888888889,0.06279605815972224,0.5995300832546563
valid,4,0.33985937499999996,0.4158333333333333,0.1413248567708333,0.8172970941883768
valid,4,0.14765625,0.2975,0.04392773437499999,0.49632352941176466
valid,1,0.04746875,0.05580555555555555,0.0026490199652777773,0.850609756097561
valid,2,0.513484375,0.3592777777777778,0.18448352517361113,1.4292127338796967
valid,4,0.27356250000000004,0.7615833333333334,0.20834064062500005,0.35920231972863553
valid,4,0.19403125000000002,0.3236388888888889,0.06279605815972224,0.5995300832546563
valid,4,0.33985937499999996,0.4158333333333333,0.1413248567708333,0.8172970941883768
valid,4,0.14765625,0.2975,0.04392773437499999,0.49632352941176466
valid,1,0.04746875,0.05580555555555555,0.0026490199652777773,0.850609756097561
valid,2,0.513484375,0.3592777777777778,0.18448352517361113,1.4292127338796967
valid,4,0.27356250000000004,0.7615833333333334,0.20834064062500005,0.35920231972863553
valid,4,0.19403125000000002,0.3236388888888889,0.06279605815972224,0.5995300832546563
valid,4,0.33985937499999996,0.4158333333333333,0.1413248567708333,0.8172970941883768
valid,4,0.14765625,0.2975,0.04392773437499999,0.49632352941176466
valid,1,0.04746875,0.05580555555555555,0.0026490199652777773,0.850609756097561
valid,2,0.513484375,0.3592777777777778,0.18448352517361113,1.4292127338796967
valid,4,0.27356250000000004,0.7615833333333334,0.20834064062500005,0.35920231972863553
valid,4,0.19403125000000002,0.3236388888888889,0.06279605815972224,0.5995300832546563
valid,4,0.33985937499999996,0.4158333333333333,0.1413248567708333,0.8172970941883768
valid,4,0.14765625,0.2975,0.04392773437499999,0.49632352941176466
valid,1,0.04746875,0.05580555555555555,0.0026490199652777773,0.850609756097561
valid,2,0.513484375,0.3592777777777778,0.18448352517361113,1.4292127338796967
valid,4,0.27356250000000004,0.7615833333333334,0.20834064062500005,0.35920231972863553
valid,4,0.19403125000000002,0.3236388888888889,0.06279605815972224,0.5995300832546563
valid,4,0.33985937499999996,0.4158333333333333,0.1413248567708333,0.8172970941883768
valid,4,0.14765625,0.2975,0.04392773437499999,0.49632352941176466
valid,1,0.04746875,0.05580555555555555,0.0026490199652777773,0.850609756097561
valid,4,0.21442187499999998,0.8847777777777778,0.18971571006944443,0.24234545711415295
valid,4,0.376546875,0.32305555555555554,0.12164555989583332,1.16557932072227
valid,4,0.20465624999999998,0.3388611111111111,0.06935004427083333,0.6039531928846626
valid,0,0.09471874999999999,0.1951111111111111,0.018480680555555552,0.4854605637813212
valid,4,0.1753125,0.41425,0.07262320312500001,0.4232045866022933
valid,4,0.15546875,0.2941666666666667,0.04573372395833333,0.5285056657223796
valid,2,0.513484375,0.3592777777777778,0.18448352517361113,1.4292127338796967
valid,4,0.27356250000000004,0.7615833333333334,0.20834064062500005,0.35920231972863553
valid,4,0.19403125000000002,0.3236388888888889,0.06279605815972224,0.5995300832546563
valid,4,0.33985937499999996,0.4158333333333333,0.1413248567708333,0.8172970941883768
valid,4,0.14765625,0.2975,0.04392773437499999,0.49632352941176466
valid,1,0.0398125,0.08863888888888889,0.003528935763888889,0.44915387026010656
valid,4,0.513484375,0.3592777777777778,0.18448352517361113,1.4292127338796967
valid,4,0.27356250000000004,0.7615833333333334,0.20834064062500005,0.35920231972863553
valid,4,0.19403125000000002,0.3236388888888889,0.06279605815972224,0.5995300832546563
valid,4,0.33985937499999996,0.4158333333333333,0.1413248567708333,0.8172970941883768
valid,4,0.14765625,0.2975,0.04392773437499999,0.49632352941176466
valid,4,0.513484375,0.3592777777777778,0.18448352517361113,1.4292127338796967
valid,4,0.27356250000000004,0.7615833333333334,0.20834064062500005,0.35920231972863553
valid,4,0.19403125000000002,0.3236388888888889,0.06279605815972224,0.5995300832546563
valid,4,0.33985937499999996,0.4158333333333333,0.1413248567708333,0.8172970941883768
valid,4,0.14765625,0.2975,0.04392773437499999,0.49632352941176466
valid,4,0.22334375,0.7863055555555556,0.17561643142361114,0.28404193309075493
valid,4,0.376546875,0.32305555555555554,0.12164555989583332,1.16557932072227
valid,4,0.20465624999999998,0.3388611111111111,0.06935004427083333,0.6039531928846626
valid,0,0.09471874999999999,0.1951111111111111,0.018480680555555552,0.4854605637813212
valid,4,0.1753125,0.41425,0.07262320312500001,0.4232045866022933
valid,4,0.15546875,0.2941666666666667,0.04573372395833333,0.5285056657223796
valid,2,0.513484375,0.3592777777777778,0.18448352517361113,1.4292127338796967
valid,4,0.27356250000000004,0.7615833333333334,0.20834064062500005,0.35920231972863553
valid,4,0.19403125000000002,0.3236388888888889,0.06279605815972224,0.5995300832546563
valid,4,0.33985937499999996,0.4158333333333333,0.1413248567708333,0.8172970941883768
valid,4,0.14765625,0.2975,0.04392773437499999,0.49632352941176466
valid,1,0.03675,0.07530555555555556,0.0027674791666666664,0.48801180376244924
valid,2,0.513484375,0.3592777777777778,0.18448352517361113,1.4292127338796967
valid,4,0.27356250000000004,0.7615833333333334,0.20834064062500005,0.35920231972863553
valid,4,0.19403125000000002,0.3236388888888889,0.06279605815972224,0.5995300832546563
valid,4,0.33985937499999996,0.4158333333333333,0.1413248567708333,0.8172970941883768
valid,4,0.14765625,0.2975,0.04392773437499999,0.49632352941176466
valid,1,0.03675,0.07530555555555556,0.0027674791666666664,0.48801180376244924
valid,2,0.513484375,0.3592777777777778,0.18448352517361113,1.4292127338796967
valid,4,0.27356250000000004,0.7615833333333334,0.20834064062500005,0.35920231972863553
valid,4,0.19403125000000002,0.3236388888888889,0.06279605815972224,0.5995300832546563
valid,4,0.33985937499999996,0.4158333333333333,0.1413248567708333,0.8172970941883768
valid,4,0.14765625,0.2975,0.04392773437499999,0.49632352941176466
valid,1,0.03675,0.07530555555555556,0.0027674791666666664,0.48801180376244924
valid,2,0.513484375,0.3592777777777778,0.18448352517361113,1.4292127338796967
valid,4,0.27356250000000004,0.7615833333333334,0.20834064062500005,0.35920231972863553
valid,4,0.19403125000000002,0.3236388888888889,0.06279605815972224,0.5995300832546563
valid,4,0.33985937499999996,0.4158333333333333,0.1413248567708333,0.8172970941883768
valid,4,0.14765625,0.2975,0.04392773437499999,0.49632352941176466
valid,1,0.03675,0.07530555555555556,0.0027674791666666664,0.48801180376244924
valid,2,0.513484375,0.3592777777777778,0.18448352517361113,1.4292127338796967
valid,4,0.27356250000000004,0.7615833333333334,0.20834064062500005,0.35920231972863553
valid,4,0.19403125000000002,0.3236388888888889,0.06279605815972224,0.5995300832546563
valid,2,0.33985937499999996,0.4158333333333333,0.1413248567708333,0.8172970941883768
valid,4,0.14765625,0.2975,0.04392773437499999,0.49632352941176466
valid,1,0.03675,0.07530555555555556,0.0027674791666666664,0.48801180376244924
valid,1,0.141828125,0.15641666666666668,0.022184282552083334,0.9067328183271177
valid,2,0.513484375,0.3592777777777778,0.18448352517361113,1.4292127338796967
valid,4,0.27356250000000004,0.7615833333333334,0.20834064062500005,0.35920231972863553
valid,4,0.19403125000000002,0.3236388888888889,0.06279605815972224,0.5995300832546563
valid,2,0.33985937499999996,0.4158333333333333,0.1413248567708333,0.8172970941883768
valid,4,0.14765625,0.2975,0.04392773437499999,0.49632352941176466
valid,1,0.141828125,0.15641666666666668,0.022184282552083334,0.9067328183271177
valid,1,0.037546875,0.06730555555555556,0.0025271132812500004,0.5578569954601733
valid,2,0.513484375,0.3592777777777778,0.18448352517361113,1.4292127338796967
valid,4,0.27356250000000004,0.7615833333333334,0.20834064062500005,0.35920231972863553
valid,4,0.19403125000000002,0.3236388888888889,0.06279605815972224,0.5995300832546563
valid,5,0.25390625,0.4158333333333333,0.10558268229166665,0.6105961923847696
valid,4,0.14765625,0.2975,0.04392773437499999,0.49632352941176466
valid,1,0.037546875,0.06730555555555556,0.0025271132812500004,0.5578569954601733
valid,2,0.513484375,0.3592777777777778,0.18448352517361113,1.4292127338796967
valid,4,0.27356250000000004,0.7615833333333334,0.20834064062500005,0.35920231972863553
valid,4,0.19403125000000002,0.3236388888888889,0.06279605815972224,0.5995300832546563
valid,5,0.20993750000000003,0.2154722222222222,0.04523569965277778,0.9743135232693053
valid,4,0.14765625,0.2975,0.04392773437499999,0.49632352941176466
valid,1,0.037546875,0.06730555555555556,0.0025271132812500004,0.5578569954601733
valid,4,0.22334375,0.7863055555555556,0.17561643142361114,0.28404193309075493
valid,4,0.376546875,0.32305555555555554,0.12164555989583332,1.16557932072227
valid,4,0.20465624999999998,0.3388611111111111,0.06935004427083333,0.6039531928846626
valid,0,0.09471874999999999,0.1951111111111111,0.018480680555555552,0.4854605637813212
valid,4,0.1753125,0.41425,0.07262320312500001,0.4232045866022933
valid,4,0.15546875,0.2941666666666667,0.04573372395833333,0.5285056657223796
valid,2,0.513484375,0.3592777777777778,0.18448352517361113,1.4292127338796967
valid,4,0.27356250000000004,0.7615833333333334,0.20834064062500005,0.35920231972863553
valid,4,0.19403125000000002,0.3236388888888889,0.06279605815972224,0.5995300832546563
valid,4,0.3479375,0.3254444444444444,0.11323432638888889,1.0691148856264938
valid,4,0.14765625,0.2975,0.04392773437499999,0.49632352941176466
valid,1,0.037546875,0.06730555555555556,0.0025271132812500004,0.5578569954601733
valid,4,0.10646875,0.3078888888888889,0.03278054513888889,0.34580250811981234
valid,2,0.513484375,0.3592777777777778,0.18448352517361113,1.4292127338796967
valid,4,0.27356250000000004,0.7615833333333334,0.20834064062500005,0.35920231972863553
valid,4,0.19403125000000002,0.3236388888888889,0.06279605815972224,0.5995300832546563
valid,4,0.3479375,0.3254444444444444,0.11323432638888889,1.0691148856264938
valid,4,0.14765625,0.2975,0.04392773437499999,0.49632352941176466
valid,1,0.037546875,0.06730555555555556,0.0025271132812500004,0.5578569954601733
valid,4,0.10646875,0.3078888888888889,0.03278054513888889,0.34580250811981234
valid,2,0.513484375,0.3592777777777778,0.18448352517361113,1.4292127338796967
valid,4,0.27356250000000004,0.7615833333333334,0.20834064062500005,0.35920231972863553
valid,4,0.19403125000000002,0.3236388888888889,0.06279605815972224,0.5995300832546563
valid,4,0.3479375,0.3254444444444444,0.11323432638888889,1.0691148856264938
valid,4,0.14765625,0.2975,0.04392773437499999,0.49632352941176466
valid,1,0.037546875,0.06730555555555556,0.0025271132812500004,0.5578569954601733
valid,4,0.10646875,0.3078888888888889,0.03278054513888889,0.34580250811981234
valid,2,0.513484375,0.3592777777777778,0.18448352517361113,1.4292127338796967
valid,4,0.27356250000000004,0.7615833333333334,0.20834064062500005,0.35920231972863553
valid,4,0.19403125000000002,0.3236388888888889,0.06279605815972224,0.5995300832546563
valid,4,0.424421875,0.3254444444444444,0.13812574131944444,1.3041300358484125
valid,4,0.14765625,0.2975,0.04392773437499999,0.49632352941176466
valid,1,0.037546875,0.06730555555555556,0.0025271132812500004,0.5578569954601733
valid,2,0.513484375,0.3592777777777778,0.18448352517361113,1.4292127338796967
valid,4,0.27356250000000004,0.7615833333333334,0.20834064062500005,0.35920231972863553
valid,4,0.19403125000000002,0.3236388888888889,0.06279605815972224,0.5995300832546563
valid,4,0.424421875,0.3254444444444444,0.13812574131944444,1.3041300358484125
valid,4,0.14765625,0.2975,0.04392773437499999,0.49632352941176466
valid,1,0.037546875,0.06730555555555556,0.0025271132812500004,0.5578569954601733
valid,2,0.513484375,0.3592777777777778,0.18448352517361113,1.4292127338796967
valid,4,0.27356250000000004,0.7615833333333334,0.20834064062500005,0.35920231972863553
valid,4,0.19403125000000002,0.3236388888888889,0.06279605815972224,0.5995300832546563
valid,4,0.424421875,0.3254444444444444,0.13812574131944444,1.3041300358484125
valid,4,0.14765625,0.2975,0.04392773437499999,0.49632352941176466
valid,1,0.037546875,0.06730555555555556,0.0025271132812500004,0.5578569954601733
valid,2,0.513484375,0.3592777777777778,0.18448352517361113,1.4292127338796967
valid,4,0.27356250000000004,0.7615833333333334,0.20834064062500005,0.35920231972863553
valid,4,0.19403125000000002,0.3236388888888889,0.06279605815972224,0.5995300832546563
valid,4,0.424421875,0.3254444444444444,0.13812574131944444,1.3041300358484125
valid,4,0.14765625,0.2975,0.04392773437499999,0.49632352941176466
valid,1,0.037546875,0.06730555555555556,0.0025271132812500004,0.5578569954601733
valid,2,0.513484375,0.3592777777777778,0.18448352517361113,1.4292127338796967
valid,4,0.27356250000000004,0.7615833333333334,0.20834064062500005,0.35920231972863553
valid,4,0.19403125000000002,0.3236388888888889,0.06279605815972224,0.5995300832546563
valid,4,0.424421875,0.3254444444444444,0.13812574131944444,1.3041300358484125
valid,4,0.14765625,0.2975,0.04392773437499999,0.49632352941176466
valid,1,0.037546875,0.06730555555555556,0.0025271132812500004,0.5578569954601733
valid,2,0.513484375,0.3592777777777778,0.18448352517361113,1.4292127338796967
valid,4,0.27356250000000004,0.7615833333333334,0.20834064062500005,0.35920231972863553
valid,4,0.19403125000000002,0.3236388888888889,0.06279605815972224,0.5995300832546563
valid,4,0.424421875,0.3254444444444444,0.13812574131944444,1.3041300358484125
valid,4,0.14765625,0.2975,0.04392773437499999,0.49632352941176466
valid,1,0.037546875,0.06730555555555556,0.0025271132812500004,0.5578569954601733
valid,4,0.2578125,0.6335,0.16332421875,0.40696527229676405
valid,4,0.376546875,0.32305555555555554,0.12164555989583332,1.16557932072227
valid,4,0.20465624999999998,0.3388611111111111,0.06935004427083333,0.6039531928846626
valid,0,0.09471874999999999,0.1951111111111111,0.018480680555555552,0.4854605637813212
valid,4,0.1753125,0.41425,0.07262320312500001,0.4232045866022933
valid,4,0.15546875,0.2941666666666667,0.04573372395833333,0.5285056657223796
valid,4,0.41448437499999996,0.35877777777777775,0.1487077829861111,1.1552676912356767
valid,4,0.33332812500000003,0.7060277777777777,0.23533891536458332,0.4721175787858521
valid,4,0.2033125,0.3236111111111111,0.06579418402777779,0.6282618025751073
valid,4,0.14846874999999998,0.2733333333333334,0.040581458333333334,0.5431783536585364
valid,4,0.376953125,0.3693055555555555,0.13921088324652775,1.0207079729221513
valid,4,0.41448437499999996,0.35877777777777775,0.1487077829861111,1.1552676912356767
valid,4,0.33332812500000003,0.7060277777777777,0.23533891536458332,0.4721175787858521
valid,4,0.2033125,0.3236111111111111,0.06579418402777779,0.6282618025751073
valid,4,0.14846874999999998,0.2733333333333334,0.040581458333333334,0.5431783536585364
valid,4,0.376953125,0.3693055555555555,0.13921088324652775,1.0207079729221513
valid,4,0.41448437499999996,0.35877777777777775,0.1487077829861111,1.1552676912356767
valid,4,0.33332812500000003,0.7060277777777777,0.23533891536458332,0.4721175787858521
valid,4,0.2033125,0.3236111111111111,0.06579418402777779,0.6282618025751073
valid,4,0.14846874999999998,0.2733333333333334,0.040581458333333334,0.5431783536585364
valid,4,0.376953125,0.3693055555555555,0.13921088324652775,1.0207079729221513
valid,4,0.41448437499999996,0.35877777777777775,0.1487077829861111,1.1552676912356767
valid,4,0.33332812500000003,0.7060277777777777,0.23533891536458332,0.4721175787858521
valid,4,0.2033125,0.3236111111111111,0.06579418402777779,0.6282618025751073
valid,4,0.14846874999999998,0.2733333333333334,0.040581458333333334,0.5431783536585364
valid,4,0.376953125,0.3693055555555555,0.13921088324652775,1.0207079729221513
valid,4,0.11754687500000001,0.20694444444444443,0.024325672743055554,0.568011744966443
valid,4,0.42242187500000006,0.4288611111111111,0.1811603146701389,0.9849852645896757
valid,4,0.33332812500000003,0.7060277777777777,0.23533891536458332,0.4721175787858521
valid,4,0.2033125,0.3236111111111111,0.06579418402777779,0.6282618025751073
valid,4,0.14846874999999998,0.2733333333333334,0.040581458333333334,0.5431783536585364
valid,4,0.376953125,0.3693055555555555,0.13921088324652775,1.0207079729221513
valid,4,0.11754687500000001,0.20694444444444443,0.024325672743055554,0.568011744966443
valid,4,0.437625,0.38625000000000004,0.16903265625000002,1.1330097087378639
valid,4,0.33332812500000003,0.7060277777777777,0.23533891536458332,0.4721175787858521
valid,4,0.2033125,0.3236111111111111,0.06579418402777779,0.6282618025751073
valid,4,0.14846874999999998,0.2733333333333334,0.040581458333333334,0.5431783536585364
valid,2,0.376953125,0.3693055555555555,0.13921088324652775,1.0207079729221513
valid,4,0.11754687500000001,0.20694444444444443,0.024325672743055554,0.568011744966443
valid,1,0.102125,0.08883333333333333,0.009072104166666666,1.149624765478424
valid,4,0.437625,0.38625000000000004,0.16903265625000002,1.1330097087378639
valid,4,0.33332812500000003,0.7060277777777777,0.23533891536458332,0.4721175787858521
valid,4,0.2033125,0.3236111111111111,0.06579418402777779,0.6282618025751073
valid,4,0.14846874999999998,0.2733333333333334,0.040581458333333334,0.5431783536585364
valid,2,0.376953125,0.3693055555555555,0.13921088324652775,1.0207079729221513
valid,4,0.11754687500000001,0.20694444444444443,0.024325672743055554,0.568011744966443
valid,1,0.102125,0.08883333333333333,0.009072104166666666,1.149624765478424
valid,4,0.2578125,0.6335,0.16332421875,0.40696527229676405
valid,4,0.376546875,0.32305555555555554,0.12164555989583332,1.16557932072227
valid,4,0.20465624999999998,0.3388611111111111,0.06935004427083333,0.6039531928846626
valid,0,0.09471874999999999,0.1951111111111111,0.018480680555555552,0.4854605637813212
valid,4,0.1753125,0.41425,0.07262320312500001,0.4232045866022933
valid,4,0.15546875,0.2941666666666667,0.04573372395833333,0.5285056657223796
valid,4,0.437625,0.38625000000000004,0.16903265625000002,1.1330097087378639
valid,4,0.33332812500000003,0.7060277777777777,0.23533891536458332,0.4721175787858521
valid,4,0.2033125,0.3236111111111111,0.06579418402777779,0.6282618025751073
valid,4,0.14846874999999998,0.2733333333333334,0.040581458333333334,0.5431783536585364
valid,2,0.376953125,0.3693055555555555,0.13921088324652775,1.0207079729221513
valid,4,0.11754687500000001,0.20694444444444443,0.024325672743055554,0.568011744966443
valid,1,0.102125,0.08883333333333333,0.009072104166666666,1.149624765478424
valid,4,0.437625,0.38625000000000004,0.16903265625000002,1.1330097087378639
valid,4,0.33332812500000003,0.7060277777777777,0.23533891536458332,0.4721175787858521
valid,4,0.2033125,0.3236111111111111,0.06579418402777779,0.6282618025751073
valid,4,0.14846874999999998,0.2733333333333334,0.040581458333333334,0.5431783536585364
valid,2,0.376953125,0.3693055555555555,0.13921088324652775,1.0207079729221513
valid,4,0.11754687500000001,0.20694444444444443,0.024325672743055554,0.568011744966443
valid,1,0.102125,0.08883333333333333,0.009072104166666666,1.149624765478424
valid,4,0.437625,0.38625000000000004,0.16903265625000002,1.1330097087378639
valid,4,0.33332812500000003,0.7060277777777777,0.23533891536458332,0.4721175787858521
valid,4,0.2033125,0.3236111111111111,0.06579418402777779,0.6282618025751073
valid,4,0.14846874999999998,0.2733333333333334,0.040581458333333334,0.5431783536585364
valid,2,0.376953125,0.3693055555555555,0.13921088324652775,1.0207079729221513
valid,4,0.11754687500000001,0.20694444444444443,0.024325672743055554,0.568011744966443
valid,1,0.102125,0.08883333333333333,0.009072104166666666,1.149624765478424
valid,4,0.3428125,0.41388888888888886,0.14188628472222223,0.828271812080537
valid,4,0.33332812500000003,0.7060277777777777,0.23533891536458332,0.4721175787858521
valid,4,0.2033125,0.3236111111111111,0.06579418402777779,0.6282618025751073
valid,4,0.14846874999999998,0.2733333333333334,0.040581458333333334,0.5431783536585364
valid,5,0.17681249999999998,0.17777777777777778,0.031433333333333334,0.9945703124999998
valid,4,0.11754687500000001,0.20694444444444443,0.024325672743055554,0.568011744966443
valid,4,0.2578125,0.6335,0.16332421875,0.40696527229676405
valid,4,0.376546875,0.32305555555555554,0.12164555989583332,1.16557932072227
valid,4,0.20465624999999998,0.3388611111111111,0.06935004427083333,0.6039531928846626
valid,0,0.09471874999999999,0.1951111111111111,0.018480680555555552,0.4854605637813212
valid,4,0.1753125,0.41425,0.07262320312500001,0.4232045866022933
valid,4,0.15546875,0.2941666666666667,0.04573372395833333,0.5285056657223796
valid,4,0.33992187500000004,0.4305555555555556,0.14635525173611114,0.7894959677419355
valid,2,0.40234375,0.7557222222222222,0.30406011284722223,0.5323963463941778
valid,4,0.163375,0.27825,0.04545909375,0.587151841868823
valid,4,0.141359375,0.2568888888888889,0.03631365277777778,0.5502743836505191
valid,4,0.1263125,0.29888888888888887,0.03775340277777777,0.42260687732342006
valid,1,0.04046875,0.08688888888888889,0.0035162847222222223,0.46575287723785164
valid,4,0.110078125,0.16380555555555557,0.01803140842013889,0.6720048329659148
valid,4,0.33992187500000004,0.4305555555555556,0.14635525173611114,0.7894959677419355
valid,2,0.40234375,0.7557222222222222,0.30406011284722223,0.5323963463941778
valid,4,0.163375,0.27825,0.04545909375,0.587151841868823
valid,4,0.141359375,0.2568888888888889,0.03631365277777778,0.5502743836505191
valid,4,0.1263125,0.29888888888888887,0.03775340277777777,0.42260687732342006
valid,1,0.04046875,0.08688888888888889,0.0035162847222222223,0.46575287723785164
valid,4,0.33992187500000004,0.4305555555555556,0.14635525173611114,0.7894959677419355
valid,2,0.40234375,0.7557222222222222,0.30406011284722223,0.5323963463941778
valid,4,0.163375,0.27825,0.04545909375,0.587151841868823
valid,4,0.141359375,0.2568888888888889,0.03631365277777778,0.5502743836505191
valid,4,0.10953125,0.14402777777777778,0.01577554253472222,0.7604869816779171
valid,1,0.04046875,0.08688888888888889,0.0035162847222222223,0.46575287723785164
valid,4,0.33992187500000004,0.4305555555555556,0.14635525173611114,0.7894959677419355
valid,2,0.40234375,0.7557222222222222,0.30406011284722223,0.5323963463941778
valid,4,0.163375,0.27825,0.04545909375,0.587151841868823
valid,4,0.15562499999999999,0.27352777777777776,0.04256776041666666,0.5689550116786839
valid,1,0.04046875,0.08688888888888889,0.0035162847222222223,0.46575287723785164
valid,4,0.33992187500000004,0.4305555555555556,0.14635525173611114,0.7894959677419355
valid,2,0.40234375,0.7557222222222222,0.30406011284722223,0.5323963463941778
valid,4,0.163375,0.27825,0.04545909375,0.587151841868823
valid,4,0.21754687499999997,0.43449999999999994,0.09452411718749998,0.5006832566168009
valid,1,0.04046875,0.08688888888888889,0.0035162847222222223,0.46575287723785164
valid,4,0.33992187500000004,0.4305555555555556,0.14635525173611114,0.7894959677419355
valid,2,0.40234375,0.7557222222222222,0.30406011284722223,0.5323963463941778
valid,4,0.163375,0.27825,0.04545909375,0.587151841868823
valid,4,0.21754687499999997,0.43449999999999994,0.09452411718749998,0.5006832566168009
valid,1,0.04046875,0.08688888888888889,0.0035162847222222223,0.46575287723785164
valid,0,0.09343749999999999,0.13427777777777777,0.01254657986111111,0.695852296235002
valid,4,0.33992187500000004,0.4305555555555556,0.14635525173611114,0.7894959677419355
valid,2,0.40234375,0.7557222222222222,0.30406011284722223,0.5323963463941778
valid,4,0.163375,0.27825,0.04545909375,0.587151841868823
valid,4,0.21385937500000002,0.3562222222222223,0.07618146180555557,0.6003538287585777
valid,1,0.04046875,0.08688888888888889,0.0035162847222222223,0.46575287723785164
valid,4,0.33992187500000004,0.4305555555555556,0.14635525173611114,0.7894959677419355
valid,2,0.40234375,0.7557222222222222,0.30406011284722223,0.5323963463941778
valid,4,0.18351562500000002,0.33897222222222223,0.06220669921875001,0.5413883881012866
valid,1,0.04046875,0.08688888888888889,0.0035162847222222223,0.46575287723785164
valid,4,0.33992187500000004,0.4305555555555556,0.14635525173611114,0.7894959677419355
valid,2,0.329296875,0.7269444444444444,0.23938053385416663,0.45298767672907914
valid,4,0.18351562500000002,0.33897222222222223,0.06220669921875001,0.5413883881012866
valid,1,0.04046875,0.08688888888888889,0.0035162847222222223,0.46575287723785164
valid,4,0.33992187500000004,0.4305555555555556,0.14635525173611114,0.7894959677419355
valid,2,0.329296875,0.7269444444444444,0.23938053385416663,0.45298767672907914
valid,4,0.18351562500000002,0.33897222222222223,0.06220669921875001,0.5413883881012866
valid,1,0.04046875,0.08688888888888889,0.0035162847222222223,0.46575287723785164
valid,1,0.0011875,0.00036111111111111115,4.288194444444445e-07,3.288461538461538
valid,4,0.33992187500000004,0.4305555555555556,0.14635525173611114,0.7894959677419355
valid,4,0.387484375,0.7311666666666667,0.2833156588541667,0.5299535559607932
valid,4,0.18351562500000002,0.33897222222222223,0.06220669921875001,0.5413883881012866
valid,4,0.362875,0.37555555555555553,0.1362797222222222,0.9662352071005917
valid,2,0.387484375,0.7311666666666667,0.2833156588541667,0.5299535559607932
valid,4,0.18351562500000002,0.33897222222222223,0.06220669921875001,0.5413883881012866
valid,1,0.025343749999999998,0.07119444444444444,0.0018043342013888885,0.3559793211080765
valid,4,0.362875,0.37555555555555553,0.1362797222222222,0.9662352071005917
valid,2,0.387484375,0.7311666666666667,0.2833156588541667,0.5299535559607932
valid,4,0.18351562500000002,0.33897222222222223,0.06220669921875001,0.5413883881012866
valid,1,0.025343749999999998,0.07119444444444444,0.0018043342013888885,0.3559793211080765
valid,4,0.362875,0.37555555555555553,0.1362797222222222,0.9662352071005917
valid,2,0.387484375,0.7311666666666667,0.2833156588541667,0.5299535559607932
valid,4,0.18351562500000002,0.33897222222222223,0.06220669921875001,0.5413883881012866
valid,1,0.025343749999999998,0.07119444444444444,0.0018043342013888885,0.3559793211080765
valid,4,0.2516875,0.5572777777777778,0.14025985069444444,0.45163742398564455
valid,4,0.2408125,0.3556944444444445,0.08565566840277779,0.6770206950409996
valid,4,0.462015625,0.35647222222222225,0.1646957365451389,1.296077495519364
valid,4,0.2516875,0.5572777777777778,0.14025985069444444,0.45163742398564455
valid,4,0.250828125,0.5842777777777778,0.14655329947916668,0.4292960207283446
valid,4,0.462015625,0.35647222222222225,0.1646957365451389,1.296077495519364
valid,4,0.3198125,0.5875555555555556,0.18790761111111112,0.5443102307110438
valid,4,0.273953125,0.31869444444444445,0.08730733897569445,0.8596106075132921
valid,4,0.39396875,0.7675555555555555,0.30239290277777775,0.5132771786334684
valid,4,0.21223437500000003,0.7753333333333333,0.1645523854166667,0.27373307179707657
valid,4,0.338140625,0.3645833333333333,0.12328043619791665,0.9274714285714285
valid,4,0.20465624999999998,0.3388611111111111,0.06935004427083333,0.6039531928846626
valid,0,0.13115625,0.21375,0.0280346484375,0.6135964912280703
valid,4,0.1753125,0.41425,0.07262320312500001,0.4232045866022933
valid,4,0.3198125,0.5875555555555556,0.18790761111111112,0.5443102307110438
valid,4,0.273953125,0.31869444444444445,0.08730733897569445,0.8596106075132921
valid,4,0.34796875,0.7612777777777778,0.2649008767361111,0.4570851273443771
valid,4,0.2578125,0.6335,0.16332421875,0.40696527229676405
valid,4,0.376546875,0.32305555555555554,0.12164555989583332,1.16557932072227
valid,4,0.20465624999999998,0.3388611111111111,0.06935004427083333,0.6039531928846626
valid,0,0.09471874999999999,0.1951111111111111,0.018480680555555552,0.4854605637813212
valid,4,0.1753125,0.41425,0.07262320312500001,0.4232045866022933
valid,4,0.15546875,0.2941666666666667,0.04573372395833333,0.5285056657223796
valid,4,0.3198125,0.5875555555555556,0.18790761111111112,0.5443102307110438
valid,4,0.273953125,0.8170000000000001,0.22381970312500002,0.3353159424724602
valid,4,0.3198125,0.5875555555555556,0.18790761111111112,0.5443102307110438
valid,4,0.273953125,0.8170000000000001,0.22381970312500002,0.3353159424724602
valid,4,0.3198125,0.5875555555555556,0.18790761111111112,0.5443102307110438
valid,4,0.273953125,0.8170000000000001,0.22381970312500002,0.3353159424724602
valid,4,0.3198125,0.5875555555555556,0.18790761111111112,0.5443102307110438
valid,4,0.273953125,0.8170000000000001,0.22381970312500002,0.3353159424724602
valid,4,0.2578125,0.6335,0.16332421875,0.40696527229676405
valid,4,0.376546875,0.32305555555555554,0.12164555989583332,1.16557932072227
valid,4,0.20465624999999998,0.3388611111111111,0.06935004427083333,0.6039531928846626
valid,0,0.09471874999999999,0.1951111111111111,0.018480680555555552,0.4854605637813212
valid,4,0.1753125,0.41425,0.07262320312500001,0.4232045866022933
valid,4,0.15546875,0.2941666666666667,0.04573372395833333,0.5285056657223796
valid,4,0.2578125,0.6335,0.16332421875,0.40696527229676405
valid,4,0.376546875,0.32305555555555554,0.12164555989583332,1.16557932072227
valid,4,0.20465624999999998,0.3388611111111111,0.06935004427083333,0.6039531928846626
valid,0,0.09471874999999999,0.1951111111111111,0.018480680555555552,0.4854605637813212
valid,4,0.1753125,0.41425,0.07262320312500001,0.4232045866022933
valid,4,0.15546875,0.2941666666666667,0.04573372395833333,0.5285056657223796
valid,4,0.2578125,0.6335,0.16332421875,0.40696527229676405
valid,4,0.376546875,0.32305555555555554,0.12164555989583332,1.16557932072227
valid,4,0.20465624999999998,0.3388611111111111,0.06935004427083333,0.6039531928846626
valid,0,0.09471874999999999,0.1951111111111111,0.018480680555555552,0.4854605637813212
valid,4,0.1753125,0.41425,0.07262320312500001,0.4232045866022933
valid,4,0.15546875,0.2941666666666667,0.04573372395833333,0.5285056657223796
valid,4,0.2578125,0.6335,0.16332421875,0.40696527229676405
valid,4,0.376546875,0.32305555555555554,0.12164555989583332,1.16557932072227
valid,4,0.20465624999999998,0.3388611111111111,0.06935004427083333,0.6039531928846626
valid,0,0.09471874999999999,0.1951111111111111,0.018480680555555552,0.4854605637813212
valid,4,0.319578125,0.41425,0.13238523828125,0.7714619794809897
valid,4,0.15546875,0.2941666666666667,0.04573372395833333,0.5285056657223796
valid,4,0.2578125,0.6335,0.16332421875,0.40696527229676405
valid,4,0.376546875,0.32305555555555554,0.12164555989583332,1.16557932072227
valid,4,0.20465624999999998,0.3388611111111111,0.06935004427083333,0.6039531928846626
valid,0,0.09471874999999999,0.1951111111111111,0.018480680555555552,0.4854605637813212
valid,4,0.319578125,0.41425,0.13238523828125,0.7714619794809897
valid,4,0.15546875,0.2941666666666667,0.04573372395833333,0.5285056657223796
valid,4,0.2578125,0.6335,0.16332421875,0.40696527229676405
valid,4,0.376546875,0.32305555555555554,0.12164555989583332,1.16557932072227
valid,4,0.20465624999999998,0.3388611111111111,0.06935004427083333,0.6039531928846626
valid,0,0.09471874999999999,0.1951111111111111,0.018480680555555552,0.4854605637813212
valid,4,0.319578125,0.41425,0.13238523828125,0.7714619794809897
valid,4,0.15546875,0.2941666666666667,0.04573372395833333,0.5285056657223796
valid,4,0.21223437500000003,0.7753333333333333,0.1645523854166667,0.27373307179707657
valid,4,0.338140625,0.3645833333333333,0.12328043619791665,0.9274714285714285
valid,4,0.20465624999999998,0.3388611111111111,0.06935004427083333,0.6039531928846626
valid,0,0.13115625,0.21375,0.0280346484375,0.6135964912280703
valid,4,0.1753125,0.41425,0.07262320312500001,0.4232045866022933
valid,4,0.2578125,0.6335,0.16332421875,0.40696527229676405
valid,4,0.376546875,0.32305555555555554,0.12164555989583332,1.16557932072227
valid,4,0.20465624999999998,0.3388611111111111,0.06935004427083333,0.6039531928846626
valid,0,0.09471874999999999,0.1951111111111111,0.018480680555555552,0.4854605637813212
valid,4,0.319578125,0.41425,0.13238523828125,0.7714619794809897
valid,4,0.15546875,0.2941666666666667,0.04573372395833333,0.5285056657223796
valid,4,0.2578125,0.6335,0.16332421875,0.40696527229676405
valid,4,0.376546875,0.32305555555555554,0.12164555989583332,1.16557932072227
valid,4,0.20465624999999998,0.3388611111111111,0.06935004427083333,0.6039531928846626
valid,0,0.09471874999999999,0.1951111111111111,0.018480680555555552,0.4854605637813212
valid,4,0.319578125,0.41425,0.13238523828125,0.7714619794809897
valid,4,0.15546875,0.2941666666666667,0.04573372395833333,0.5285056657223796
valid,4,0.2578125,0.6335,0.16332421875,0.40696527229676405
valid,4,0.376546875,0.32305555555555554,0.12164555989583332,1.16557932072227
valid,4,0.20465624999999998,0.3388611111111111,0.06935004427083333,0.6039531928846626
valid,0,0.09471874999999999,0.1951111111111111,0.018480680555555552,0.4854605637813212
valid,4,0.319578125,0.41425,0.13238523828125,0.7714619794809897
valid,4,0.15546875,0.2941666666666667,0.04573372395833333,0.5285056657223796
valid,4,0.2578125,0.6335,0.16332421875,0.40696527229676405
valid,4,0.376546875,0.32305555555555554,0.12164555989583332,1.16557932072227
valid,4,0.20465624999999998,0.3388611111111111,0.06935004427083333,0.6039531928846626
valid,0,0.09471874999999999,0.1951111111111111,0.018480680555555552,0.4854605637813212
valid,4,0.18725,0.41425,0.0775683125,0.452021726010863
valid,4,0.15546875,0.2941666666666667,0.04573372395833333,0.5285056657223796
valid,4,0.28765625,0.7964722222222222,0.22911021267361112,0.3611629407456492
valid,4,0.39460937500000004,0.4391111111111111,0.17327736111111114,0.8986549531882592
valid,4,0.20465624999999998,0.3388611111111111,0.06935004427083333,0.6039531928846626
valid,0,0.09471874999999999,0.1951111111111111,0.018480680555555552,0.4854605637813212
valid,4,0.18725,0.41425,0.0775683125,0.452021726010863
valid,4,0.15546875,0.2941666666666667,0.04573372395833333,0.5285056657223796
valid,4,0.28765625,0.7964722222222222,0.22911021267361112,0.3611629407456492
valid,4,0.45778125000000003,0.4391111111111111,0.20101683333333334,1.042518028846154
valid,4,0.20465624999999998,0.3388611111111111,0.06935004427083333,0.6039531928846626
valid,0,0.09471874999999999,0.1951111111111111,0.018480680555555552,0.4854605637813212
valid,4,0.18725,0.41425,0.0775683125,0.452021726010863
valid,4,0.15546875,0.2941666666666667,0.04573372395833333,0.5285056657223796
valid,4,0.28765625,0.7964722222222222,0.22911021267361112,0.3611629407456492
valid,4,0.45778125000000003,0.4391111111111111,0.20101683333333334,1.042518028846154
valid,4,0.20465624999999998,0.3388611111111111,0.06935004427083333,0.6039531928846626
valid,0,0.09471874999999999,0.1951111111111111,0.018480680555555552,0.4854605637813212
valid,4,0.18725,0.41425,0.0775683125,0.452021726010863
valid,4,0.15546875,0.2941666666666667,0.04573372395833333,0.5285056657223796
valid,4,0.28765625,0.7964722222222222,0.22911021267361112,0.3611629407456492
valid,4,0.45778125000000003,0.4391111111111111,0.20101683333333334,1.042518028846154
valid,4,0.20465624999999998,0.3388611111111111,0.06935004427083333,0.6039531928846626
valid,0,0.09471874999999999,0.1951111111111111,0.018480680555555552,0.4854605637813212
valid,4,0.18725,0.41425,0.0775683125,0.452021726010863
valid,4,0.15546875,0.2941666666666667,0.04573372395833333,0.5285056657223796
valid,4,0.28765625,0.7964722222222222,0.22911021267361112,0.3611629407456492
valid,2,0.46281249999999996,0.35344444444444445,0.16357850694444442,1.3094349261238603
valid,4,0.20465624999999998,0.3388611111111111,0.06935004427083333,0.6039531928846626
valid,0,0.09471874999999999,0.1951111111111111,0.018480680555555552,0.4854605637813212
valid,4,0.159609375,0.34625,0.05526474609375,0.46096570397111913
valid,4,0.15546875,0.2941666666666667,0.04573372395833333,0.5285056657223796
valid,1,0.040281250000000005,0.07886111111111112,0.0031766241319444452,0.5107872490313491
valid,4,0.28765625,0.7964722222222222,0.22911021267361112,0.3611629407456492
valid,2,0.46281249999999996,0.35344444444444445,0.16357850694444442,1.3094349261238603
valid,4,0.20465624999999998,0.3388611111111111,0.06935004427083333,0.6039531928846626
valid,0,0.10232812499999999,0.2325,0.0237912890625,0.44012096774193543
valid,4,0.159609375,0.34625,0.05526474609375,0.46096570397111913
valid,4,0.15546875,0.2941666666666667,0.04573372395833333,0.5285056657223796
valid,1,0.040281250000000005,0.07886111111111112,0.0031766241319444452,0.5107872490313491
valid,4,0.28765625,0.7964722222222222,0.22911021267361112,0.3611629407456492
valid,2,0.46281249999999996,0.35344444444444445,0.16357850694444442,1.3094349261238603
valid,4,0.20465624999999998,0.3388611111111111,0.06935004427083333,0.6039531928846626
valid,0,0.10232812499999999,0.2325,0.0237912890625,0.44012096774193543
valid,4,0.159609375,0.34625,0.05526474609375,0.46096570397111913
valid,4,0.15546875,0.2941666666666667,0.04573372395833333,0.5285056657223796
valid,1,0.040281250000000005,0.07886111111111112,0.0031766241319444452,0.5107872490313491
valid,4,0.28765625,0.7964722222222222,0.22911021267361112,0.3611629407456492
valid,2,0.46281249999999996,0.35344444444444445,0.16357850694444442,1.3094349261238603
valid,4,0.20465624999999998,0.3388611111111111,0.06935004427083333,0.6039531928846626
valid,0,0.10232812499999999,0.2325,0.0237912890625,0.44012096774193543
valid,4,0.159609375,0.34625,0.05526474609375,0.46096570397111913
valid,4,0.15546875,0.2941666666666667,0.04573372395833333,0.5285056657223796
valid,1,0.040281250000000005,0.07886111111111112,0.0031766241319444452,0.5107872490313491
valid,4,0.28765625,0.7964722222222222,0.22911021267361112,0.3611629407456492
valid,2,0.46281249999999996,0.35344444444444445,0.16357850694444442,1.3094349261238603
valid,4,0.20465624999999998,0.3388611111111111,0.06935004427083333,0.6039531928846626
valid,0,0.10232812499999999,0.2325,0.0237912890625,0.44012096774193543
valid,4,0.159609375,0.34625,0.05526474609375,0.46096570397111913
valid,4,0.15546875,0.2941666666666667,0.04573372395833333,0.5285056657223796
valid,1,0.040281250000000005,0.07886111111111112,0.0031766241319444452,0.5107872490313491
valid,4,0.28765625,0.7964722222222222,0.22911021267361112,0.3611629407456492
valid,2,0.46281249999999996,0.35344444444444445,0.16357850694444442,1.3094349261238603
valid,4,0.20465624999999998,0.3388611111111111,0.06935004427083333,0.6039531928846626
valid,0,0.10232812499999999,0.2325,0.0237912890625,0.44012096774193543
valid,4,0.159609375,0.34625,0.05526474609375,0.46096570397111913
valid,4,0.15546875,0.2941666666666667,0.04573372395833333,0.5285056657223796
valid,1,0.040281250000000005,0.07886111111111112,0.0031766241319444452,0.5107872490313491
valid,4,0.28765625,0.7964722222222222,0.22911021267361112,0.3611629407456492
valid,2,0.46281249999999996,0.35344444444444445,0.16357850694444442,1.3094349261238603
valid,4,0.20465624999999998,0.3388611111111111,0.06935004427083333,0.6039531928846626
valid,0,0.10232812499999999,0.2325,0.0237912890625,0.44012096774193543
valid,4,0.159609375,0.34625,0.05526474609375,0.46096570397111913
valid,4,0.15546875,0.2941666666666667,0.04573372395833333,0.5285056657223796
valid,1,0.040281250000000005,0.07886111111111112,0.0031766241319444452,0.5107872490313491
valid,4,0.28765625,0.7964722222222222,0.22911021267361112,0.3611629407456492
valid,2,0.46281249999999996,0.35344444444444445,0.16357850694444442,1.3094349261238603
valid,4,0.20465624999999998,0.3388611111111111,0.06935004427083333,0.6039531928846626
valid,0,0.10232812499999999,0.2325,0.0237912890625,0.44012096774193543
valid,4,0.20587499999999997,0.41936111111111113,0.08633596874999999,0.4909253494071669
valid,4,0.15546875,0.2941666666666667,0.04573372395833333,0.5285056657223796
valid,1,0.040281250000000005,0.07886111111111112,0.0031766241319444452,0.5107872490313491
valid,4,0.16830729166666666,0.6050462962962964,0.10183370346257717,0.27817258397735095
valid,2,0.21376562500000001,0.7337962962962963,0.15686042390046298,0.2913146687697161
valid,1,0.11416666666666667,0.12608333333333333,0.014394513888888887,0.9054857898215467
valid,4,0.22658854166666667,0.7222222222222222,0.1636472800925926,0.31373798076923076
valid,4,0.12738020833333333,0.49296296296296294,0.0627937249228395,0.25839711682945155
valid,4,0.18224479166666668,0.7245277777777778,0.1320414139178241,0.2515359621209217
valid,2,0.10128645833333333,0.5016296296296296,0.05080828858024691,0.2019148239072652
valid,1,0.04996354166666667,0.08913888888888888,0.004453694589120371,0.5605133998130261
valid,0,0.05241666666666667,0.15331481481481482,0.008036251543209878,0.34188911704312114
valid,4,0.12738020833333333,0.49296296296296294,0.0627937249228395,0.25839711682945155
valid,4,0.18224479166666668,0.7245277777777778,0.1320414139178241,0.2515359621209217
valid,2,0.10128645833333333,0.5016296296296296,0.05080828858024691,0.2019148239072652
valid,1,0.04996354166666667,0.08913888888888888,0.004453694589120371,0.5605133998130261
valid,0,0.05241666666666667,0.15331481481481482,0.008036251543209878,0.34188911704312114
valid,4,0.12738020833333333,0.49296296296296294,0.0627937249228395,0.25839711682945155
valid,4,0.18224479166666668,0.7245277777777778,0.1320414139178241,0.2515359621209217
valid,4,0.07503125000000001,0.21822222222222223,0.016373486111111113,0.3438295570264766
valid,0,0.042046875000000004,0.09605555555555555,0.0040388359375,0.4377349624060151
valid,4,0.05042708333333333,0.0737962962962963,0.0037213319830246916,0.683328105395232
valid,4,0.12738020833333333,0.49296296296296294,0.0627937249228395,0.25839711682945155
valid,4,0.18224479166666668,0.7245277777777778,0.1320414139178241,0.2515359621209217
valid,4,0.08834895833333332,0.15894444444444444,0.014042576099537036,0.5558480426424327
valid,0,0.042046875000000004,0.09605555555555555,0.0040388359375,0.4377349624060151
valid,4,0.05042708333333333,0.0737962962962963,0.0037213319830246916,0.683328105395232
valid,4,0.12738020833333333,0.49296296296296294,0.0627937249228395,0.25839711682945155
valid,4,0.18224479166666668,0.7245277777777778,0.1320414139178241,0.2515359621209217
valid,4,0.08834895833333332,0.15894444444444444,0.014042576099537036,0.5558480426424327
valid,0,0.042046875000000004,0.09605555555555555,0.0040388359375,0.4377349624060151
valid,4,0.05042708333333333,0.0737962962962963,0.0037213319830246916,0.683328105395232
valid,4,0.12738020833333333,0.49296296296296294,0.0627937249228395,0.25839711682945155
valid,4,0.24406250000000002,0.7326574074074074,0.17881419849537036,0.3331195420020979
valid,0,0.042046875000000004,0.09605555555555555,0.0040388359375,0.4377349624060151
valid,4,0.05042708333333333,0.0737962962962963,0.0037213319830246916,0.683328105395232
valid,4,0.12738020833333333,0.49296296296296294,0.0627937249228395,0.25839711682945155
valid,4,0.24406250000000002,0.7326574074074074,0.17881419849537036,0.3331195420020979
valid,0,0.042046875000000004,0.09605555555555555,0.0040388359375,0.4377349624060151
valid,4,0.05042708333333333,0.0737962962962963,0.0037213319830246916,0.683328105395232
valid,2,0.12738020833333333,0.49296296296296294,0.0627937249228395,0.25839711682945155
valid,4,0.24406250000000002,0.7326574074074074,0.17881419849537036,0.3331195420020979
valid,0,0.03378645833333334,0.0811111111111111,0.002740457175925926,0.41654537671232883
valid,4,0.05042708333333333,0.0737962962962963,0.0037213319830246916,0.683328105395232
valid,1,0.02821875,0.08005555555555555,0.002259067708333333,0.3524895905621097
valid,2,0.12738020833333333,0.49296296296296294,0.0627937249228395,0.25839711682945155
valid,4,0.24406250000000002,0.7326574074074074,0.17881419849537036,0.3331195420020979
valid,0,0.041177083333333336,0.0640462962962963,0.002637239679783951,0.6429268468989446
valid,4,0.05042708333333333,0.0737962962962963,0.0037213319830246916,0.683328105395232
valid,1,0.029458333333333333,0.04267592592592593,0.001257161651234568,0.6902798871772619
valid,5,0.12738020833333333,0.49296296296296294,0.0627937249228395,0.25839711682945155
valid,4,0.22344270833333332,0.7797407407407407,0.1742273829089506,0.2865602586329739
valid,0,0.042046875000000004,0.09605555555555555,0.0040388359375,0.4377349624060151
valid,4,0.05042708333333333,0.0737962962962963,0.0037213319830246916,0.683328105395232
valid,5,0.12738020833333333,0.49296296296296294,0.0627937249228395,0.25839711682945155
valid,4,0.22344270833333332,0.7797407407407407,0.1742273829089506,0.2865602586329739
valid,0,0.042046875000000004,0.09605555555555555,0.0040388359375,0.4377349624060151
valid,4,0.05042708333333333,0.0737962962962963,0.0037213319830246916,0.683328105395232
valid,5,0.12738020833333333,0.49296296296296294,0.0627937249228395,0.25839711682945155
valid,4,0.22344270833333332,0.7797407407407407,0.1742273829089506,0.2865602586329739
valid,0,0.042046875000000004,0.09605555555555555,0.0040388359375,0.4377349624060151
valid,4,0.05042708333333333,0.0737962962962963,0.0037213319830246916,0.683328105395232
valid,2,0.12738020833333333,0.49296296296296294,0.0627937249228395,0.25839711682945155
valid,4,0.17539583333333333,0.5445092592592593,0.09550465528549383,0.3221172649514513
valid,0,0.03511458333333333,0.05600925925925926,0.0019667418016975306,0.6269424698297239
valid,4,0.05042708333333333,0.0737962962962963,0.0037213319830246916,0.683328105395232
valid,1,0.03084375,0.07275,0.0022438828125,0.4239690721649485
valid,4,0.231328125,0.7592592592592593,0.17563802083333335,0.3046760670731707
valid,4,0.12093229166666666,0.448212962962963,0.054203420765817904,0.26980989319726484
valid,0,0.0743125,0.17514814814814814,0.01301569675925926,0.4242836751956017
valid,4,0.20872916666666666,0.44475925925925924,0.09283422955246913,0.46930819835949533
valid,5,0.1787291666666667,0.5930740740740741,0.10599963503086421,0.301360613251733
valid,1,0.044812500000000005,0.14912037037037038,0.006682456597222223,0.3005122632722757
valid,0,0.09883854166666667,0.1335,0.013194945312500001,0.7403636079900124
valid,4,0.18917708333333336,0.6483703703703704,0.12265681558641976,0.29177317776762257
valid,0,0.11055208333333333,0.17610185185185184,0.019468426601080245,0.6277735422472265
valid,4,0.18917708333333336,0.6483703703703704,0.12265681558641976,0.29177317776762257
valid,0,0.10778125,0.15058333333333332,0.016230059895833333,0.7157581627006088
valid,4,0.17150520833333335,0.44675925925925924,0.07662153983410494,0.38388730569948193
valid,4,0.17150520833333335,0.44675925925925924,0.07662153983410494,0.38388730569948193
valid,4,0.17150520833333335,0.44675925925925924,0.07662153983410494,0.38388730569948193
valid,4,0.07844791666666667,0.4879537037037037,0.03827895148533951,0.16076917968082888
valid,4,0.16441145833333334,0.4571388888888889,0.07515887138310186,0.359653187093638
valid,4,0.07844791666666667,0.4879537037037037,0.03827895148533951,0.16076917968082888
valid,4,0.16441145833333334,0.4571388888888889,0.07515887138310186,0.359653187093638
valid,4,0.07844791666666667,0.4879537037037037,0.03827895148533951,0.16076917968082888
valid,4,0.16441145833333334,0.4571388888888889,0.07515887138310186,0.359653187093638
valid,4,0.07844791666666667,0.4879537037037037,0.03827895148533951,0.16076917968082888
valid,4,0.16441145833333334,0.4571388888888889,0.07515887138310186,0.359653187093638
valid,4,0.07844791666666667,0.4879537037037037,0.03827895148533951,0.16076917968082888
valid,4,0.16441145833333334,0.4571388888888889,0.07515887138310186,0.359653187093638
valid,4,0.07844791666666667,0.4879537037037037,0.03827895148533951,0.16076917968082888
valid,4,0.16441145833333334,0.4571388888888889,0.07515887138310186,0.359653187093638
valid,4,0.07844791666666667,0.4879537037037037,0.03827895148533951,0.16076917968082888
valid,4,0.16441145833333334,0.4571388888888889,0.07515887138310186,0.359653187093638
valid,4,0.07844791666666667,0.4879537037037037,0.03827895148533951,0.16076917968082888
valid,4,0.16441145833333334,0.4571388888888889,0.07515887138310186,0.359653187093638
valid,4,0.061197916666666664,0.3336574074074074,0.020419138213734568,0.1834154294435965
valid,4,0.12001041666666666,0.5253888888888889,0.0630521394675926,0.22842206830918893
valid,5,0.13247395833333334,0.5292407407407408,0.07011061583719136,0.2503094492459498
valid,1,0.03006770833333333,0.06037962962962962,0.0018154770929783948,0.49797768747124677
valid,4,0.061197916666666664,0.3336574074074074,0.020419138213734568,0.1834154294435965
valid,4,0.08036458333333334,0.1756851851851852,0.014118866705246915,0.4574351744492463
valid,5,0.13247395833333334,0.5292407407407408,0.07011061583719136,0.2503094492459498
valid,4,0.14853125,0.5338333333333333,0.07929093229166666,0.27823524820480805
valid,4,0.07291666666666667,0.4678055555555556,0.034110821759259266,0.15586960394275876
valid,4,0.14853125,0.5338333333333333,0.07929093229166666,0.27823524820480805
valid,4,0.04978645833333333,0.4611296296296296,0.022958011091820985,0.10796629653427574
valid,4,0.14853125,0.5338333333333333,0.07929093229166666,0.27823524820480805
valid,4,0.04978645833333333,0.4611296296296296,0.022958011091820985,0.10796629653427574
valid,4,0.14853125,0.5338333333333333,0.07929093229166666,0.27823524820480805
valid,4,0.04978645833333333,0.4611296296296296,0.022958011091820985,0.10796629653427574
valid,4,0.14853125,0.5338333333333333,0.07929093229166666,0.27823524820480805
valid,4,0.04978645833333333,0.4611296296296296,0.022958011091820985,0.10796629653427574
valid,4,0.11725520833333333,0.5675740740740741,0.06655101630015432,0.20659014160331493
valid,4,0.040364583333333336,0.23334259259259257,0.009418776523919753,0.17298420697591368
valid,4,0.11725520833333333,0.5675740740740741,0.06655101630015432,0.20659014160331493
valid,4,0.040364583333333336,0.23334259259259257,0.009418776523919753,0.17298420697591368
valid,4,0.11725520833333333,0.5675740740740741,0.06655101630015432,0.20659014160331493
valid,4,0.040364583333333336,0.23334259259259257,0.009418776523919753,0.17298420697591368
valid,4,0.11725520833333333,0.5675740740740741,0.06655101630015432,0.20659014160331493
valid,4,0.040364583333333336,0.23334259259259257,0.009418776523919753,0.17298420697591368
valid,4,0.15084895833333334,0.5608055555555556,0.08459693388310185,0.26898620535935414
valid,4,0.040364583333333336,0.23334259259259257,0.009418776523919753,0.17298420697591368
valid,4,0.151953125,0.6563981481481481,0.09974174985532407,0.23149535907237873
valid,4,0.07682291666666667,0.4980277777777778,0.03825994646990741,0.15425428077416475
valid,4,0.151953125,0.6563981481481481,0.09974174985532407,0.23149535907237873
valid,4,0.07682291666666667,0.4980277777777778,0.03825994646990741,0.15425428077416475
valid,4,0.151953125,0.6563981481481481,0.09974174985532407,0.23149535907237873
valid,4,0.07682291666666667,0.4980277777777778,0.03825994646990741,0.15425428077416475
valid,4,0.151953125,0.6563981481481481,0.09974174985532407,0.23149535907237873
valid,4,0.07682291666666667,0.4980277777777778,0.03825994646990741,0.15425428077416475
valid,4,0.16753125000000002,0.569462962962963,0.09540284201388889,0.29419165230399014
valid,4,0.07682291666666667,0.4980277777777778,0.03825994646990741,0.15425428077416475
valid,4,0.16753125000000002,0.569462962962963,0.09540284201388889,0.29419165230399014
valid,4,0.07682291666666667,0.4980277777777778,0.03825994646990741,0.15425428077416475
valid,4,0.21372395833333335,0.5766574074074073,0.12324550371334876,0.37062553188073033
valid,4,0.07682291666666667,0.4980277777777778,0.03825994646990741,0.15425428077416475
valid,4,0.21372395833333335,0.5766574074074073,0.12324550371334876,0.37062553188073033
valid,4,0.07682291666666667,0.4980277777777778,0.03825994646990741,0.15425428077416475
valid,4,0.21372395833333335,0.5766574074074073,0.12324550371334876,0.37062553188073033
valid,4,0.11508333333333334,0.5140833333333333,0.05916242361111112,0.22386124169233265
valid,4,0.19016145833333334,0.5772222222222222,0.10976541956018518,0.32944237247353225
valid,4,0.11508333333333334,0.5140833333333333,0.05916242361111112,0.22386124169233265
valid,4,0.19016145833333334,0.5772222222222222,0.10976541956018518,0.32944237247353225
valid,4,0.11508333333333334,0.5140833333333333,0.05916242361111112,0.22386124169233265
valid,4,0.19016145833333334,0.5772222222222222,0.10976541956018518,0.32944237247353225
valid,4,0.09644791666666667,0.49043518518518514,0.04730145187114197,0.1966578246832934
valid,4,0.19016145833333334,0.5772222222222222,0.10976541956018518,0.32944237247353225
valid,4,0.09644791666666667,0.49043518518518514,0.04730145187114197,0.1966578246832934
valid,4,0.19016145833333334,0.5772222222222222,0.10976541956018518,0.32944237247353225
valid,4,0.09644791666666667,0.49043518518518514,0.04730145187114197,0.1966578246832934
valid,4,0.061197916666666664,0.3336574074074074,0.020419138213734568,0.1834154294435965
valid,4,0.13247395833333334,0.5292407407407408,0.07011061583719136,0.2503094492459498
valid,4,0.03930208333333333,0.07725000000000001,0.0030360859375,0.5087648327939589
valid,4,0.061197916666666664,0.3336574074074074,0.020419138213734568,0.1834154294435965
valid,4,0.14683333333333334,0.5498148148148148,0.08073114197530865,0.2670596160323342
valid,4,0.03930208333333333,0.07725000000000001,0.0030360859375,0.5087648327939589
valid,4,0.12636458333333334,0.5515740740740741,0.06969942804783952,0.22909811985898942
valid,4,0.11979166666666667,0.5673611111111111,0.06796513310185186,0.21113831089351287
valid,4,0.199328125,0.603212962962963,0.12023730888310186,0.33044403426097896
valid,4,0.199328125,0.603212962962963,0.12023730888310186,0.33044403426097896
valid,4,0.199328125,0.603212962962963,0.12023730888310186,0.33044403426097896
valid,4,0.199328125,0.603212962962963,0.12023730888310186,0.33044403426097896
valid,2,0.16496875,0.634712962962963,0.10470780410879629,0.2599107937387854
valid,1,0.029635416666666668,0.0974351851851852,0.0028875323109567906,0.3041551838829231
valid,4,0.16496875,0.634712962962963,0.10470780410879629,0.2599107937387854
valid,4,0.16496875,0.634712962962963,0.10470780410879629,0.2599107937387854
valid,4,0.16496875,0.634712962962963,0.10470780410879629,0.2599107937387854
valid,4,0.16496875,0.634712962962963,0.10470780410879629,0.2599107937387854
valid,2,0.07909895833333333,0.2874166666666667,0.022734358940972223,0.2752065816178602
valid,1,0.021760416666666667,0.04353703703703704,0.0009473840663580248,0.4998139089749043
valid,4,0.110984375,0.4583611111111111,0.050870921440972224,0.24213305254227016
valid,2,0.07909895833333333,0.2874166666666667,0.022734358940972223,0.2752065816178602
valid,1,0.021760416666666667,0.04353703703703704,0.0009473840663580248,0.4998139089749043
valid,4,0.061197916666666664,0.3336574074074074,0.020419138213734568,0.1834154294435965
valid,4,0.12001041666666666,0.5253888888888889,0.0630521394675926,0.22842206830918893
valid,2,0.13247395833333334,0.5292407407407408,0.07011061583719136,0.2503094492459498
valid,1,0.027760416666666666,0.04992592592592593,0.0013859645061728395,0.5560320845697329
valid,4,0.114828125,0.3975092592592593,0.04564524291087963,0.28886905732454404
valid,4,0.07909895833333333,0.2874166666666667,0.022734358940972223,0.2752065816178602
valid,4,0.07964583333333333,0.40071296296296294,0.031915117862654316,0.1987603114818495
valid,2,0.07986458333333334,0.33787962962962964,0.02698461583719136,0.23636992683127347
valid,1,0.031984374999999995,0.06197222222222223,0.001982142795138889,0.5161082474226802
valid,4,0.061197916666666664,0.3336574074074074,0.020419138213734568,0.1834154294435965
valid,4,0.12001041666666666,0.5253888888888889,0.0630521394675926,0.22842206830918893
valid,2,0.13247395833333334,0.5292407407407408,0.07011061583719136,0.2503094492459498
valid,1,0.027760416666666666,0.04992592592592593,0.0013859645061728395,0.5560320845697329
valid,4,0.07964583333333333,0.40071296296296294,0.031915117862654316,0.1987603114818495
valid,2,0.10813020833333334,0.3823148148148148,0.04133978057484568,0.28283028578348274
valid,1,0.031984374999999995,0.06197222222222223,0.001982142795138889,0.5161082474226802
valid,4,0.11546354166666667,0.4863425925925926,0.05615483820408951,0.2374119466920514
valid,4,0.11461458333333334,0.4133611111111111,0.04737721151620371,0.2772747127209193
valid,4,0.11546354166666667,0.4863425925925926,0.05615483820408951,0.2374119466920514
valid,4,0.1390625,0.47918518518518516,0.06663668981481481,0.2902061756067399
valid,4,0.07844791666666667,0.4879537037037037,0.03827895148533951,0.16076917968082888
valid,4,0.1390625,0.47918518518518516,0.06663668981481481,0.2902061756067399
valid,4,0.09357291666666666,0.3428611111111111,0.03208251417824074,0.27291784817305353
valid,4,0.10164583333333334,0.2393888888888889,0.024332883101851853,0.4246054769087955
valid,4,0.17404166666666668,0.6459351851851852,0.11241963618827162,0.2694413784206075
valid,4,0.17886979166666667,0.6183888888888889,0.11061109172453704,0.2892513026682239
valid,4,0.17404166666666668,0.6459351851851852,0.11241963618827162,0.2694413784206075
valid,4,0.20632291666666666,0.6734722222222222,0.13895275318287037,0.30635698082078777
valid,4,0.17404166666666668,0.6459351851851852,0.11241963618827162,0.2694413784206075
valid,4,0.20632291666666666,0.6734722222222222,0.13895275318287037,0.30635698082078777
valid,4,0.17404166666666668,0.6459351851851852,0.11241963618827162,0.2694413784206075
valid,4,0.20632291666666666,0.6734722222222222,0.13895275318287037,0.30635698082078777
valid,4,0.10911458333333333,0.5930185185185185,0.06470696855709876,0.18399861037379384
valid,4,0.20632291666666666,0.6199351851851852,0.12790683555169752,0.33281369020058843
valid,4,0.06566145833333333,0.5381111111111111,0.03533316030092592,0.12202211955399545
valid,4,0.20632291666666666,0.6199351851851852,0.12790683555169752,0.33281369020058843
valid,4,0.09515104166666667,0.42448148148148146,0.04038985513117284,0.2241582867987087
valid,4,0.07734375,0.4679166666666667,0.036190429687500004,0.16529385574354408
valid,4,0.20632291666666666,0.6199351851851852,0.12790683555169752,0.33281369020058843
valid,4,0.09515104166666667,0.42448148148148146,0.04038985513117284,0.2241582867987087
valid,4,0.20632291666666666,0.6199351851851852,0.12790683555169752,0.33281369020058843
valid,4,0.17002083333333334,0.5977777777777779,0.10163467592592594,0.28442146840148697
valid,4,0.20632291666666666,0.6199351851851852,0.12790683555169752,0.33281369020058843
valid,4,0.17002083333333334,0.5977777777777779,0.10163467592592594,0.28442146840148697
valid,4,0.20632291666666666,0.6199351851851852,0.12790683555169752,0.33281369020058843
valid,4,0.19344270833333335,0.6599537037037037,0.12766323181905864,0.2931155734829885
valid,4,0.11762500000000001,0.40016666666666667,0.04706960416666667,0.2939400249895877
valid,4,0.10164583333333334,0.2393888888888889,0.024332883101851853,0.4246054769087955
valid,4,0.20632291666666666,0.6199351851851852,0.12790683555169752,0.33281369020058843
valid,4,0.19344270833333335,0.6599537037037037,0.12766323181905864,0.2931155734829885
valid,4,0.20632291666666666,0.6199351851851852,0.12790683555169752,0.33281369020058843
valid,4,0.19343749999999998,0.6599537037037037,0.12765979456018517,0.2931076815152578
valid,4,0.20632291666666666,0.6199351851851852,0.12790683555169752,0.33281369020058843
valid,4,0.19343749999999998,0.6599537037037037,0.12765979456018517,0.2931076815152578
valid,2,0.20632291666666666,0.6199351851851852,0.12790683555169752,0.33281369020058843
valid,4,0.19343749999999998,0.6599537037037037,0.12765979456018517,0.2931076815152578
valid,1,0.03581770833333333,0.0552037037037037,0.001977270158179012,0.6488279939617578
valid,2,0.20632291666666666,0.6199351851851852,0.12790683555169752,0.33281369020058843
valid,4,0.19343749999999998,0.6599537037037037,0.12765979456018517,0.2931076815152578
valid,1,0.0370625,0.052833333333333336,0.0019581354166666666,0.7014984227129337
valid,4,0.11762500000000001,0.40016666666666667,0.04706960416666667,0.2939400249895877
valid,4,0.12931770833333334,0.6248888888888889,0.08080919907407408,0.20694512357752487
valid,2,0.20632291666666666,0.6199351851851852,0.12790683555169752,0.33281369020058843
valid,4,0.19343749999999998,0.6599537037037037,0.12765979456018517,0.2931076815152578
valid,1,0.0435,0.04644444444444444,0.002020333333333333,0.9366028708133971
valid,4,0.18662499999999999,0.6199351851851852,0.11569540393518518,0.3010395351963317
valid,4,0.18706250000000002,0.7041111111111111,0.13171278472222225,0.2656718478775446
valid,4,0.18662499999999999,0.6199351851851852,0.11569540393518518,0.3010395351963317
valid,4,0.18706250000000002,0.7041111111111111,0.13171278472222225,0.2656718478775446
valid,4,0.18662499999999999,0.6199351851851852,0.11569540393518518,0.3010395351963317
valid,4,0.18706250000000002,0.7041111111111111,0.13171278472222225,0.2656718478775446
valid,2,0.18662499999999999,0.6199351851851852,0.11569540393518518,0.3010395351963317
valid,4,0.18706250000000002,0.7041111111111111,0.13171278472222225,0.2656718478775446
valid,1,0.054114583333333334,0.05441666666666667,0.0029447352430555557,0.994448698315467
valid,2,0.22059895833333334,0.7954259259259259,0.17547013069058642,0.27733438293017953
valid,4,0.18706250000000002,0.7041111111111111,0.13171278472222225,0.2656718478775446
valid,1,0.03981770833333333,0.09962962962962962,0.003967023533950617,0.3996572955390335
valid,5,0.22059895833333334,0.7954259259259259,0.17547013069058642,0.27733438293017953
valid,4,0.18706250000000002,0.7041111111111111,0.13171278472222225,0.2656718478775446
valid,4,0.22059895833333334,0.7954259259259259,0.17547013069058642,0.27733438293017953
valid,4,0.18706250000000002,0.7041111111111111,0.13171278472222225,0.2656718478775446
valid,4,0.22059895833333334,0.7954259259259259,0.17547013069058642,0.27733438293017953
valid,4,0.18706250000000002,0.7041111111111111,0.13171278472222225,0.2656718478775446
valid,4,0.22059895833333334,0.7954259259259259,0.17547013069058642,0.27733438293017953
valid,4,0.18706250000000002,0.7041111111111111,0.13171278472222225,0.2656718478775446
valid,4,0.22059895833333334,0.7954259259259259,0.17547013069058642,0.27733438293017953
valid,4,0.18706250000000002,0.7041111111111111,0.13171278472222225,0.2656718478775446
valid,4,0.22059895833333334,0.7954259259259259,0.17547013069058642,0.27733438293017953
valid,4,0.18706250000000002,0.7041111111111111,0.13171278472222225,0.2656718478775446
valid,4,0.22059895833333334,0.7954259259259259,0.17547013069058642,0.27733438293017953
valid,4,0.18706250000000002,0.7041111111111111,0.13171278472222225,0.2656718478775446
valid,4,0.17404166666666668,0.6459351851851852,0.11241963618827162,0.2694413784206075
valid,4,0.15900520833333334,0.5512777777777778,0.08765603790509259,0.28843028821928857
valid,2,0.2891484375,0.5447638888888889,0.15751762727864585,0.530777541238559
valid,1,0.055882812500000004,0.075625,0.0042261376953125,0.7389462809917356
valid,2,0.2891484375,0.5447638888888889,0.15751762727864585,0.530777541238559
valid,1,0.055882812500000004,0.075625,0.0042261376953125,0.7389462809917356
valid,2,0.2891484375,0.5447638888888889,0.15751762727864585,0.530777541238559
valid,1,0.055882812500000004,0.075625,0.0042261376953125,0.7389462809917356
valid,2,0.2891484375,0.5447638888888889,0.15751762727864585,0.530777541238559
valid,1,0.055882812500000004,0.075625,0.0042261376953125,0.7389462809917356
valid,2,0.2891484375,0.5447638888888889,0.15751762727864585,0.530777541238559
valid,1,0.055882812500000004,0.075625,0.0042261376953125,0.7389462809917356
valid,2,0.30920312499999997,0.4778194444444444,0.14774326540798607,0.6471128971310641
valid,1,0.055882812500000004,0.075625,0.0042261376953125,0.7389462809917356
valid,4,0.305,0.5598194444444444,0.17074493055555554,0.544818517875307
valid,4,0.2784140625,0.6941944444444444,0.19327349544270833,0.4010606318274579
valid,4,0.2784140625,0.6941944444444444,0.19327349544270833,0.4010606318274579
valid,5,0.25756249999999997,0.7107962962962963,0.18307447106481478,0.3623576843915275
valid,2,0.09936458333333334,0.305,0.030306197916666666,0.3257855191256831
valid,1,0.07782291666666666,0.17012962962962963,0.01323998398919753,0.45743305758136493
valid,5,0.25756249999999997,0.7107962962962963,0.18307447106481478,0.3623576843915275
valid,2,0.09936458333333334,0.305,0.030306197916666666,0.3257855191256831
valid,1,0.07782291666666666,0.17012962962962963,0.01323998398919753,0.45743305758136493
valid,5,0.25756249999999997,0.7107962962962963,0.18307447106481478,0.3623576843915275
valid,2,0.09936458333333334,0.305,0.030306197916666666,0.3257855191256831
valid,1,0.07782291666666666,0.17012962962962963,0.01323998398919753,0.45743305758136493
valid,4,0.25965625000000003,0.7135925925925926,0.18528877662037038,0.3638718404525874
valid,2,0.07619791666666667,0.2430185185185185,0.018517504822530863,0.3135477787091367
valid,1,0.07708333333333334,0.19311111111111112,0.01488564814814815,0.39916570771001153
valid,4,0.25965625000000003,0.7135925925925926,0.18528877662037038,0.3638718404525874
valid,2,0.07619791666666667,0.2430185185185185,0.018517504822530863,0.3135477787091367
valid,1,0.07708333333333334,0.19311111111111112,0.01488564814814815,0.39916570771001153
valid,4,0.32878124999999997,0.7156851851851852,0.23530386979166665,0.45939367868139824
valid,4,0.10083333333333333,0.22540740740740742,0.02272858024691358,0.4473381531383503
valid,4,0.32878124999999997,0.7156851851851852,0.23530386979166665,0.45939367868139824
valid,4,0.10083333333333333,0.22540740740740742,0.02272858024691358,0.4473381531383503
valid,4,0.32878124999999997,0.7156851851851852,0.23530386979166665,0.45939367868139824
valid,4,0.10083333333333333,0.22540740740740742,0.02272858024691358,0.4473381531383503
valid,2,0.25756249999999997,0.7107962962962963,0.18307447106481478,0.3623576843915275
valid,2,0.09936458333333334,0.305,0.030306197916666666,0.3257855191256831
valid,1,0.07782291666666666,0.17012962962962963,0.01323998398919753,0.45743305758136493
valid,2,0.25756249999999997,0.7107962962962963,0.18307447106481478,0.3623576843915275
valid,2,0.09936458333333334,0.305,0.030306197916666666,0.3257855191256831
valid,1,0.07782291666666666,0.17012962962962963,0.01323998398919753,0.45743305758136493
valid,2,0.25756249999999997,0.7107962962962963,0.18307447106481478,0.3623576843915275
valid,2,0.09936458333333334,0.305,0.030306197916666666,0.3257855191256831
valid,1,0.07782291666666666,0.17012962962962963,0.01323998398919753,0.45743305758136493
valid,1,0.09130208333333334,0.14064814814814816,0.012841468942901236,0.6491524028966426
valid,2,0.3994635416666667,0.9889351851851852,0.395043551552855,0.40393298534712796
valid,0,0.14821354166666667,0.21914814814814815,0.03248072318672839,0.6763166511745817
valid,1,0.07304166666666667,0.0966851851851852,0.007062047067901236,0.7554587243823022
valid,5,0.3994635416666667,0.9889351851851852,0.395043551552855,0.40393298534712796
valid,0,0.11022916666666666,0.25166666666666665,0.02774100694444444,0.4379966887417218
valid,4,0.4280833333333333,0.9889351851851852,0.4233466705246913,0.432872992837414
valid,0,0.11807291666666667,0.2702407407407407,0.03190811246141975,0.4369175289522374
valid,4,0.4280833333333333,0.9889351851851852,0.4233466705246913,0.432872992837414
valid,0,0.11807291666666667,0.2702407407407407,0.03190811246141975,0.4369175289522374
valid,4,0.4280833333333333,0.9889351851851852,0.4233466705246913,0.432872992837414
valid,0,0.11807291666666667,0.2702407407407407,0.03190811246141975,0.4369175289522374
valid,4,0.3994635416666667,0.9889351851851852,0.395043551552855,0.40393298534712796
valid,0,0.14821354166666667,0.21914814814814815,0.03248072318672839,0.6763166511745817
valid,4,0.3994635416666667,0.9889351851851852,0.395043551552855,0.40393298534712796
valid,0,0.14821354166666667,0.21914814814814815,0.03248072318672839,0.6763166511745817
valid,4,0.3994635416666667,0.9889351851851852,0.395043551552855,0.40393298534712796
valid,0,0.11022916666666666,0.25166666666666665,0.02774100694444444,0.4379966887417218
valid,4,0.3994635416666667,0.9889351851851852,0.395043551552855,0.40393298534712796
valid,0,0.11022916666666666,0.25166666666666665,0.02774100694444444,0.4379966887417218
valid,4,0.15421875000000002,0.23659217877094973,0.03648695006983241,0.6518336776859505
valid,4,0.16515625,0.25511173184357544,0.042133296962290505,0.6473879064929376
valid,4,0.17628125,0.34589385474860335,0.060974601082402234,0.5096397278527013
valid,4,0.15421875000000002,0.23659217877094973,0.03648695006983241,0.6518336776859505
valid,4,0.16515625,0.25511173184357544,0.042133296962290505,0.6473879064929376
valid,4,0.17628125,0.34589385474860335,0.060974601082402234,0.5096397278527013
valid,4,0.166875,0.5946648044692737,0.09923468924581005,0.2806202733806191
valid,4,0.17853125,0.6043854748603352,0.10790169430865923,0.2953930189028054
valid,0,0.066359375,0.17910614525139665,0.011885371857541899,0.37050306066749844
valid,0,0.068453125,0.16212290502793295,0.011097819483240222,0.42222981995175746
valid,4,0.15421875000000002,0.23659217877094973,0.03648695006983241,0.6518336776859505
valid,2,0.16515625,0.25511173184357544,0.042133296962290505,0.6473879064929376
valid,5,0.17628125,0.34589385474860335,0.060974601082402234,0.5096397278527013
valid,1,0.0670625,0.09217877094972067,0.006181738826815642,0.7275265151515151
valid,4,0.15421875000000002,0.23659217877094973,0.03648695006983241,0.6518336776859505
valid,2,0.16515625,0.25511173184357544,0.042133296962290505,0.6473879064929376
valid,5,0.17628125,0.34589385474860335,0.060974601082402234,0.5096397278527013
valid,1,0.0670625,0.09217877094972067,0.006181738826815642,0.7275265151515151
valid,4,0.15421875000000002,0.23659217877094973,0.03648695006983241,0.6518336776859505
valid,2,0.16515625,0.25511173184357544,0.042133296962290505,0.6473879064929376
valid,5,0.17628125,0.34589385474860335,0.060974601082402234,0.5096397278527013
valid,1,0.0670625,0.09217877094972067,0.006181738826815642,0.7275265151515151
valid,4,0.166875,0.5946648044692737,0.09923468924581005,0.2806202733806191
valid,4,0.17853125,0.6043854748603352,0.10790169430865923,0.2953930189028054
valid,0,0.066359375,0.17910614525139665,0.011885371857541899,0.37050306066749844
valid,0,0.068453125,0.16212290502793295,0.011097819483240222,0.42222981995175746
valid,5,0.15421875000000002,0.23659217877094973,0.03648695006983241,0.6518336776859505
valid,4,0.16515625,0.25511173184357544,0.042133296962290505,0.6473879064929376
valid,5,0.17628125,0.34589385474860335,0.060974601082402234,0.5096397278527013
valid,4,0.15421875000000002,0.23659217877094973,0.03648695006983241,0.6518336776859505
valid,4,0.16515625,0.25511173184357544,0.042133296962290505,0.6473879064929376
valid,4,0.196078125,0.5674022346368714,0.1112551662884078,0.3455716474671393
valid,0,0.093296875,0.17737430167597765,0.016548468051675976,0.5259886811023622
valid,0,0.052468749999999995,0.08751396648044692,0.004591748428770949,0.599547159272263
valid,4,0.15421875000000002,0.23659217877094973,0.03648695006983241,0.6518336776859505
valid,4,0.16515625,0.25511173184357544,0.042133296962290505,0.6473879064929376
valid,4,0.175671875,0.6989944134078212,0.12279365921787709,0.25132085697730183
valid,0,0.063890625,0.161536312849162,0.010320655988128492,0.3955186538128999
valid,0,0.052468749999999995,0.08751396648044692,0.004591748428770949,0.599547159272263
valid,5,0.166875,0.5946648044692737,0.09923468924581005,0.2806202733806191
valid,5,0.17853125,0.6043854748603352,0.10790169430865923,0.2953930189028054
valid,0,0.066359375,0.17910614525139665,0.011885371857541899,0.37050306066749844
valid,0,0.068453125,0.16212290502793295,0.011097819483240222,0.42222981995175746
valid,4,0.09614062500000001,0.37276536312849157,0.03583789498952514,0.2579119052079431
valid,0,0.025,0.08888268156424581,0.0022220670391061453,0.28126964173475805
valid,4,0.09614062500000001,0.37276536312849157,0.03583789498952514,0.2579119052079431
valid,0,0.025,0.08888268156424581,0.0022220670391061453,0.28126964173475805
valid,4,0.0354375,0.0976536312849162,0.0034606005586592177,0.3628897311212814
valid,4,0.034,0.13569832402234636,0.004613743016759777,0.25055578427336356
valid,5,0.166875,0.5946648044692737,0.09923468924581005,0.2806202733806191
valid,5,0.17853125,0.6043854748603352,0.10790169430865923,0.2953930189028054
valid,0,0.08034375,0.11279329608938549,0.009062236382681567,0.7123096210995542
valid,0,0.10232812499999999,0.12888268156424582,0.01318832314944134,0.7939633452535759
valid,5,0.166875,0.5946648044692737,0.09923468924581005,0.2806202733806191
valid,5,0.17853125,0.6043854748603352,0.10790169430865923,0.2953930189028054
valid,0,0.08034375,0.11279329608938549,0.009062236382681567,0.7123096210995542
valid,0,0.10232812499999999,0.12888268156424582,0.01318832314944134,0.7939633452535759
valid,1,0.058374999999999996,0.07497206703910614,0.004376494413407821,0.7786233233979136
valid,1,0.033953125,0.09217877094972067,0.0031297573324022346,0.3683399621212121
valid,4,0.1408125,0.32516759776536314,0.0457876623603352,0.4330459152993729
valid,5,0.166875,0.5946648044692737,0.09923468924581005,0.2806202733806191
valid,5,0.17853125,0.6043854748603352,0.10790169430865923,0.2953930189028054
valid,0,0.08034375,0.11279329608938549,0.009062236382681567,0.7123096210995542
valid,0,0.10232812499999999,0.12888268156424582,0.01318832314944134,0.7939633452535759
valid,4,0.1408125,0.32516759776536314,0.0457876623603352,0.4330459152993729
valid,5,0.165703125,0.3237709497206704,0.05364985815293296,0.5117912065395566
valid,5,0.17853125,0.3182960893854749,0.05682579870810056,0.5608967749012724
valid,0,0.08034375,0.11279329608938549,0.009062236382681567,0.7123096210995542
valid,0,0.10232812499999999,0.12888268156424582,0.01318832314944134,0.7939633452535759
valid,4,0.1408125,0.32516759776536314,0.0457876623603352,0.4330459152993729
valid,0,0.076578125,0.17949720670391062,0.013745559532122904,0.42662571973233737
valid,5,0.165703125,0.3237709497206704,0.05364985815293296,0.5117912065395566
valid,5,0.17853125,0.3182960893854749,0.05682579870810056,0.5608967749012724
valid,4,0.1408125,0.32516759776536314,0.0457876623603352,0.4330459152993729
valid,0,0.076578125,0.17949720670391062,0.013745559532122904,0.42662571973233737
valid,5,0.165703125,0.3237709497206704,0.05364985815293296,0.5117912065395566
valid,5,0.21423437500000003,0.31594972067039107,0.06768729093924582,0.6780647710193618
valid,4,0.1408125,0.32516759776536314,0.0457876623603352,0.4330459152993729
valid,0,0.0733125,0.24,0.017595,0.30546875
valid,5,0.165703125,0.3237709497206704,0.05364985815293296,0.5117912065395566
valid,5,0.21423437500000003,0.31594972067039107,0.06768729093924582,0.6780647710193618
valid,4,0.1408125,0.32516759776536314,0.0457876623603352,0.4330459152993729
valid,5,0.165703125,0.3237709497206704,0.05364985815293296,0.5117912065395566
valid,5,0.21423437500000003,0.31594972067039107,0.06768729093924582,0.6780647710193618
valid,4,0.147828125,0.2436871508379888,0.036023814594972066,0.6066307743007795
valid,5,0.165703125,0.3237709497206704,0.05364985815293296,0.5117912065395566
valid,5,0.21423437500000003,0.31594972067039107,0.06768729093924582,0.6780647710193618
valid,4,0.147828125,0.2436871508379888,0.036023814594972066,0.6066307743007795
valid,5,0.165703125,0.3237709497206704,0.05364985815293296,0.5117912065395566
valid,5,0.21423437500000003,0.31594972067039107,0.06768729093924582,0.6780647710193618
valid,4,0.147828125,0.2436871508379888,0.036023814594972066,0.6066307743007795
valid,4,0.13234375,0.4652513966480447,0.06157311452513967,0.28445642711335256
valid,4,0.100953125,0.5002793296089385,0.05050476169692737,0.2017935161920715
valid,0,0.05234375,0.14664804469273743,0.007676108589385475,0.35693452380952384
valid,0,0.05271875,0.14067039106145252,0.00741596717877095,0.37476792096902306
valid,5,0.1830625,0.33432960893854746,0.06120321403631284,0.5475509649928983
valid,5,0.21423437500000003,0.31594972067039107,0.06768729093924582,0.6780647710193618
valid,4,0.147828125,0.2436871508379888,0.036023814594972066,0.6066307743007795
valid,2,0.1830625,0.33432960893854746,0.06120321403631284,0.5475509649928983
valid,5,0.21423437500000003,0.31594972067039107,0.06768729093924582,0.6780647710193618
valid,4,0.147828125,0.2436871508379888,0.036023814594972066,0.6066307743007795
valid,1,0.052578124999999996,0.12525139664804472,0.006585483589385476,0.4197807482158786
valid,1,0.0710625,0.10614525139664804,0.0075429469273743015,0.669483552631579
valid,5,0.1830625,0.33432960893854746,0.06120321403631284,0.5475509649928983
valid,5,0.21423437500000003,0.31594972067039107,0.06768729093924582,0.6780647710193618
valid,4,0.147828125,0.2436871508379888,0.036023814594972066,0.6066307743007795
valid,1,0.0710625,0.10614525139664804,0.0075429469273743015,0.669483552631579
valid,4,0.1830625,0.33432960893854746,0.06120321403631284,0.5475509649928983
valid,4,0.21423437500000003,0.31594972067039107,0.06768729093924582,0.6780647710193618
valid,4,0.147828125,0.2436871508379888,0.036023814594972066,0.6066307743007795
valid,4,0.15421875000000002,0.23659217877094973,0.03648695006983241,0.6518336776859505
valid,5,0.16515625,0.25511173184357544,0.042133296962290505,0.6473879064929376
valid,2,0.17628125,0.34589385474860335,0.060974601082402234,0.5096397278527013
valid,1,0.055343750000000004,0.1656145251396648,0.009165728875698324,0.334172077922078
valid,4,0.1658125,0.5861452513966481,0.0971902094972067,0.2828863658025162
valid,4,0.127953125,0.5140782122905028,0.06577791375698323,0.2488981675179309
valid,0,0.05234375,0.14664804469273743,0.007676108589385475,0.35693452380952384
valid,0,0.05271875,0.14067039106145252,0.00741596717877095,0.37476792096902306
valid,4,0.15421875000000002,0.23659217877094973,0.03648695006983241,0.6518336776859505
valid,4,0.16515625,0.25511173184357544,0.042133296962290505,0.6473879064929376
valid,5,0.17628125,0.34589385474860335,0.060974601082402234,0.5096397278527013
valid,1,0.06071875,0.1380167597765363,0.008380205132681564,0.43993751264926134
valid,4,0.15421875000000002,0.23659217877094973,0.03648695006983241,0.6518336776859505
valid,5,0.16515625,0.25511173184357544,0.042133296962290505,0.6473879064929376
valid,5,0.17628125,0.34589385474860335,0.060974601082402234,0.5096397278527013
valid,4,0.15421875000000002,0.23659217877094973,0.03648695006983241,0.6518336776859505
valid,5,0.16515625,0.25511173184357544,0.042133296962290505,0.6473879064929376
valid,5,0.17628125,0.34589385474860335,0.060974601082402234,0.5096397278527013
valid,4,0.1658125,0.5861452513966481,0.0971902094972067,0.2828863658025162
valid,0,0.05234375,0.14664804469273743,0.007676108589385475,0.35693452380952384
valid,0,0.05271875,0.14067039106145252,0.00741596717877095,0.37476792096902306
valid,4,0.15928124999999999,0.5916480446927375,0.09423844011871509,0.2692162197252254
valid,4,0.15421875000000002,0.23659217877094973,0.03648695006983241,0.6518336776859505
valid,5,0.16515625,0.25511173184357544,0.042133296962290505,0.6473879064929376
valid,5,0.17628125,0.34589385474860335,0.060974601082402234,0.5096397278527013
valid,4,0.077859375,0.33022346368715083,0.025710992493016758,0.23577784004398578
valid,2,0.15421875000000002,0.23659217877094973,0.03648695006983241,0.6518336776859505
valid,5,0.16515625,0.25511173184357544,0.042133296962290505,0.6473879064929376
valid,5,0.17628125,0.34589385474860335,0.060974601082402234,0.5096397278527013
valid,1,0.041140625,0.061899441340782124,0.0025465817039106147,0.6646364508122744
valid,2,0.15421875000000002,0.23659217877094973,0.03648695006983241,0.6518336776859505
valid,2,0.16515625,0.25511173184357544,0.042133296962290505,0.6473879064929376
valid,5,0.17628125,0.34589385474860335,0.060974601082402234,0.5096397278527013
valid,1,0.041140625,0.061899441340782124,0.0025465817039106147,0.6646364508122744
valid,1,0.067015625,0.08053072625698324,0.0053968169518156415,0.8321746011099549
valid,2,0.15421875000000002,0.23659217877094973,0.03648695006983241,0.6518336776859505
valid,2,0.16515625,0.25511173184357544,0.042133296962290505,0.6473879064929376
valid,5,0.17628125,0.34589385474860335,0.060974601082402234,0.5096397278527013
valid,1,0.04475,0.07220670391061453,0.0032312499999999997,0.6197485493230174
valid,1,0.067015625,0.08053072625698324,0.0053968169518156415,0.8321746011099549
valid,5,0.15421875000000002,0.23659217877094973,0.03648695006983241,0.6518336776859505
valid,2,0.16515625,0.25511173184357544,0.042133296962290505,0.6473879064929376
valid,2,0.17628125,0.34589385474860335,0.060974601082402234,0.5096397278527013
valid,1,0.067015625,0.08053072625698324,0.0053968169518156415,0.8321746011099549
valid,4,0.15421875000000002,0.23659217877094973,0.03648695006983241,0.6518336776859505
valid,4,0.16515625,0.25511173184357544,0.042133296962290505,0.6473879064929376
valid,5,0.17628125,0.34589385474860335,0.060974601082402234,0.5096397278527013
valid,4,0.15421875000000002,0.23659217877094973,0.03648695006983241,0.6518336776859505
valid,4,0.16515625,0.25511173184357544,0.042133296962290505,0.6473879064929376
valid,5,0.17628125,0.34589385474860335,0.060974601082402234,0.5096397278527013
valid,4,0.15421875000000002,0.23659217877094973,0.03648695006983241,0.6518336776859505
valid,4,0.16515625,0.25511173184357544,0.042133296962290505,0.6473879064929376
valid,5,0.17628125,0.34589385474860335,0.060974601082402234,0.5096397278527013
valid,4,0.17906249999999999,0.461,0.0825478125,0.38842190889370926
valid,4,0.10084375000000001,0.16912500000000003,0.017055199218750004,0.5962675535846267
valid,5,0.24953124999999998,0.5075416666666667,0.12664750651041665,0.49164682702569573
valid,4,0.0995,0.1345,0.013382750000000002,0.7397769516728624
valid,4,0.12068749999999999,0.49191666666666667,0.05936819270833333,0.24534135185498895
valid,4,0.10084375000000001,0.16912500000000003,0.017055199218750004,0.5962675535846267
valid,5,0.2191875,0.5075416666666667,0.1112467890625,0.4318610951481816
valid,4,0.0995,0.1345,0.013382750000000002,0.7397769516728624
valid,5,0.2191875,0.5075416666666667,0.1112467890625,0.4318610951481816
valid,4,0.0995,0.1345,0.013382750000000002,0.7397769516728624
valid,5,0.2191875,0.5075416666666667,0.1112467890625,0.4318610951481816
valid,4,0.0995,0.1345,0.013382750000000002,0.7397769516728624
valid,4,0.2191875,0.5075416666666667,0.1112467890625,0.4318610951481816
valid,4,0.09665625,0.1877083333333333,0.018143183593749997,0.5149278579356271
valid,4,0.15584375,0.4657916666666667,0.07259072005208335,0.3345782270328294
valid,4,0.10084375000000001,0.16912500000000003,0.017055199218750004,0.5962675535846267
valid,4,0.2191875,0.5075416666666667,0.1112467890625,0.4318610951481816
valid,4,0.0696875,0.13779166666666667,0.009602356770833334,0.5057453885697006
valid,4,0.11465624999999999,0.28275,0.0324190546875,0.4055039787798408
valid,4,0.2191875,0.5075416666666667,0.1112467890625,0.4318610951481816
valid,4,0.0696875,0.13779166666666667,0.009602356770833334,0.5057453885697006
valid,4,0.07246875,0.28958333333333336,0.0209857421875,0.25025179856115104
valid,4,0.2191875,0.5075416666666667,0.1112467890625,0.4318610951481816
valid,4,0.0696875,0.13779166666666667,0.009602356770833334,0.5057453885697006
valid,4,0.21090625,0.5075416666666667,0.10704370963541666,0.4155447007634841
valid,4,0.10084375000000001,0.16912500000000003,0.017055199218750004,0.5962675535846267
valid,4,0.2191875,0.5075416666666667,0.1112467890625,0.4318610951481816
valid,4,0.0696875,0.13779166666666667,0.009602356770833334,0.5057453885697006
valid,4,0.2191875,0.5075416666666667,0.1112467890625,0.4318610951481816
valid,4,0.0696875,0.13779166666666667,0.009602356770833334,0.5057453885697006
valid,4,0.2191875,0.5075416666666667,0.1112467890625,0.4318610951481816
valid,4,0.0696875,0.13779166666666667,0.009602356770833334,0.5057453885697006
valid,4,0.2191875,0.5075416666666667,0.1112467890625,0.4318610951481816
valid,4,0.0696875,0.13779166666666667,0.009602356770833334,0.5057453885697006
valid,4,0.2191875,0.5075416666666667,0.1112467890625,0.4318610951481816
valid,4,0.0696875,0.13779166666666667,0.009602356770833334,0.5057453885697006
valid,4,0.21090625,0.5075416666666667,0.10704370963541666,0.4155447007634841
valid,4,0.0995,0.1345,0.013382750000000002,0.7397769516728624
valid,2,0.2552083333333333,0.46519444444444447,0.11872149884259259,0.5486057204275392
valid,1,0.0503125,0.08502777777777777,0.004277960069444444,0.5917183926821301
valid,4,0.12555555555555553,0.18475000000000003,0.023196388888888888,0.6795970530747254
valid,4,0.21241319444444443,0.6016944444444445,0.12780783902391976,0.3530250219288121
valid,5,0.21241319444444443,0.6016944444444445,0.12780783902391976,0.3530250219288121
valid,2,0.2552083333333333,0.46519444444444447,0.11872149884259259,0.5486057204275392
valid,1,0.0503125,0.08502777777777777,0.004277960069444444,0.5917183926821301
valid,4,0.12555555555555553,0.18475000000000003,0.023196388888888888,0.6795970530747254
valid,4,0.21241319444444443,0.5092222222222222,0.10816551890432098,0.41713260964433774
valid,4,0.21241319444444443,0.5092222222222222,0.10816551890432098,0.41713260964433774
valid,2,0.2552083333333333,0.46519444444444447,0.11872149884259259,0.5486057204275392
valid,1,0.0503125,0.08502777777777777,0.004277960069444444,0.5917183926821301
valid,4,0.12555555555555553,0.18475000000000003,0.023196388888888888,0.6795970530747254
valid,5,0.23148437500000002,0.5718055555555556,0.13236405164930556,0.404830580519796
valid,0,0.11589843749999999,0.10079166666666665,0.011681596679687498,1.1498811492352212
valid,4,0.23148437500000002,0.5718055555555556,0.13236405164930556,0.404830580519796
valid,0,0.11589843749999999,0.10079166666666665,0.011681596679687498,1.1498811492352212
valid,2,0.23148437500000002,0.5718055555555556,0.13236405164930556,0.404830580519796
valid,1,0.0638359375,0.13369444444444445,0.008534510199652777,0.4774763660918346
valid,5,0.23148437500000002,0.5718055555555556,0.13236405164930556,0.404830580519796
valid,0,0.1326484375,0.086625,0.0114906708984375,1.5312950937950938
valid,5,0.25996874999999997,0.5725277777777779,0.14883933072916666,0.45407185483479684
valid,0,0.1396953125,0.10211111111111111,0.01426444357638889,1.3680716131664854
valid,5,0.2971640625,0.6313888888888889,0.18762608723958332,0.4706513968323801
valid,3,0.1931015625,0.17129166666666668,0.0330766884765625,1.1273260763804427
valid,4,0.2971640625,0.6313888888888889,0.18762608723958332,0.4706513968323801
valid,0,0.1418984375,0.1252361111111111,0.017770808485243053,1.1330472995453034
valid,3,0.22159374999999998,0.17129166666666668,0.03795716276041666,1.293663342252493
valid,4,0.2971640625,0.6313888888888889,0.18762608723958332,0.4706513968323801
valid,0,0.1429921875,0.19549999999999998,0.027954972656249997,0.7314178388746804
valid,3,0.22159374999999998,0.17129166666666668,0.03795716276041666,1.293663342252493
valid,4,0.2971640625,0.6313888888888889,0.18762608723958332,0.4706513968323801
valid,3,0.1977734375,0.2650416666666667,0.05241820149739584,0.7461975318346172
valid,4,0.2971640625,0.6313888888888889,0.18762608723958332,0.4706513968323801
valid,3,0.1977734375,0.2650416666666667,0.05241820149739584,0.7461975318346172
valid,2,0.2971640625,0.6313888888888889,0.18762608723958332,0.4706513968323801
valid,3,0.1977734375,0.2650416666666667,0.05241820149739584,0.7461975318346172
valid,1,0.08985156250000001,0.22316666666666668,0.02005187369791667,0.4026208924570575
valid,2,0.2971640625,0.6313888888888889,0.18762608723958332,0.4706513968323801
valid,3,0.1977734375,0.2650416666666667,0.05241820149739584,0.7461975318346172
valid,1,0.070140625,0.17525000000000002,0.01229214453125,0.4002318116975748
valid,2,0.2971640625,0.6313888888888889,0.18762608723958332,0.4706513968323801
valid,3,0.1977734375,0.2650416666666667,0.05241820149739584,0.7461975318346172
valid,1,0.0643046875,0.11977777777777777,0.007702272569444444,0.5368665932282004
valid,4,0.2906015625,0.6955972222222222,0.2021416396484375,0.41777274723958235
valid,3,0.1977734375,0.2650416666666667,0.05241820149739584,0.7461975318346172
valid,4,0.3543984375,0.8986805555555555,0.3184909847005208,0.3943541843752415
valid,3,0.0868046875,0.3237361111111111,0.028101811957465278,0.26813408983654385
valid,4,0.315953125,0.8986666666666666,0.28393654166666665,0.3515798868694362
valid,3,0.060664062500000004,0.28491666666666665,0.017284202473958333,0.21291861655454813
valid,4,0.315953125,0.8986666666666666,0.28393654166666665,0.3515798868694362
valid,3,0.060664062500000004,0.28491666666666665,0.017284202473958333,0.21291861655454813
valid,2,0.23148437500000002,0.5718055555555556,0.13236405164930556,0.404830580519796
valid,1,0.0552109375,0.15240277777777778,0.008414300238715278,0.36226988972933566
valid,4,0.3545625,0.9713472222222223,0.3444032994791667,0.3650213763816006
valid,3,0.08203906250000001,0.37386111111111114,0.030671215060763896,0.2194372724570919
valid,4,0.3545625,0.9713472222222223,0.3444032994791667,0.3650213763816006
valid,3,0.08203906250000001,0.37386111111111114,0.030671215060763896,0.2194372724570919
valid,2,0.23148437500000002,0.5718055555555556,0.13236405164930556,0.404830580519796
valid,1,0.0604921875,0.13380555555555557,0.008094190755208334,0.4520902532696699
valid,0,0.106859375,0.1125,0.012021679687500002,0.9498611111111112
valid,5,0.3545625,0.9713472222222223,0.3444032994791667,0.3650213763816006
valid,3,0.1036796875,0.344625,0.035730612304687506,0.30084784185709107
valid,5,0.3545625,0.9713472222222223,0.3444032994791667,0.3650213763816006
valid,3,0.1036796875,0.344625,0.035730612304687506,0.30084784185709107
valid,5,0.3545625,0.9713472222222223,0.3444032994791667,0.3650213763816006
valid,3,0.1036796875,0.344625,0.035730612304687506,0.30084784185709107
valid,5,0.3545625,0.9713472222222223,0.3444032994791667,0.3650213763816006
valid,3,0.1036796875,0.344625,0.035730612304687506,0.30084784185709107
valid,5,0.3545625,0.9713472222222223,0.3444032994791667,0.3650213763816006
valid,3,0.1036796875,0.344625,0.035730612304687506,0.30084784185709107
valid,5,0.3545625,0.9713472222222223,0.3444032994791667,0.3650213763816006
valid,3,0.1036796875,0.344625,0.035730612304687506,0.30084784185709107
valid,5,0.3545625,0.9713472222222223,0.3444032994791667,0.3650213763816006
valid,3,0.1036796875,0.344625,0.035730612304687506,0.30084784185709107
valid,4,0.3545625,0.9713472222222223,0.3444032994791667,0.3650213763816006
valid,3,0.066828125,0.3407222222222222,0.022769827256944444,0.19613667862383827
valid,4,0.3545625,0.9713472222222223,0.3444032994791667,0.3650213763816006
valid,4,0.3545625,0.9713472222222223,0.3444032994791667,0.3650213763816006
valid,5,0.248359375,0.580375,0.144141572265625,0.4279291406418264
valid,3,0.1821015625,0.24905555555555556,0.04535340581597223,0.7311684418915905
valid,5,0.248359375,0.580375,0.144141572265625,0.4279291406418264
valid,3,0.1821015625,0.24905555555555556,0.04535340581597223,0.7311684418915905
valid,2,0.248359375,0.580375,0.144141572265625,0.4279291406418264
valid,3,0.1821015625,0.24905555555555556,0.04535340581597223,0.7311684418915905
valid,1,0.054929687500000005,0.17204166666666668,0.009450194986979167,0.31928130297892954
valid,2,0.248359375,0.580375,0.144141572265625,0.4279291406418264
valid,3,0.1821015625,0.24905555555555556,0.04535340581597223,0.7311684418915905
valid,1,0.0792109375,0.1592222222222222,0.012612141493055553,0.49748669748778784
valid,2,0.248359375,0.580375,0.144141572265625,0.4279291406418264
valid,3,0.1821015625,0.24905555555555556,0.04535340581597223,0.7311684418915905
valid,5,0.248359375,0.580375,0.144141572265625,0.4279291406418264
valid,3,0.1821015625,0.24905555555555556,0.04535340581597223,0.7311684418915905
valid,4,0.248359375,0.580375,0.144141572265625,0.4279291406418264
valid,3,0.1949765625,0.21320833333333333,0.0415706279296875,0.9144884698065273
valid,4,0.248359375,0.580375,0.144141572265625,0.4279291406418264
valid,3,0.1949765625,0.21320833333333333,0.0415706279296875,0.9144884698065273
valid,4,0.23833593749999998,0.5895833333333333,0.140518896484375,0.40424469964664306
valid,3,0.19035156250000002,0.2449027777777778,0.046617626410590286,0.7772535870243293
valid,5,0.248359375,0.580375,0.144141572265625,0.4279291406418264
valid,3,0.1821015625,0.24905555555555556,0.04535340581597223,0.7311684418915905
valid,5,0.248359375,0.580375,0.144141572265625,0.4279291406418264
valid,3,0.1821015625,0.24905555555555556,0.04535340581597223,0.7311684418915905
test,4,0.0913671875,0.31169444444444444,0.02847864474826389,0.2931306256126905
test,4,0.15815625,0.42390277777777774,0.06704287369791666,0.3730955735395302
test,0,0.081171875,0.12055555555555555,0.009785720486111111,0.6733150921658987
test,2,0.1593828125,0.39911111111111114,0.06361145138888889,0.39934446339086854
test,0,0.0650546875,0.09758333333333334,0.0063482532552083335,0.6666577711357813
test,4,0.064125,0.19402777777777777,0.012442031249999999,0.3304939155332856
test,4,0.0648828125,0.13726388888888888,0.00890606716579861,0.4726866842052009
test,5,0.1593828125,0.39911111111111114,0.06361145138888889,0.39934446339086854
test,0,0.0824609375,0.12281944444444445,0.010127806532118056,0.6713996946737532
test,4,0.064125,0.19402777777777777,0.012442031249999999,0.3304939155332856
test,4,0.0648828125,0.13726388888888888,0.00890606716579861,0.4726866842052009
test,2,0.2850390625,0.49404166666666666,0.14082117350260417,0.5769534873914144
test,4,0.1579140625,0.4987222222222222,0.07875525217013889,0.31663730923471095
test,1,0.039015625,0.08525,0.00332608203125,0.45766129032258057
test,0,0.051000000000000004,0.14825,0.00756075,0.3440134907251265
test,4,0.091171875,0.13720833333333335,0.012509541015625002,0.664477679927118
test,4,0.0996875,0.20088888888888887,0.02002611111111111,0.4962320243362832
test,4,0.1968046875,0.23004166666666667,0.0452732783203125,0.8555175692809273
test,0,0.0438515625,0.1121111111111111,0.0049162473958333335,0.39114376858275524
test,5,0.1359921875,0.28475,0.038723775390625,0.47758450395083407
test,0,0.06689062500000001,0.07569444444444444,0.005063248697916667,0.8836926605504589
test,4,0.0996875,0.20088888888888887,0.02002611111111111,0.4962320243362832
test,2,0.0985390625,0.19019444444444444,0.01874158224826389,0.5180964290930334
test,5,0.1359921875,0.28475,0.038723775390625,0.47758450395083407
test,0,0.06689062500000001,0.07569444444444444,0.005063248697916667,0.8836926605504589
test,5,0.1043359375,0.46476388888888887,0.048491576063368055,0.2244923497594358
test,4,0.0521484375,0.09583333333333334,0.004997558593750001,0.5441576086956521
test,4,0.12699218750000002,0.3114166666666667,0.03954748372395834,0.4077886673802516
test,4,0.0655546875,0.25443055555555555,0.016679115559895832,0.25765257383044926
test,2,0.1899375,0.3202638888888889,0.06083012239583334,0.5930656142937681
test,4,0.0655546875,0.25443055555555555,0.016679115559895832,0.25765257383044926
test,2,0.1899375,0.3202638888888889,0.06083012239583334,0.5930656142937681
test,4,0.049640625,0.14740277777777777,0.0073171660156249995,0.33676858569678697
test,2,0.15615625,0.34141666666666665,0.05331434635416666,0.457377349279961
test,0,0.0492890625,0.12325,0.006074876953125,0.3999112576064909
test,2,0.0895625,0.08455555555555556,0.007573006944444446,1.0592148488830486
test,0,0.04965625,0.06468055555555556,0.003211793836805556,0.7677152673394889
test,4,0.06584375,0.20008333333333334,0.013174236979166669,0.32908163265306123
test,5,0.097296875,0.4048194444444445,0.03938766688368056,0.24034634782310355
test,0,0.0348125,0.11051388888888888,0.0038472647569444446,0.31500565539776304
test,2,0.123984375,0.3464583333333333,0.042955419921874995,0.35786229705351774
test,0,0.05207031250000001,0.12877777777777777,0.006705499131944445,0.40434237489214847
test,4,0.21334375,0.3669444444444444,0.07828530381944443,0.5814061317183952
test,4,0.1628671875,0.34052777777777776,0.055460801432291665,0.4782787135981728
test,3,0.1254375,0.13061111111111112,0.016383531250000003,0.9603891960867715
test,4,0.0869609375,0.11509722222222223,0.010008962348090279,0.7555433208640039
test,5,0.1083515625,0.37119444444444444,0.040219498046874996,0.2918997418244406
test,5,0.1628671875,0.34052777777777776,0.055460801432291665,0.4782787135981728
test,3,0.1254375,0.13061111111111112,0.016383531250000003,0.9603891960867715
test,4,0.0869609375,0.11509722222222223,0.010008962348090279,0.7555433208640039
test,1,0.058453124999999995,0.09248611111111112,0.005406102213541666,0.6320205736597085
test,5,0.107625,0.3993333333333333,0.042978249999999996,0.2695116861435726
test,3,0.053617187499999996,0.07393055555555555,0.003963948459201389,0.7252371782829231
test,4,0.1465546875,0.4881527777777778,0.07154107779947917,0.3002229920050075
test,0,0.06653125,0.16236111111111112,0.010802087673611111,0.4097733105218135
test,4,0.1647734375,0.23830555555555558,0.03926642556423612,0.6914376675603217
test,0,0.043437500000000004,0.0766388888888889,0.0033290017361111116,0.5667814425516492
test,4,0.15532812499999998,0.45225,0.07024714453124999,0.3434563294637921
test,0,0.0486875,0.08776388888888889,0.004273004340277778,0.554755499287862
test,4,0.2475546875,0.41865277777777776,0.10363945757378472,0.5913126596556415
test,0,0.05659375,0.183375,0.01037787890625,0.3086230402181322
test,0,0.06965625,0.17859722222222224,0.012440412760416669,0.39001866397075974
test,4,0.14813020833333335,0.7591944444444444,0.11245963122106482,0.1951149793275036
test,4,0.20232812500000003,0.7372407407407408,0.1491645367476852,0.2744396963150888
test,4,0.206734375,0.4027777777777778,0.08326801215277778,0.513271551724138
test,4,0.10484895833333334,0.25472222222222224,0.026707359664351855,0.41162077426390403
test,5,0.093375,0.28155555555555556,0.02629025,0.33163970007892657
test,1,0.015859375,0.044111111111111115,0.0006995746527777778,0.3595324307304785
test,5,0.09978645833333334,0.3183425925925926,0.03176627985146605,0.3134561967365696
test,4,0.09978645833333334,0.3183425925925926,0.03176627985146605,0.3134561967365696
test,4,0.109296875,0.3588240740740741,0.03921834997106482,0.30459738600882513
test,4,0.11465624999999999,0.38360185185185186,0.043982349826388885,0.2988938907528542
test,4,0.128125,0.4223611111111111,0.0541150173611111,0.30335415981585007
test,4,0.10661979166666667,0.3680648148148148,0.0392429938753858,0.28967667480063397
test,4,0.246828125,0.5552037037037038,0.13703988917824075,0.44457218738534404
test,4,0.2967447916666667,0.8762592592592593,0.2600253713348766,0.3386495361173338
test,4,0.15718229166666667,0.7157037037037037,0.11249594830246915,0.21961922350445043
test,4,0.23122395833333334,0.7955925925925926,0.1839600684799383,0.2906311100507425
test,0,0.10775,0.2168425925925926,0.02336478935185185,0.4969042230667407
test,4,0.121890625,0.33196296296296296,0.04046317303240741,0.3671813985272788
test,4,0.30249479166666665,0.9020462962962963,0.2728643064718364,0.33534286755422343
test,4,0.3392291666666667,0.7912037037037037,0.2683993730709877,0.42875073142188413
test,4,0.2967447916666667,0.8762592592592593,0.2600253713348766,0.3386495361173338
test,4,0.12461979166666667,0.4446481481481482,0.05541195958719137,0.2802660759651826
test,5,0.31366666666666665,0.6550925925925926,0.20548070987654318,0.47881272084805654
test,2,0.31909375,0.8704999999999999,0.277771109375,0.3665637564618036
test,1,0.08673958333333333,0.1495462962962963,0.01297158342978395,0.5800182651229026
test,5,0.31366666666666665,0.6550925925925926,0.20548070987654318,0.47881272084805654
test,2,0.31909375,0.8704999999999999,0.277771109375,0.3665637564618036
test,1,0.08673958333333333,0.1495462962962963,0.01297158342978395,0.5800182651229026
test,5,0.31366666666666665,0.6550925925925926,0.20548070987654318,0.47881272084805654
test,2,0.31909375,0.8704999999999999,0.277771109375,0.3665637564618036
test,1,0.08673958333333333,0.1495462962962963,0.01297158342978395,0.5800182651229026
test,5,0.31366666666666665,0.6550925925925926,0.20548070987654318,0.47881272084805654
test,2,0.31909375,0.8704999999999999,0.277771109375,0.3665637564618036
test,1,0.08673958333333333,0.1495462962962963,0.01297158342978395,0.5800182651229026
test,4,0.36955208333333334,0.8070648148148148,0.2982524836998457,0.4578964124685933
test,4,0.32515625,0.6438425925925926,0.20934944299768518,0.505024448119652
test,2,0.31909375,0.8704999999999999,0.277771109375,0.3665637564618036
test,1,0.08610416666666666,0.13699074074074072,0.011795473572530862,0.6285400473132816
test,4,0.6084635416666667,1.0,0.6084635416666667,0.6084635416666667
test,0,0.15615625,0.17066666666666666,0.026650666666666666,0.91497802734375
test,4,0.6084635416666667,1.0,0.6084635416666667,0.6084635416666667
test,0,0.14626562499999998,0.2218425925925926,0.03244794545717592,0.659321653658333
test,4,0.6084583333333333,1.0,0.6084583333333333,0.6084583333333333
test,2,0.5593958333333333,0.9953611111111111,0.5568008582175926,0.56200290235258
test,1,0.3274375,0.26408333333333334,0.08647078645833334,1.2399021773430103
test,4,0.6780833333333334,1.0,0.6780833333333334,0.6780833333333334
test,4,0.6633697916666667,0.9933055555555556,0.6589288994502315,0.6678406135518331
test,4,0.5593958333333333,0.9953611111111111,0.5568008582175926,0.56200290235258
test,4,0.6633697916666667,0.9933055555555556,0.6589288994502315,0.6678406135518331
test,4,0.6633697916666667,0.9932962962962962,0.6589227571373456,0.6678468389947425
test,4,0.6633697916666667,0.9932962962962962,0.6589227571373456,0.6678468389947425
test,4,0.6633697916666667,0.9932962962962962,0.6589227571373456,0.6678468389947425
test,0,0.11972395833333334,0.20692592592592593,0.024773990933641975,0.5785836540182567
test,4,0.6633697916666667,0.9932962962962962,0.6589227571373456,0.6678468389947425
test,0,0.11972395833333334,0.20692592592592593,0.024773990933641975,0.5785836540182567
test,4,0.5961197916666666,0.9932962962962962,0.5921235812114197,0.6001429723330475
test,4,0.5961197916666666,0.9932962962962962,0.5921235812114197,0.6001429723330475
test,5,0.4645572916666667,0.9932962962962962,0.4614430372299383,0.4676925640404192
test,4,0.4645572916666667,0.9932962962962962,0.4614430372299383,0.4676925640404192
test,4,0.4645572916666667,0.9932962962962962,0.4614430372299383,0.4676925640404192
test,2,0.5686354166666666,1.0,0.5686354166666666,0.5686354166666666
test,1,0.39188541666666665,0.25211111111111106,0.09879866782407405,1.5544154914059058
test,2,0.5686354166666666,1.0,0.5686354166666666,0.5686354166666666
test,1,0.3214635416666667,0.26785185185185184,0.0861046049382716,1.200154262306416
test,2,0.5686354166666666,1.0,0.5686354166666666,0.5686354166666666
test,1,0.3214635416666667,0.26785185185185184,0.0861046049382716,1.200154262306416
test,2,0.5686354166666666,1.0,0.5686354166666666,0.5686354166666666
test,1,0.3380572916666667,0.23547222222222222,0.07960310170717594,1.435656777161732
test,4,0.5593958333333333,0.9953611111111111,0.5568008582175926,0.56200290235258
test,2,0.5686354166666666,1.0,0.5686354166666666,0.5686354166666666
test,1,0.3380572916666667,0.23547222222222222,0.07960310170717594,1.435656777161732
test,2,0.5686354166666666,1.0,0.5686354166666666,0.5686354166666666
test,1,0.3380572916666667,0.23547222222222222,0.07960310170717594,1.435656777161732
test,2,0.5686354166666666,1.0,0.5686354166666666,0.5686354166666666
test,1,0.2762604166666666,0.10981481481481481,0.030337486496913573,2.5156935075885327
test,0,0.13533854166666667,0.2250648148148148,0.03045994381751543,0.6013314065906941
test,2,0.5686354166666666,1.0,0.5686354166666666,0.5686354166666666
test,1,0.19972916666666668,0.20833333333333334,0.04161024305555556,0.9587
test,4,0.5593958333333333,0.9953611111111111,0.5568008582175926,0.56200290235258
test,2,0.7165520833333333,1.0,0.7165520833333333,0.7165520833333333
test,1,0.20420833333333333,0.4042222222222222,0.08254554629629629,0.5051882902693787
test,0,0.20909895833333333,0.34185185185185185,0.07148086612654321,0.6116654252437703
test,4,0.7165520833333333,1.0,0.7165520833333333,0.7165520833333333
test,4,0.7368541666666667,1.0,0.7368541666666667,0.7368541666666667
test,5,0.6084635416666667,1.0,0.6084635416666667,0.6084635416666667
test,0,0.177328125,0.2655740740740741,0.04709375260416667,0.6677162506101387
test,4,0.3599375,0.7003333333333334,0.25207622916666667,0.513951689671585
test,4,0.2334296875,0.6958194444444444,0.1624249154730903,0.33547451046927085
test,4,0.3853046875,0.644,0.24813621875000003,0.5982992041925466
test,4,0.28740625,0.7050555555555555,0.20263737326388886,0.40763631707509257
test,4,0.3853046875,0.644,0.24813621875000003,0.5982992041925466
test,4,0.28740625,0.7050555555555555,0.20263737326388886,0.40763631707509257
test,4,0.0772265625,0.32511111111111113,0.025107213541666666,0.23753898239917975
test,4,0.3853046875,0.644,0.24813621875000003,0.5982992041925466
test,4,0.28740625,0.7050555555555555,0.20263737326388886,0.40763631707509257
test,4,0.07296875,0.33166666666666667,0.024201302083333334,0.22000628140703518
test,4,0.3853046875,0.644,0.24813621875000003,0.5982992041925466
test,4,0.28740625,0.7050555555555555,0.20263737326388886,0.40763631707509257
test,4,0.074984375,0.33119444444444446,0.02483440842013889,0.22640589616707205
test,4,0.3853046875,0.644,0.24813621875000003,0.5982992041925466
test,4,0.28740625,0.7050555555555555,0.20263737326388886,0.40763631707509257
test,4,0.074984375,0.33119444444444446,0.02483440842013889,0.22640589616707205
test,4,0.3853046875,0.644,0.24813621875000003,0.5982992041925466
test,4,0.24739062500000003,0.7050555555555555,0.17442413454861114,0.35088103774328266
test,4,0.09341406249999999,0.3837777777777778,0.03585024131944444,0.24340664808917195
test,4,0.3853046875,0.644,0.24813621875000003,0.5982992041925466
test,4,0.24739062500000003,0.7050555555555555,0.17442413454861114,0.35088103774328266
test,4,0.12278906249999999,0.3705555555555556,0.045500169270833335,0.33136478635682154
test,4,0.3853046875,0.644,0.24813621875000003,0.5982992041925466
test,4,0.24739062500000003,0.7050555555555555,0.17442413454861114,0.35088103774328266
test,4,0.2038125,0.6844583333333334,0.13950116406250002,0.29777196079625007
test,4,0.3853046875,0.644,0.24813621875000003,0.5982992041925466
test,4,0.24739062500000003,0.7050555555555555,0.17442413454861114,0.35088103774328266
test,4,0.2038125,0.6844583333333334,0.13950116406250002,0.29777196079625007
test,4,0.3853046875,0.644,0.24813621875000003,0.5982992041925466
test,4,0.24739062500000003,0.7050555555555555,0.17442413454861114,0.35088103774328266
test,4,0.2038125,0.6844583333333334,0.13950116406250002,0.29777196079625007
test,4,0.3853046875,0.644,0.24813621875000003,0.5982992041925466
test,4,0.24739062500000003,0.7050555555555555,0.17442413454861114,0.35088103774328266
test,2,0.2038125,0.6844583333333334,0.13950116406250002,0.29777196079625007
test,1,0.021546875,0.07788888888888888,0.0016782621527777777,0.2766360556348074
test,4,0.3853046875,0.644,0.24813621875000003,0.5982992041925466
test,4,0.24739062500000003,0.7050555555555555,0.17442413454861114,0.35088103774328266
test,4,0.2038125,0.6844583333333334,0.13950116406250002,0.29777196079625007
test,4,0.3853046875,0.644,0.24813621875000003,0.5982992041925466
test,4,0.24739062500000003,0.7050555555555555,0.17442413454861114,0.35088103774328266
test,4,0.2038125,0.6844583333333334,0.13950116406250002,0.29777196079625007
test,4,0.3853046875,0.644,0.24813621875000003,0.5982992041925466
test,4,0.24739062500000003,0.7050555555555555,0.17442413454861114,0.35088103774328266
test,4,0.2038125,0.6844583333333334,0.13950116406250002,0.29777196079625007
test,4,0.3853046875,0.644,0.24813621875000003,0.5982992041925466
test,4,0.24739062500000003,0.7050555555555555,0.17442413454861114,0.35088103774328266
test,4,0.2038125,0.6844583333333334,0.13950116406250002,0.29777196079625007
test,4,0.3853046875,0.644,0.24813621875000003,0.5982992041925466
test,4,0.24739062500000003,0.7050555555555555,0.17442413454861114,0.35088103774328266
test,4,0.222125,0.6844583333333334,0.15203530729166667,0.3245266938576733
test,4,0.3853046875,0.644,0.24813621875000003,0.5982992041925466
test,4,0.24739062500000003,0.7050555555555555,0.17442413454861114,0.35088103774328266
test,4,0.222125,0.6844583333333334,0.15203530729166667,0.3245266938576733
test,4,0.3853046875,0.644,0.24813621875000003,0.5982992041925466
test,4,0.24739062500000003,0.7050555555555555,0.17442413454861114,0.35088103774328266
test,4,0.222125,0.6844583333333334,0.15203530729166667,0.3245266938576733
test,4,0.3853046875,0.644,0.24813621875000003,0.5982992041925466
test,4,0.24739062500000003,0.7050555555555555,0.17442413454861114,0.35088103774328266
test,2,0.222125,0.6844583333333334,0.15203530729166667,0.3245266938576733
test,1,0.0722109375,0.10215277777777777,0.0073765478515625,0.7068915703602991
test,4,0.3853046875,0.644,0.24813621875000003,0.5982992041925466
test,4,0.24739062500000003,0.7050555555555555,0.17442413454861114,0.35088103774328266
test,2,0.222125,0.6844583333333334,0.15203530729166667,0.3245266938576733
test,1,0.061968749999999996,0.08618055555555555,0.005340501302083332,0.7190572119258662
test,4,0.3853046875,0.644,0.24813621875000003,0.5982992041925466
test,4,0.24739062500000003,0.7050555555555555,0.17442413454861114,0.35088103774328266
test,2,0.222125,0.6844583333333334,0.15203530729166667,0.3245266938576733
test,1,0.061968749999999996,0.08618055555555555,0.005340501302083332,0.7190572119258662
test,4,0.3853046875,0.644,0.24813621875000003,0.5982992041925466
test,4,0.24739062500000003,0.7050555555555555,0.17442413454861114,0.35088103774328266
test,2,0.222125,0.6844583333333334,0.15203530729166667,0.3245266938576733
test,1,0.04325,0.07881944444444444,0.003408940972222222,0.5487224669603524
test,4,0.3853046875,0.644,0.24813621875000003,0.5982992041925466
test,4,0.24739062500000003,0.7050555555555555,0.17442413454861114,0.35088103774328266
test,4,0.139453125,0.6657361111111111,0.09283898111979166,0.20947207560553274
test,4,0.3853046875,0.644,0.24813621875000003,0.5982992041925466
test,4,0.24739062500000003,0.7050555555555555,0.17442413454861114,0.35088103774328266
test,4,0.1844375,0.6777638888888889,0.12500507725694446,0.2721264780015984
test,4,0.3853046875,0.644,0.24813621875000003,0.5982992041925466
test,4,0.1355859375,0.2655277777777778,0.03600183268229167,0.5106280730201903
test,4,0.36025,0.7031805555555556,0.2533207951388889,0.5123150763396472
test,4,0.3599375,0.7003333333333334,0.25207622916666667,0.513951689671585
test,4,0.2334296875,0.6958194444444444,0.1624249154730903,0.33547451046927085
test,2,0.34875,0.7446944444444443,0.25971218749999997,0.46831288000298416
test,4,0.436453125,0.4181944444444445,0.1825222721354167,1.0436607439388907
test,4,0.20465624999999998,0.3388611111111111,0.06935004427083333,0.6039531928846626
test,0,0.10232812499999999,0.2325,0.0237912890625,0.44012096774193543
test,4,0.20587499999999997,0.41936111111111113,0.08633596874999999,0.4909253494071669
test,4,0.15546875,0.2941666666666667,0.04573372395833333,0.5285056657223796
test,1,0.03428125,0.06797222222222223,0.0023301727430555556,0.5043420514916224
test,2,0.34875,0.7446944444444443,0.25971218749999997,0.46831288000298416
test,4,0.436453125,0.4181944444444445,0.1825222721354167,1.0436607439388907
test,4,0.20465624999999998,0.3388611111111111,0.06935004427083333,0.6039531928846626
test,4,0.20587499999999997,0.41936111111111113,0.08633596874999999,0.4909253494071669
test,4,0.15546875,0.2941666666666667,0.04573372395833333,0.5285056657223796
test,1,0.03428125,0.06797222222222223,0.0023301727430555556,0.5043420514916224
test,2,0.379703125,0.6419722222222223,0.24375885894097224,0.5914634805936566
test,4,0.436453125,0.4181944444444445,0.1825222721354167,1.0436607439388907
test,4,0.20465624999999998,0.3388611111111111,0.06935004427083333,0.6039531928846626
test,4,0.156828125,0.2578333333333333,0.04043551822916667,0.6082538784744669
test,4,0.15546875,0.2941666666666667,0.04573372395833333,0.5285056657223796
test,1,0.03428125,0.06797222222222223,0.0023301727430555556,0.5043420514916224
test,2,0.379703125,0.6419722222222223,0.24375885894097224,0.5914634805936566
test,4,0.436453125,0.4181944444444445,0.1825222721354167,1.0436607439388907
test,4,0.20465624999999998,0.3388611111111111,0.06935004427083333,0.6039531928846626
test,4,0.156828125,0.2578333333333333,0.04043551822916667,0.6082538784744669
test,4,0.15546875,0.2941666666666667,0.04573372395833333,0.5285056657223796
test,1,0.03428125,0.06797222222222223,0.0023301727430555556,0.5043420514916224
test,4,0.137859375,0.6161944444444445,0.08494818098958334,0.22372706577108595
test,4,0.338140625,0.3645833333333333,0.12328043619791665,0.9274714285714285
test,4,0.20465624999999998,0.3388611111111111,0.06935004427083333,0.6039531928846626
test,0,0.13115625,0.21375,0.0280346484375,0.6135964912280703
test,4,0.1753125,0.41425,0.07262320312500001,0.4232045866022933
test,4,0.28425,0.6115277777777778,0.17382677083333334,0.4648194412900295
test,2,0.5156875000000001,0.41816666666666663,0.21564332291666669,1.2332104424073338
test,4,0.20465624999999998,0.3388611111111111,0.06935004427083333,0.6039531928846626
test,4,0.179953125,0.33661111111111114,0.060574221354166666,0.5346024508994883
test,4,0.15546875,0.2941666666666667,0.04573372395833333,0.5285056657223796
test,1,0.046109375,0.10577777777777778,0.004877347222222222,0.4359079569327731
test,4,0.27121875,0.7833333333333333,0.21245468750000002,0.3462367021276596
test,2,0.549515625,0.3875555555555556,0.21296783333333333,1.4179015553325685
test,4,0.20465624999999998,0.3388611111111111,0.06935004427083333,0.6039531928846626
test,4,0.2004375,0.5120833333333333,0.102640703125,0.39141578519121234
test,4,0.15546875,0.2941666666666667,0.04573372395833333,0.5285056657223796
test,1,0.046109375,0.10577777777777778,0.004877347222222222,0.4359079569327731
test,4,0.27121875,0.7833333333333333,0.21245468750000002,0.3462367021276596
test,2,0.549515625,0.3875555555555556,0.21296783333333333,1.4179015553325685
test,4,0.20465624999999998,0.3388611111111111,0.06935004427083333,0.6039531928846626
test,4,0.2004375,0.5120833333333333,0.102640703125,0.39141578519121234
test,4,0.15546875,0.2941666666666667,0.04573372395833333,0.5285056657223796
test,1,0.046109375,0.10577777777777778,0.004877347222222222,0.4359079569327731
test,4,0.27121875,0.7833333333333333,0.21245468750000002,0.3462367021276596
test,2,0.549515625,0.3875555555555556,0.21296783333333333,1.4179015553325685
test,4,0.20465624999999998,0.3388611111111111,0.06935004427083333,0.6039531928846626
test,4,0.3256875,0.364,0.11855025000000001,0.8947458791208792
test,4,0.15546875,0.2941666666666667,0.04573372395833333,0.5285056657223796
test,1,0.046109375,0.10577777777777778,0.004877347222222222,0.4359079569327731
test,4,0.27121875,0.7833333333333333,0.21245468750000002,0.3462367021276596
test,2,0.549515625,0.34291666666666665,0.18843806640624997,1.6024756986634265
test,4,0.20465624999999998,0.3388611111111111,0.06935004427083333,0.6039531928846626
test,4,0.176,0.4006111111111111,0.07050755555555555,0.4393288032173069
test,4,0.134484375,0.3001666666666667,0.0403677265625,0.4480323431426984
test,1,0.040890625,0.08830555555555555,0.0036108693576388886,0.46305835168291914
test,4,0.27121875,0.7833333333333333,0.21245468750000002,0.3462367021276596
test,2,0.549515625,0.34291666666666665,0.18843806640624997,1.6024756986634265
test,4,0.20465624999999998,0.3388611111111111,0.06935004427083333,0.6039531928846626
test,4,0.176,0.4006111111111111,0.07050755555555555,0.4393288032173069
test,4,0.134484375,0.3001666666666667,0.0403677265625,0.4480323431426984
test,1,0.040890625,0.08830555555555555,0.0036108693576388886,0.46305835168291914
test,2,0.166015625,0.6394722222222222,0.10616238064236111,0.2596135050605968
test,4,0.338140625,0.3645833333333333,0.12328043619791665,0.9274714285714285
test,4,0.20465624999999998,0.3388611111111111,0.06935004427083333,0.6039531928846626
test,0,0.09471874999999999,0.1951111111111111,0.018480680555555552,0.4854605637813212
test,4,0.1753125,0.41425,0.07262320312500001,0.4232045866022933
test,1,0.07475000000000001,0.11166666666666668,0.008347083333333335,0.6694029850746269
test,4,0.27121875,0.7833333333333333,0.21245468750000002,0.3462367021276596
test,4,0.549515625,0.34291666666666665,0.18843806640624997,1.6024756986634265
test,4,0.20465624999999998,0.3388611111111111,0.06935004427083333,0.6039531928846626
test,4,0.176,0.4006111111111111,0.07050755555555555,0.4393288032173069
test,4,0.134484375,0.3001666666666667,0.0403677265625,0.4480323431426984
test,2,0.166015625,0.6394722222222222,0.10616238064236111,0.2596135050605968
test,4,0.338140625,0.3645833333333333,0.12328043619791665,0.9274714285714285
test,4,0.20465624999999998,0.3388611111111111,0.06935004427083333,0.6039531928846626
test,0,0.09471874999999999,0.1951111111111111,0.018480680555555552,0.4854605637813212
test,4,0.1753125,0.41425,0.07262320312500001,0.4232045866022933
test,1,0.07475000000000001,0.11166666666666668,0.008347083333333335,0.6694029850746269
test,4,0.27121875,0.7833333333333333,0.21245468750000002,0.3462367021276596
test,2,0.49670312499999997,0.33738888888888885,0.16758211545138885,1.472197637082167
test,4,0.20465624999999998,0.3388611111111111,0.06935004427083333,0.6039531928846626
test,4,0.14803125,0.30597222222222226,0.04529345052083334,0.48380617339990917
test,4,0.134484375,0.3001666666666667,0.0403677265625,0.4480323431426984
test,1,0.047859374999999996,0.08205555555555555,0.003927127604166666,0.5832557549085985
test,4,0.27121875,0.7833333333333333,0.21245468750000002,0.3462367021276596
test,2,0.5460625,0.355,0.1938521875,1.5382042253521129
test,4,0.20465624999999998,0.3388611111111111,0.06935004427083333,0.6039531928846626
test,4,0.16946875,0.3838055555555555,0.06504304774305555,0.4415484548020555
test,4,0.134484375,0.3001666666666667,0.0403677265625,0.4480323431426984
test,1,0.047859374999999996,0.08205555555555555,0.003927127604166666,0.5832557549085985
test,4,0.27121875,0.7833333333333333,0.21245468750000002,0.3462367021276596
test,2,0.5460625,0.355,0.1938521875,1.5382042253521129
test,4,0.20465624999999998,0.3388611111111111,0.06935004427083333,0.6039531928846626
test,4,0.16946875,0.3838055555555555,0.06504304774305555,0.4415484548020555
test,4,0.134484375,0.3001666666666667,0.0403677265625,0.4480323431426984
test,1,0.047859374999999996,0.08205555555555555,0.003927127604166666,0.5832557549085985
test,4,0.27121875,0.7833333333333333,0.21245468750000002,0.3462367021276596
test,2,0.515125,0.35480555555555554,0.18276921180555555,1.4518515618883585
test,4,0.20465624999999998,0.3388611111111111,0.06935004427083333,0.6039531928846626
test,4,0.16946875,0.3838055555555555,0.06504304774305555,0.4415484548020555
test,4,0.134484375,0.3001666666666667,0.0403677265625,0.4480323431426984
test,1,0.047859374999999996,0.08205555555555555,0.003927127604166666,0.5832557549085985
test,4,0.27121875,0.7833333333333333,0.21245468750000002,0.3462367021276596
test,4,0.4185,0.36872222222222223,0.15431025,1.1350007533524182
test,4,0.20465624999999998,0.3388611111111111,0.06935004427083333,0.6039531928846626
test,4,0.16946875,0.3838055555555555,0.06504304774305555,0.4415484548020555
test,4,0.134484375,0.3001666666666667,0.0403677265625,0.4480323431426984
test,4,0.27121875,0.7833333333333333,0.21245468750000002,0.3462367021276596
test,4,0.4185,0.36872222222222223,0.15431025,1.1350007533524182
test,4,0.20465624999999998,0.3388611111111111,0.06935004427083333,0.6039531928846626
test,4,0.16946875,0.3838055555555555,0.06504304774305555,0.4415484548020555
test,4,0.134484375,0.3001666666666667,0.0403677265625,0.4480323431426984
test,4,0.27121875,0.7833333333333333,0.21245468750000002,0.3462367021276596
test,4,0.4185,0.36872222222222223,0.15431025,1.1350007533524182
test,4,0.20465624999999998,0.3388611111111111,0.06935004427083333,0.6039531928846626
test,4,0.16946875,0.3838055555555555,0.06504304774305555,0.4415484548020555
test,4,0.134484375,0.3001666666666667,0.0403677265625,0.4480323431426984
test,4,0.27121875,0.7833333333333333,0.21245468750000002,0.3462367021276596
test,4,0.4185,0.36872222222222223,0.15431025,1.1350007533524182
test,4,0.20465624999999998,0.3388611111111111,0.06935004427083333,0.6039531928846626
test,4,0.185078125,0.40822222222222226,0.07555300347222223,0.4533759186173108
test,4,0.134484375,0.3001666666666667,0.0403677265625,0.4480323431426984
test,4,0.27121875,0.7833333333333333,0.21245468750000002,0.3462367021276596
test,4,0.4185,0.36872222222222223,0.15431025,1.1350007533524182
test,4,0.20465624999999998,0.3388611111111111,0.06935004427083333,0.6039531928846626
test,4,0.134484375,0.3001666666666667,0.0403677265625,0.4480323431426984
test,4,0.301,0.4271111111111111,0.12856044444444445,0.7047346514047866
test,4,0.27121875,0.7833333333333333,0.21245468750000002,0.3462367021276596
test,4,0.4185,0.36872222222222223,0.15431025,1.1350007533524182
test,4,0.20465624999999998,0.3388611111111111,0.06935004427083333,0.6039531928846626
test,4,0.134484375,0.3001666666666667,0.0403677265625,0.4480323431426984
test,4,0.301,0.4271111111111111,0.12856044444444445,0.7047346514047866
test,2,0.37159375,0.7105,0.264017359375,0.523003166783955
test,4,0.4185,0.36872222222222223,0.15431025,1.1350007533524182
test,4,0.20465624999999998,0.3388611111111111,0.06935004427083333,0.6039531928846626
test,4,0.134484375,0.3001666666666667,0.0403677265625,0.4480323431426984
test,5,0.1968125,0.41733333333333333,0.08213641666666667,0.47159544728434505
test,1,0.02953125,0.07794444444444444,0.0023017968749999996,0.378875623663578
test,2,0.35790625,0.6893333333333334,0.24671670833333334,0.5192063588007737
test,4,0.4185,0.36872222222222223,0.15431025,1.1350007533524182
test,4,0.20465624999999998,0.3388611111111111,0.06935004427083333,0.6039531928846626
test,4,0.134484375,0.3001666666666667,0.0403677265625,0.4480323431426984
test,4,0.1968125,0.41733333333333333,0.08213641666666667,0.47159544728434505
test,1,0.028453125000000003,0.06938888888888889,0.001974330729166667,0.4100530424339472
test,2,0.35790625,0.6893333333333334,0.24671670833333334,0.5192063588007737
test,4,0.4185,0.36872222222222223,0.15431025,1.1350007533524182
test,4,0.20465624999999998,0.3388611111111111,0.06935004427083333,0.6039531928846626
test,4,0.134484375,0.3001666666666667,0.0403677265625,0.4480323431426984
test,4,0.312359375,0.41733333333333333,0.13035797916666667,0.7484649560702875
test,1,0.028453125000000003,0.06938888888888889,0.001974330729166667,0.4100530424339472
test,4,0.21442187499999998,0.8847777777777778,0.18971571006944443,0.24234545711415295
test,4,0.338140625,0.3645833333333333,0.12328043619791665,0.9274714285714285
test,4,0.20465624999999998,0.3388611111111111,0.06935004427083333,0.6039531928846626
test,0,0.09471874999999999,0.1951111111111111,0.018480680555555552,0.4854605637813212
test,4,0.1753125,0.41425,0.07262320312500001,0.4232045866022933
test,4,0.15546875,0.2941666666666667,0.04573372395833333,0.5285056657223796
test,4,0.35790625,0.6893333333333334,0.24671670833333334,0.5192063588007737
test,4,0.4185,0.36872222222222223,0.15431025,1.1350007533524182
test,4,0.20465624999999998,0.3388611111111111,0.06935004427083333,0.6039531928846626
test,4,0.134484375,0.3001666666666667,0.0403677265625,0.4480323431426984
test,5,0.203765625,0.4281388888888889,0.08723998828125,0.4759334652566016
test,4,0.282703125,0.7049166666666667,0.19928214453125,0.4010447452417543
test,4,0.4185,0.36872222222222223,0.15431025,1.1350007533524182
test,4,0.20465624999999998,0.3388611111111111,0.06935004427083333,0.6039531928846626
test,4,0.134484375,0.3001666666666667,0.0403677265625,0.4480323431426984
test,4,0.1771875,0.4912777777777778,0.08704828125000001,0.36066662897206825
test,4,0.282703125,0.7049166666666667,0.19928214453125,0.4010447452417543
test,4,0.4185,0.36872222222222223,0.15431025,1.1350007533524182
test,4,0.20465624999999998,0.3388611111111111,0.06935004427083333,0.6039531928846626
test,4,0.134484375,0.3001666666666667,0.0403677265625,0.4480323431426984
test,4,0.1771875,0.4912777777777778,0.08704828125000001,0.36066662897206825
test,4,0.282703125,0.7049166666666667,0.19928214453125,0.4010447452417543
test,4,0.4185,0.36872222222222223,0.15431025,1.1350007533524182
test,4,0.20465624999999998,0.3388611111111111,0.06935004427083333,0.6039531928846626
test,4,0.134484375,0.3001666666666667,0.0403677265625,0.4480323431426984
test,4,0.1771875,0.4912777777777778,0.08704828125000001,0.36066662897206825
test,4,0.282703125,0.7049166666666667,0.19928214453125,0.4010447452417543
test,4,0.4185,0.36872222222222223,0.15431025,1.1350007533524182
test,4,0.20465624999999998,0.3388611111111111,0.06935004427083333,0.6039531928846626
test,4,0.134484375,0.3001666666666667,0.0403677265625,0.4480323431426984
test,4,0.1771875,0.4912777777777778,0.08704828125000001,0.36066662897206825
test,4,0.282703125,0.7049166666666667,0.19928214453125,0.4010447452417543
test,4,0.4185,0.36872222222222223,0.15431025,1.1350007533524182
test,4,0.20465624999999998,0.3388611111111111,0.06935004427083333,0.6039531928846626
test,4,0.134484375,0.3001666666666667,0.0403677265625,0.4480323431426984
test,4,0.261453125,0.4912777777777778,0.12844611024305558,0.5321900090467035
test,4,0.282703125,0.7049166666666667,0.19928214453125,0.4010447452417543
test,4,0.4185,0.36872222222222223,0.15431025,1.1350007533524182
test,4,0.20465624999999998,0.3388611111111111,0.06935004427083333,0.6039531928846626
test,4,0.134484375,0.3001666666666667,0.0403677265625,0.4480323431426984
test,4,0.261453125,0.4912777777777778,0.12844611024305558,0.5321900090467035
test,4,0.282703125,0.7049166666666667,0.19928214453125,0.4010447452417543
test,4,0.36707812500000003,0.3703333333333333,0.135941265625,0.9912100585058508
test,4,0.20465624999999998,0.3388611111111111,0.06935004427083333,0.6039531928846626
test,4,0.134484375,0.3001666666666667,0.0403677265625,0.4480323431426984
test,4,0.261453125,0.4912777777777778,0.12844611024305558,0.5321900090467035
test,4,0.35559375000000004,0.5884722222222222,0.20925704427083333,0.6042659900873261
test,4,0.36707812500000003,0.3703333333333333,0.135941265625,0.9912100585058508
test,4,0.20465624999999998,0.3388611111111111,0.06935004427083333,0.6039531928846626
test,4,0.134484375,0.3001666666666667,0.0403677265625,0.4480323431426984
test,4,0.261453125,0.4912777777777778,0.12844611024305558,0.5321900090467035
test,4,0.334359375,0.7049444444444445,0.23570478385416668,0.474305993380093
test,4,0.36707812500000003,0.3703333333333333,0.135941265625,0.9912100585058508
test,4,0.20465624999999998,0.3388611111111111,0.06935004427083333,0.6039531928846626
test,4,0.134484375,0.3001666666666667,0.0403677265625,0.4480323431426984
test,4,0.316125,0.3481111111111111,0.110046625,0.9081152250239387
test,4,0.334359375,0.7049444444444445,0.23570478385416668,0.474305993380093
test,2,0.5700000000000001,0.3921111111111111,0.22350333333333333,1.4536695947860587
test,4,0.20465624999999998,0.3388611111111111,0.06935004427083333,0.6039531928846626
test,4,0.134484375,0.3001666666666667,0.0403677265625,0.4480323431426984
test,4,0.316125,0.3481111111111111,0.110046625,0.9081152250239387
test,1,0.07320312500000001,0.09400000000000001,0.006881093750000002,0.7787566489361701
test,4,0.334359375,0.7049444444444445,0.23570478385416668,0.474305993380093
test,2,0.5700000000000001,0.3921111111111111,0.22350333333333333,1.4536695947860587
test,4,0.20465624999999998,0.3388611111111111,0.06935004427083333,0.6039531928846626
test,4,0.134484375,0.3001666666666667,0.0403677265625,0.4480323431426984
test,4,0.15665625,0.518,0.0811479375,0.30242519305019305
test,1,0.07320312500000001,0.09400000000000001,0.006881093750000002,0.7787566489361701
test,4,0.334359375,0.7049444444444445,0.23570478385416668,0.474305993380093
test,2,0.5700000000000001,0.3921111111111111,0.22350333333333333,1.4536695947860587
test,4,0.20465624999999998,0.3388611111111111,0.06935004427083333,0.6039531928846626
test,4,0.134484375,0.3001666666666667,0.0403677265625,0.4480323431426984
test,4,0.15665625,0.518,0.0811479375,0.30242519305019305
test,1,0.07320312500000001,0.09400000000000001,0.006881093750000002,0.7787566489361701
test,4,0.21442187499999998,0.8847777777777778,0.18971571006944443,0.24234545711415295
test,4,0.338140625,0.3645833333333333,0.12328043619791665,0.9274714285714285
test,4,0.20465624999999998,0.3388611111111111,0.06935004427083333,0.6039531928846626
test,0,0.09471874999999999,0.1951111111111111,0.018480680555555552,0.4854605637813212
test,4,0.1753125,0.41425,0.07262320312500001,0.4232045866022933
test,4,0.15546875,0.2941666666666667,0.04573372395833333,0.5285056657223796
test,2,0.488953125,0.3796111111111111,0.1856120390625,1.2880369164349479
test,1,0.052031249999999994,0.066,0.0034340624999999996,0.7883522727272726
test,4,0.19403125000000002,0.3236388888888889,0.06279605815972224,0.5995300832546563
test,4,0.35026562499999997,0.7615833333333334,0.2667564622395833,0.4599176605755552
test,4,0.1771875,0.4761666666666666,0.08437078125,0.3721123556177809
test,4,0.14765625,0.2975,0.04392773437499999,0.49632352941176466
test,4,0.513484375,0.3592777777777778,0.18448352517361113,1.4292127338796967
test,4,0.27356250000000004,0.7615833333333334,0.20834064062500005,0.35920231972863553
test,4,0.19403125000000002,0.3236388888888889,0.06279605815972224,0.5995300832546563
test,4,0.14156249999999998,0.4109166666666667,0.058170390625,0.3445041573717298
test,4,0.14765625,0.2975,0.04392773437499999,0.49632352941176466
test,4,0.513484375,0.3592777777777778,0.18448352517361113,1.4292127338796967
test,4,0.27356250000000004,0.7615833333333334,0.20834064062500005,0.35920231972863553
test,4,0.19403125000000002,0.3236388888888889,0.06279605815972224,0.5995300832546563
test,4,0.14156249999999998,0.4109166666666667,0.058170390625,0.3445041573717298
test,4,0.14765625,0.2975,0.04392773437499999,0.49632352941176466
test,2,0.513484375,0.3592777777777778,0.18448352517361113,1.4292127338796967
test,4,0.27356250000000004,0.7615833333333334,0.20834064062500005,0.35920231972863553
test,4,0.19403125000000002,0.3236388888888889,0.06279605815972224,0.5995300832546563
test,4,0.14742187499999998,0.17466666666666666,0.025749687499999997,0.8440183683206106
test,4,0.14765625,0.2975,0.04392773437499999,0.49632352941176466
test,1,0.037,0.058638888888888886,0.0021696388888888885,0.6309805779251539
test,4,0.513484375,0.3592777777777778,0.18448352517361113,1.4292127338796967
test,4,0.27356250000000004,0.7615833333333334,0.20834064062500005,0.35920231972863553
test,4,0.19403125000000002,0.3236388888888889,0.06279605815972224,0.5995300832546563
test,4,0.33985937499999996,0.4158333333333333,0.1413248567708333,0.8172970941883768
test,4,0.14765625,0.2975,0.04392773437499999,0.49632352941176466
test,2,0.513484375,0.3592777777777778,0.18448352517361113,1.4292127338796967
test,4,0.27356250000000004,0.7615833333333334,0.20834064062500005,0.35920231972863553
test,4,0.19403125000000002,0.3236388888888889,0.06279605815972224,0.5995300832546563
test,4,0.33985937499999996,0.4158333333333333,0.1413248567708333,0.8172970941883768
test,4,0.14765625,0.2975,0.04392773437499999,0.49632352941176466
test,1,0.04746875,0.05580555555555555,0.0026490199652777773,0.850609756097561
test,4,0.513484375,0.3592777777777778,0.18448352517361113,1.4292127338796967
test,4,0.27356250000000004,0.7615833333333334,0.20834064062500005,0.35920231972863553
test,4,0.19403125000000002,0.3236388888888889,0.06279605815972224,0.5995300832546563
test,4,0.33985937499999996,0.4158333333333333,0.1413248567708333,0.8172970941883768
test,4,0.14765625,0.2975,0.04392773437499999,0.49632352941176466
test,4,0.21442187499999998,0.8847777777777778,0.18971571006944443,0.24234545711415295
test,4,0.376546875,0.32305555555555554,0.12164555989583332,1.16557932072227
test,4,0.20465624999999998,0.3388611111111111,0.06935004427083333,0.6039531928846626
test,0,0.09471874999999999,0.1951111111111111,0.018480680555555552,0.4854605637813212
test,4,0.1753125,0.41425,0.07262320312500001,0.4232045866022933
test,4,0.15546875,0.2941666666666667,0.04573372395833333,0.5285056657223796
test,2,0.513484375,0.3592777777777778,0.18448352517361113,1.4292127338796967
test,4,0.27356250000000004,0.7615833333333334,0.20834064062500005,0.35920231972863553
test,4,0.19403125000000002,0.3236388888888889,0.06279605815972224,0.5995300832546563
test,2,0.33985937499999996,0.4158333333333333,0.1413248567708333,0.8172970941883768
test,4,0.14765625,0.2975,0.04392773437499999,0.49632352941176466
test,1,0.03675,0.07530555555555556,0.0027674791666666664,0.48801180376244924
test,1,0.141828125,0.15641666666666668,0.022184282552083334,0.9067328183271177
test,2,0.513484375,0.3592777777777778,0.18448352517361113,1.4292127338796967
test,4,0.27356250000000004,0.7615833333333334,0.20834064062500005,0.35920231972863553
test,4,0.19403125000000002,0.3236388888888889,0.06279605815972224,0.5995300832546563
test,2,0.25390625,0.4158333333333333,0.10558268229166665,0.6105961923847696
test,4,0.14765625,0.2975,0.04392773437499999,0.49632352941176466
test,1,0.10887500000000001,0.13205555555555556,0.014377548611111114,0.8244636095919227
test,1,0.037546875,0.06730555555555556,0.0025271132812500004,0.5578569954601733
test,2,0.513484375,0.3592777777777778,0.18448352517361113,1.4292127338796967
test,4,0.27356250000000004,0.7615833333333334,0.20834064062500005,0.35920231972863553
test,4,0.19403125000000002,0.3236388888888889,0.06279605815972224,0.5995300832546563
test,5,0.25390625,0.4158333333333333,0.10558268229166665,0.6105961923847696
test,4,0.14765625,0.2975,0.04392773437499999,0.49632352941176466
test,1,0.037546875,0.06730555555555556,0.0025271132812500004,0.5578569954601733
test,2,0.513484375,0.3592777777777778,0.18448352517361113,1.4292127338796967
test,4,0.27356250000000004,0.7615833333333334,0.20834064062500005,0.35920231972863553
test,4,0.19403125000000002,0.3236388888888889,0.06279605815972224,0.5995300832546563
test,5,0.25390625,0.4158333333333333,0.10558268229166665,0.6105961923847696
test,4,0.14765625,0.2975,0.04392773437499999,0.49632352941176466
test,1,0.037546875,0.06730555555555556,0.0025271132812500004,0.5578569954601733
test,2,0.513484375,0.3592777777777778,0.18448352517361113,1.4292127338796967
test,4,0.27356250000000004,0.7615833333333334,0.20834064062500005,0.35920231972863553
test,4,0.19403125000000002,0.3236388888888889,0.06279605815972224,0.5995300832546563
test,5,0.20993750000000003,0.2154722222222222,0.04523569965277778,0.9743135232693053
test,4,0.14765625,0.2975,0.04392773437499999,0.49632352941176466
test,1,0.037546875,0.06730555555555556,0.0025271132812500004,0.5578569954601733
test,2,0.513484375,0.3592777777777778,0.18448352517361113,1.4292127338796967
test,4,0.27356250000000004,0.7615833333333334,0.20834064062500005,0.35920231972863553
test,4,0.19403125000000002,0.3236388888888889,0.06279605815972224,0.5995300832546563
test,5,0.20993750000000003,0.2154722222222222,0.04523569965277778,0.9743135232693053
test,4,0.14765625,0.2975,0.04392773437499999,0.49632352941176466
test,1,0.037546875,0.06730555555555556,0.0025271132812500004,0.5578569954601733
test,4,0.10646875,0.3078888888888889,0.03278054513888889,0.34580250811981234
test,4,0.41448437499999996,0.35877777777777775,0.1487077829861111,1.1552676912356767
test,4,0.33332812500000003,0.7060277777777777,0.23533891536458332,0.4721175787858521
test,4,0.2033125,0.3236111111111111,0.06579418402777779,0.6282618025751073
test,4,0.14846874999999998,0.2733333333333334,0.040581458333333334,0.5431783536585364
test,4,0.376953125,0.3693055555555555,0.13921088324652775,1.0207079729221513
test,4,0.42242187500000006,0.4288611111111111,0.1811603146701389,0.9849852645896757
test,4,0.33332812500000003,0.7060277777777777,0.23533891536458332,0.4721175787858521
test,4,0.2033125,0.3236111111111111,0.06579418402777779,0.6282618025751073
test,4,0.14846874999999998,0.2733333333333334,0.040581458333333334,0.5431783536585364
test,4,0.376953125,0.3693055555555555,0.13921088324652775,1.0207079729221513
test,4,0.11754687500000001,0.20694444444444443,0.024325672743055554,0.568011744966443
test,4,0.42242187500000006,0.42883333333333334,0.1811485807291667,0.9850490672366888
test,4,0.33332812500000003,0.7060277777777777,0.23533891536458332,0.4721175787858521
test,4,0.2033125,0.3236111111111111,0.06579418402777779,0.6282618025751073
test,4,0.14846874999999998,0.2733333333333334,0.040581458333333334,0.5431783536585364
test,4,0.376953125,0.3693055555555555,0.13921088324652775,1.0207079729221513
test,4,0.11754687500000001,0.20694444444444443,0.024325672743055554,0.568011744966443
test,4,0.437625,0.38625000000000004,0.16903265625000002,1.1330097087378639
test,4,0.33332812500000003,0.7060277777777777,0.23533891536458332,0.4721175787858521
test,4,0.2033125,0.3236111111111111,0.06579418402777779,0.6282618025751073
test,4,0.14846874999999998,0.2733333333333334,0.040581458333333334,0.5431783536585364
test,2,0.376953125,0.3693055555555555,0.13921088324652775,1.0207079729221513
test,4,0.11754687500000001,0.20694444444444443,0.024325672743055554,0.568011744966443
test,1,0.102125,0.08883333333333333,0.009072104166666666,1.149624765478424
test,4,0.437625,0.38625000000000004,0.16903265625000002,1.1330097087378639
test,4,0.33332812500000003,0.7060277777777777,0.23533891536458332,0.4721175787858521
test,4,0.2033125,0.3236111111111111,0.06579418402777779,0.6282618025751073
test,4,0.14846874999999998,0.2733333333333334,0.040581458333333334,0.5431783536585364
test,2,0.376953125,0.3693055555555555,0.13921088324652775,1.0207079729221513
test,4,0.11754687500000001,0.20694444444444443,0.024325672743055554,0.568011744966443
test,1,0.102125,0.08883333333333333,0.009072104166666666,1.149624765478424
test,4,0.3428125,0.41388888888888886,0.14188628472222223,0.828271812080537
test,4,0.33332812500000003,0.7060277777777777,0.23533891536458332,0.4721175787858521
test,4,0.2033125,0.3236111111111111,0.06579418402777779,0.6282618025751073
test,4,0.14846874999999998,0.2733333333333334,0.040581458333333334,0.5431783536585364
test,5,0.17681249999999998,0.17777777777777778,0.031433333333333334,0.9945703124999998
test,4,0.11754687500000001,0.20694444444444443,0.024325672743055554,0.568011744966443
test,4,0.33992187500000004,0.4305555555555556,0.14635525173611114,0.7894959677419355
test,4,0.40234375,0.7557222222222222,0.30406011284722223,0.5323963463941778
test,4,0.163375,0.27825,0.04545909375,0.587151841868823
test,4,0.141359375,0.2568888888888889,0.03631365277777778,0.5502743836505191
test,4,0.1263125,0.29888888888888887,0.03775340277777777,0.42260687732342006
test,4,0.33992187500000004,0.4305555555555556,0.14635525173611114,0.7894959677419355
test,2,0.40234375,0.7557222222222222,0.30406011284722223,0.5323963463941778
test,4,0.163375,0.27825,0.04545909375,0.587151841868823
test,4,0.141359375,0.2568888888888889,0.03631365277777778,0.5502743836505191
test,4,0.1263125,0.29888888888888887,0.03775340277777777,0.42260687732342006
test,1,0.04046875,0.08688888888888889,0.0035162847222222223,0.46575287723785164
test,4,0.110078125,0.16380555555555557,0.01803140842013889,0.6720048329659148
test,4,0.33992187500000004,0.4305555555555556,0.14635525173611114,0.7894959677419355
test,2,0.40234375,0.7557222222222222,0.30406011284722223,0.5323963463941778
test,4,0.163375,0.27825,0.04545909375,0.587151841868823
test,4,0.21754687499999997,0.43449999999999994,0.09452411718749998,0.5006832566168009
test,1,0.04046875,0.08688888888888889,0.0035162847222222223,0.46575287723785164
test,4,0.33992187500000004,0.4305555555555556,0.14635525173611114,0.7894959677419355
test,2,0.329296875,0.7269444444444444,0.23938053385416663,0.45298767672907914
test,4,0.18351562500000002,0.33897222222222223,0.06220669921875001,0.5413883881012866
test,1,0.04046875,0.08688888888888889,0.0035162847222222223,0.46575287723785164
test,4,0.33992187500000004,0.4305555555555556,0.14635525173611114,0.7894959677419355
test,2,0.387484375,0.7311666666666667,0.2833156588541667,0.5299535559607932
test,4,0.18351562500000002,0.33897222222222223,0.06220669921875001,0.5413883881012866
test,1,0.04046875,0.08688888888888889,0.0035162847222222223,0.46575287723785164
test,4,0.33992187500000004,0.4305555555555556,0.14635525173611114,0.7894959677419355
test,2,0.387484375,0.7311666666666667,0.2833156588541667,0.5299535559607932
test,4,0.18351562500000002,0.33897222222222223,0.06220669921875001,0.5413883881012866
test,1,0.025343749999999998,0.07119444444444444,0.0018043342013888885,0.3559793211080765
test,4,0.2516875,0.5572777777777778,0.14025985069444444,0.45163742398564455
test,4,0.2408125,0.3556944444444445,0.08565566840277779,0.6770206950409996
test,4,0.462015625,0.35647222222222225,0.1646957365451389,1.296077495519364
test,4,0.3198125,0.5875555555555556,0.18790761111111112,0.5443102307110438
test,4,0.273953125,0.31869444444444445,0.08730733897569445,0.8596106075132921
test,4,0.34796875,0.7612777777777778,0.2649008767361111,0.4570851273443771
test,4,0.3198125,0.5875555555555556,0.18790761111111112,0.5443102307110438
test,4,0.273953125,0.8170000000000001,0.22381970312500002,0.3353159424724602
test,4,0.3198125,0.5875555555555556,0.18790761111111112,0.5443102307110438
test,4,0.273953125,0.5342777777777777,0.14636706684027778,0.512754107309972
test,4,0.2578125,0.6335,0.16332421875,0.40696527229676405
test,4,0.376546875,0.32305555555555554,0.12164555989583332,1.16557932072227
test,4,0.20465624999999998,0.3388611111111111,0.06935004427083333,0.6039531928846626
test,0,0.09471874999999999,0.1951111111111111,0.018480680555555552,0.4854605637813212
test,4,0.1753125,0.41425,0.07262320312500001,0.4232045866022933
test,4,0.15546875,0.2941666666666667,0.04573372395833333,0.5285056657223796
test,4,0.2578125,0.6335,0.16332421875,0.40696527229676405
test,4,0.376546875,0.32305555555555554,0.12164555989583332,1.16557932072227
test,4,0.20465624999999998,0.3388611111111111,0.06935004427083333,0.6039531928846626
test,0,0.09471874999999999,0.1951111111111111,0.018480680555555552,0.4854605637813212
test,4,0.319578125,0.41425,0.13238523828125,0.7714619794809897
test,4,0.15546875,0.2941666666666667,0.04573372395833333,0.5285056657223796
test,4,0.28765625,0.7964722222222222,0.22911021267361112,0.3611629407456492
test,2,0.46281249999999996,0.35344444444444445,0.16357850694444442,1.3094349261238603
test,4,0.20465624999999998,0.3388611111111111,0.06935004427083333,0.6039531928846626
test,0,0.10232812499999999,0.2325,0.0237912890625,0.44012096774193543
test,4,0.159609375,0.34625,0.05526474609375,0.46096570397111913
test,4,0.15546875,0.2941666666666667,0.04573372395833333,0.5285056657223796
test,1,0.040281250000000005,0.07886111111111112,0.0031766241319444452,0.5107872490313491
test,4,0.28765625,0.7964722222222222,0.22911021267361112,0.3611629407456492
test,2,0.46281249999999996,0.35344444444444445,0.16357850694444442,1.3094349261238603
test,4,0.20465624999999998,0.3388611111111111,0.06935004427083333,0.6039531928846626
test,0,0.10232812499999999,0.2325,0.0237912890625,0.44012096774193543
test,4,0.20587499999999997,0.41936111111111113,0.08633596874999999,0.4909253494071669
test,4,0.15546875,0.2941666666666667,0.04573372395833333,0.5285056657223796
test,1,0.040281250000000005,0.07886111111111112,0.0031766241319444452,0.5107872490313491
test,4,0.12738020833333333,0.49296296296296294,0.0627937249228395,0.25839711682945155
test,4,0.18224479166666668,0.7245277777777778,0.1320414139178241,0.2515359621209217
test,2,0.133078125,0.5573611111111112,0.07417257161458334,0.23876463992025912
test,1,0.05757291666666667,0.11159259259259259,0.006424711033950617,0.5159205940922669
test,0,0.05241666666666667,0.15331481481481482,0.008036251543209878,0.34188911704312114
test,4,0.12738020833333333,0.49296296296296294,0.0627937249228395,0.25839711682945155
test,4,0.18224479166666668,0.7245277777777778,0.1320414139178241,0.2515359621209217
test,2,0.133078125,0.5573611111111112,0.07417257161458334,0.23876463992025912
test,1,0.05757291666666667,0.11159259259259259,0.006424711033950617,0.5159205940922669
test,0,0.05241666666666667,0.15331481481481482,0.008036251543209878,0.34188911704312114
test,4,0.12738020833333333,0.49296296296296294,0.0627937249228395,0.25839711682945155
test,4,0.18224479166666668,0.7245277777777778,0.1320414139178241,0.2515359621209217
test,2,0.10128645833333333,0.5016296296296296,0.05080828858024691,0.2019148239072652
test,1,0.04996354166666667,0.08913888888888888,0.004453694589120371,0.5605133998130261
test,0,0.05241666666666667,0.15331481481481482,0.008036251543209878,0.34188911704312114
test,4,0.12738020833333333,0.49296296296296294,0.0627937249228395,0.25839711682945155
test,4,0.18224479166666668,0.7245277777777778,0.1320414139178241,0.2515359621209217
test,2,0.08372916666666666,0.2829351851851852,0.023689927276234566,0.2959305560100795
test,1,0.02921354166666667,0.06336111111111112,0.001851002459490741,0.46106422621657167
test,0,0.056463541666666665,0.1313888888888889,0.007418682002314814,0.4297436575052854
test,4,0.12738020833333333,0.49296296296296294,0.0627937249228395,0.25839711682945155
test,4,0.24406250000000002,0.7326574074074074,0.17881419849537036,0.3331195420020979
test,0,0.042046875000000004,0.09605555555555555,0.0040388359375,0.4377349624060151
test,4,0.05042708333333333,0.0737962962962963,0.0037213319830246916,0.683328105395232
test,4,0.16830729166666666,0.6050462962962964,0.10183370346257717,0.27817258397735095
test,2,0.21376562500000001,0.7337962962962963,0.15686042390046298,0.2913146687697161
test,1,0.09911979166666667,0.11555555555555555,0.011453842592592592,0.8577674278846155
test,4,0.22658854166666667,0.7222222222222222,0.1636472800925926,0.31373798076923076
test,0,0.07910416666666667,0.19258333333333333,0.015234144097222223,0.4107529208135007
test,5,0.12738020833333333,0.49296296296296294,0.0627937249228395,0.25839711682945155
test,4,0.0951875,0.383,0.0364568125,0.24853133159268928
test,0,0.042046875000000004,0.09605555555555555,0.0040388359375,0.4377349624060151
test,4,0.05042708333333333,0.0737962962962963,0.0037213319830246916,0.683328105395232
test,4,0.18917708333333336,0.6483703703703704,0.12265681558641976,0.29177317776762257
test,0,0.09883854166666667,0.1335,0.013194945312500001,0.7403636079900124
test,4,0.20872916666666666,0.44475925925925924,0.09283422955246913,0.46930819835949533
test,4,0.23409895833333336,0.8500833333333334,0.19900362282986114,0.2753835408293305
test,4,0.15041145833333333,0.7476111111111111,0.11244927748842592,0.20118943672438136
test,4,0.07682291666666667,0.5447407407407407,0.0418485725308642,0.1410265671743269
test,4,0.07844791666666667,0.4879537037037037,0.03827895148533951,0.16076917968082888
test,4,0.16441145833333334,0.4571388888888889,0.07515887138310186,0.359653187093638
test,4,0.07844791666666667,0.4879537037037037,0.03827895148533951,0.16076917968082888
test,4,0.16441145833333334,0.4571388888888889,0.07515887138310186,0.359653187093638
test,4,0.14853125,0.5338333333333333,0.07929093229166666,0.27823524820480805
test,4,0.07291666666666667,0.4678055555555556,0.034110821759259266,0.15586960394275876
test,4,0.14853125,0.5338333333333333,0.07929093229166666,0.27823524820480805
test,4,0.07291666666666667,0.4678055555555556,0.034110821759259266,0.15586960394275876
test,4,0.14853125,0.5338333333333333,0.07929093229166666,0.27823524820480805
test,4,0.04978645833333333,0.4611296296296296,0.022958011091820985,0.10796629653427574
test,4,0.14853125,0.5338333333333333,0.07929093229166666,0.27823524820480805
test,4,0.04978645833333333,0.4611296296296296,0.022958011091820985,0.10796629653427574
test,4,0.14853125,0.5338333333333333,0.07929093229166666,0.27823524820480805
test,4,0.04978645833333333,0.4611296296296296,0.022958011091820985,0.10796629653427574
test,4,0.151953125,0.6563981481481481,0.09974174985532407,0.23149535907237873
test,4,0.07682291666666667,0.4980277777777778,0.03825994646990741,0.15425428077416475
test,4,0.151953125,0.6563981481481481,0.09974174985532407,0.23149535907237873
test,4,0.07682291666666667,0.4980277777777778,0.03825994646990741,0.15425428077416475
test,4,0.151953125,0.6563981481481481,0.09974174985532407,0.23149535907237873
test,4,0.07682291666666667,0.4980277777777778,0.03825994646990741,0.15425428077416475
test,4,0.16753125000000002,0.569462962962963,0.09540284201388889,0.29419165230399014
test,4,0.07682291666666667,0.4980277777777778,0.03825994646990741,0.15425428077416475
test,4,0.16753125000000002,0.569462962962963,0.09540284201388889,0.29419165230399014
test,4,0.07682291666666667,0.4980277777777778,0.03825994646990741,0.15425428077416475
test,4,0.21372395833333335,0.5766574074074073,0.12324550371334876,0.37062553188073033
test,4,0.07682291666666667,0.4980277777777778,0.03825994646990741,0.15425428077416475
test,4,0.061197916666666664,0.3336574074074074,0.020419138213734568,0.1834154294435965
test,4,0.13247395833333334,0.5292407407407408,0.07011061583719136,0.2503094492459498
test,4,0.03930208333333333,0.07725000000000001,0.0030360859375,0.5087648327939589
test,4,0.21372395833333335,0.5766574074074073,0.12324550371334876,0.37062553188073033
test,4,0.11508333333333334,0.5140833333333333,0.05916242361111112,0.22386124169233265
test,4,0.19016145833333334,0.5772222222222222,0.10976541956018518,0.32944237247353225
test,4,0.11508333333333334,0.5140833333333333,0.05916242361111112,0.22386124169233265
test,4,0.19016145833333334,0.5772222222222222,0.10976541956018518,0.32944237247353225
test,4,0.11508333333333334,0.5140833333333333,0.05916242361111112,0.22386124169233265
test,4,0.19016145833333334,0.5772222222222222,0.10976541956018518,0.32944237247353225
test,4,0.09644791666666667,0.49043518518518514,0.04730145187114197,0.1966578246832934
test,4,0.19016145833333334,0.5772222222222222,0.10976541956018518,0.32944237247353225
test,4,0.09644791666666667,0.49043518518518514,0.04730145187114197,0.1966578246832934
test,4,0.061197916666666664,0.3336574074074074,0.020419138213734568,0.1834154294435965
test,4,0.13247395833333334,0.5292407407407408,0.07011061583719136,0.2503094492459498
test,4,0.03930208333333333,0.07725000000000001,0.0030360859375,0.5087648327939589
test,4,0.061197916666666664,0.3336574074074074,0.020419138213734568,0.1834154294435965
test,4,0.13247395833333334,0.5292407407407408,0.07011061583719136,0.2503094492459498
test,4,0.03930208333333333,0.07725000000000001,0.0030360859375,0.5087648327939589
test,4,0.061197916666666664,0.3336574074074074,0.020419138213734568,0.1834154294435965
test,4,0.14683333333333334,0.5498148148148148,0.08073114197530865,0.2670596160323342
test,4,0.03930208333333333,0.07725000000000001,0.0030360859375,0.5087648327939589
test,4,0.14770833333333336,0.5515740740740741,0.08147208719135804,0.26779419170723523
test,4,0.11979166666666667,0.5673611111111111,0.06796513310185186,0.21113831089351287
test,4,0.14770833333333336,0.5515740740740741,0.08147208719135804,0.26779419170723523
test,4,0.11979166666666667,0.5673611111111111,0.06796513310185186,0.21113831089351287
test,4,0.14770833333333336,0.5515740740740741,0.08147208719135804,0.26779419170723523
test,4,0.11979166666666667,0.5673611111111111,0.06796513310185186,0.21113831089351287
test,4,0.14770833333333336,0.5515740740740741,0.08147208719135804,0.26779419170723523
test,4,0.13357291666666665,0.5328240740740741,0.07117086564429011,0.2506885915370579
test,5,0.14770833333333336,0.5515740740740741,0.08147208719135804,0.26779419170723523
test,4,0.092984375,0.34586111111111106,0.03215967925347222,0.26884888763954706
test,4,0.142296875,0.5906111111111111,0.08404211545138889,0.24093159157181826
test,4,0.07044270833333334,0.16449074074074074,0.011587173273533952,0.4282472558401351
test,4,0.142296875,0.5906111111111111,0.08404211545138889,0.24093159157181826
test,4,0.161078125,0.8292777777777778,0.1335785095486111,0.19423904669391034
test,2,0.1571875,0.5365833333333333,0.08434419270833333,0.2929414505357975
test,4,0.0934375,0.5715555555555555,0.05340472222222222,0.16347929626749613
test,1,0.030312500000000003,0.06405555555555556,0.001941684027777778,0.4732220294882914
test,4,0.06380208333333333,0.14641666666666667,0.009341688368055556,0.43575697211155373
test,4,0.16496875,0.634712962962963,0.10470780410879629,0.2599107937387854
test,4,0.061197916666666664,0.3336574074074074,0.020419138213734568,0.1834154294435965
test,4,0.12001041666666666,0.5253888888888889,0.0630521394675926,0.22842206830918893
test,2,0.13247395833333334,0.5292407407407408,0.07011061583719136,0.2503094492459498
test,1,0.027760416666666666,0.04992592592592593,0.0013859645061728395,0.5560320845697329
test,4,0.07964583333333333,0.40071296296296294,0.031915117862654316,0.1987603114818495
test,2,0.07986458333333334,0.33787962962962964,0.02698461583719136,0.23636992683127347
test,1,0.031984374999999995,0.06197222222222223,0.001982142795138889,0.5161082474226802
test,4,0.07964583333333333,0.40071296296296294,0.031915117862654316,0.1987603114818495
test,2,0.10813020833333334,0.3823148148148148,0.04133978057484568,0.28283028578348274
test,1,0.031984374999999995,0.06197222222222223,0.001982142795138889,0.5161082474226802
test,4,0.07964583333333333,0.40071296296296294,0.031915117862654316,0.1987603114818495
test,2,0.15083333333333335,0.4081666666666667,0.0615651388888889,0.3695385871784402
test,1,0.031984374999999995,0.06197222222222223,0.001982142795138889,0.5161082474226802
test,4,0.11546354166666667,0.4863425925925926,0.05615483820408951,0.2374119466920514
test,4,0.11461458333333334,0.4133611111111111,0.04737721151620371,0.2772747127209193
test,4,0.11546354166666667,0.4863425925925926,0.05615483820408951,0.2374119466920514
test,4,0.11461458333333334,0.4133611111111111,0.04737721151620371,0.2772747127209193
test,4,0.07844791666666667,0.4879537037037037,0.03827895148533951,0.16076917968082888
test,4,0.1390625,0.47918518518518516,0.06663668981481481,0.2902061756067399
test,4,0.07844791666666667,0.4879537037037037,0.03827895148533951,0.16076917968082888
test,4,0.13279166666666667,0.5410555555555556,0.0718476689814815,0.24543074237601395
test,4,0.07844791666666667,0.4879537037037037,0.03827895148533951,0.16076917968082888
test,4,0.16441145833333334,0.4571388888888889,0.07515887138310186,0.359653187093638
test,4,0.17404166666666668,0.6459351851851852,0.11241963618827162,0.2694413784206075
test,4,0.20632291666666666,0.6734722222222222,0.13895275318287037,0.30635698082078777
test,4,0.07734375,0.4679166666666667,0.036190429687500004,0.16529385574354408
test,4,0.20632291666666666,0.6199351851851852,0.12790683555169752,0.33281369020058843
test,4,0.09515104166666667,0.42448148148148146,0.04038985513117284,0.2241582867987087
test,4,0.20632291666666666,0.6199351851851852,0.12790683555169752,0.33281369020058843
test,4,0.19343749999999998,0.6599537037037037,0.12765979456018517,0.2931076815152578
test,4,0.18662499999999999,0.6199351851851852,0.11569540393518518,0.3010395351963317
test,4,0.18706250000000002,0.7041111111111111,0.13171278472222225,0.2656718478775446
test,4,0.18662499999999999,0.6199351851851852,0.11569540393518518,0.3010395351963317
test,4,0.18706250000000002,0.7041111111111111,0.13171278472222225,0.2656718478775446
test,4,0.18662499999999999,0.6199351851851852,0.11569540393518518,0.3010395351963317
test,4,0.18706250000000002,0.7041111111111111,0.13171278472222225,0.2656718478775446
test,5,0.22059895833333334,0.7954259259259259,0.17547013069058642,0.27733438293017953
test,4,0.18706250000000002,0.7041111111111111,0.13171278472222225,0.2656718478775446
test,4,0.22059895833333334,0.7954259259259259,0.17547013069058642,0.27733438293017953
test,4,0.18706250000000002,0.7041111111111111,0.13171278472222225,0.2656718478775446
test,2,0.305,0.5598055555555556,0.17074069444444445,0.5448320349327643
test,1,0.056234375,0.07684722222222222,0.004321455512152778,0.7317684800289175
test,5,0.303609375,0.6228333333333333,0.1890980390625,0.48746487824458123
test,1,0.0511796875,0.12368055555555556,0.0063299321831597226,0.4138054463784391
test,2,0.303609375,0.6228333333333333,0.1890980390625,0.48746487824458123
test,1,0.0511796875,0.12368055555555556,0.0063299321831597226,0.4138054463784391
test,4,0.2834921875,0.6552222222222223,0.1857503810763889,0.4326657092589452
test,5,0.29027083333333337,0.7196296296296296,0.20888749228395065,0.4033614256304684
test,5,0.29027083333333337,0.7196296296296296,0.20888749228395065,0.4033614256304684
test,4,0.25965625000000003,0.7135925925925926,0.18528877662037038,0.3638718404525874
test,2,0.07619791666666667,0.2430185185185185,0.018517504822530863,0.3135477787091367
test,1,0.07708333333333334,0.19311111111111112,0.01488564814814815,0.39916570771001153
test,4,0.25965625000000003,0.7135925925925926,0.18528877662037038,0.3638718404525874
test,2,0.07619791666666667,0.2430185185185185,0.018517504822530863,0.3135477787091367
test,1,0.07708333333333334,0.19311111111111112,0.01488564814814815,0.39916570771001153
test,4,0.32878124999999997,0.7156851851851852,0.23530386979166665,0.45939367868139824
test,4,0.10083333333333333,0.22540740740740742,0.02272858024691358,0.4473381531383503
test,4,0.32878124999999997,0.7156851851851852,0.23530386979166665,0.45939367868139824
test,4,0.10083333333333333,0.22540740740740742,0.02272858024691358,0.4473381531383503
test,4,0.2810625,0.7375,0.20728359375,0.3811016949152542
test,4,0.08804166666666666,0.21255555555555555,0.018713745370370367,0.4142054364871928
test,5,0.3994635416666667,0.9889351851851852,0.395043551552855,0.40393298534712796
test,0,0.11022916666666666,0.25166666666666665,0.02774100694444444,0.4379966887417218
test,5,0.4280833333333333,0.9889351851851852,0.4233466705246913,0.432872992837414
test,0,0.15025520833333333,0.27350925925925923,0.041096190731095675,0.5493605910829751
test,4,0.4280833333333333,0.9889351851851852,0.4233466705246913,0.432872992837414
test,0,0.15025520833333333,0.27350925925925923,0.041096190731095675,0.5493605910829751
test,4,0.3994635416666667,0.9889351851851852,0.395043551552855,0.40393298534712796
test,0,0.14821354166666667,0.21914814814814815,0.03248072318672839,0.6763166511745817
test,4,0.3994635416666667,0.9889351851851852,0.395043551552855,0.40393298534712796
test,0,0.14821354166666667,0.21914814814814815,0.03248072318672839,0.6763166511745817
test,4,0.3994635416666667,0.9889351851851852,0.395043551552855,0.40393298534712796
test,0,0.11022916666666666,0.25166666666666665,0.02774100694444444,0.4379966887417218
test,4,0.15421875000000002,0.23659217877094973,0.03648695006983241,0.6518336776859505
test,4,0.16515625,0.25511173184357544,0.042133296962290505,0.6473879064929376
test,5,0.17628125,0.34589385474860335,0.060974601082402234,0.5096397278527013
test,4,0.15421875000000002,0.23659217877094973,0.03648695006983241,0.6518336776859505
test,4,0.16515625,0.25511173184357544,0.042133296962290505,0.6473879064929376
test,4,0.17628125,0.34589385474860335,0.060974601082402234,0.5096397278527013
test,4,0.15421875000000002,0.23659217877094973,0.03648695006983241,0.6518336776859505
test,4,0.16515625,0.25511173184357544,0.042133296962290505,0.6473879064929376
test,2,0.17628125,0.34589385474860335,0.060974601082402234,0.5096397278527013
test,1,0.054578125,0.11050279329608939,0.006031035265363129,0.49390719792719917
test,4,0.15421875000000002,0.23659217877094973,0.03648695006983241,0.6518336776859505
test,2,0.16515625,0.25511173184357544,0.042133296962290505,0.6473879064929376
test,5,0.17628125,0.34589385474860335,0.060974601082402234,0.5096397278527013
test,1,0.0670625,0.09217877094972067,0.006181738826815642,0.7275265151515151
test,4,0.175171875,0.5842737430167597,0.10234832707751396,0.29981130778792375
test,4,0.159,0.6025139664804469,0.09579972067039105,0.263894297635605
test,0,0.06109375,0.15972067039106144,0.00975793470670391,0.3825037163343827
test,4,0.0763125,0.0935754189944134,0.007140974162011173,0.815518656716418
test,4,0.045609375,0.07620111731843576,0.003475485335195531,0.5985394519794721
test,4,0.187046875,0.6213966480446927,0.11623030115223464,0.30101043446012765
test,4,0.065078125,0.17472067039106146,0.011370493627793297,0.3724695243804956
test,4,0.0696875,0.15466480446927375,0.010778203561452515,0.45057115766660644
test,4,0.074984375,0.19575418994413407,0.014678505586592179,0.3830537421518265
test,0,0.105671875,0.14807262569832402,0.015647111993715084,0.7136489577438219
test,4,0.1173125,0.44653631284916206,0.052384291201117324,0.26271659577129985
test,4,0.05746875,0.13072625698324022,0.007512674581005586,0.4396113782051282
test,5,0.166875,0.5946648044692737,0.09923468924581005,0.2806202733806191
test,5,0.17853125,0.6043854748603352,0.10790169430865923,0.2953930189028054
test,0,0.066359375,0.17910614525139665,0.011885371857541899,0.37050306066749844
test,0,0.068453125,0.16212290502793295,0.011097819483240222,0.42222981995175746
test,4,0.07009375,0.21332402234636874,0.014952680691340783,0.3285787940290689
test,5,0.166875,0.5946648044692737,0.09923468924581005,0.2806202733806191
test,5,0.17853125,0.6043854748603352,0.10790169430865923,0.2953930189028054
test,0,0.08034375,0.11279329608938549,0.009062236382681567,0.7123096210995542
test,0,0.10232812499999999,0.12888268156424582,0.01318832314944134,0.7939633452535759
test,5,0.166875,0.5946648044692737,0.09923468924581005,0.2806202733806191
test,5,0.17853125,0.6043854748603352,0.10790169430865923,0.2953930189028054
test,0,0.08034375,0.11279329608938549,0.009062236382681567,0.7123096210995542
test,0,0.10232812499999999,0.12888268156424582,0.01318832314944134,0.7939633452535759
test,4,0.1830625,0.33432960893854746,0.06120321403631284,0.5475509649928983
test,4,0.21423437500000003,0.31594972067039107,0.06768729093924582,0.6780647710193618
test,4,0.147828125,0.2436871508379888,0.036023814594972066,0.6066307743007795
test,4,0.15421875000000002,0.23659217877094973,0.03648695006983241,0.6518336776859505
test,5,0.16515625,0.25511173184357544,0.042133296962290505,0.6473879064929376
test,4,0.17628125,0.34589385474860335,0.060974601082402234,0.5096397278527013
test,4,0.15421875000000002,0.23659217877094973,0.03648695006983241,0.6518336776859505
test,4,0.16515625,0.25511173184357544,0.042133296962290505,0.6473879064929376
test,5,0.17628125,0.34589385474860335,0.060974601082402234,0.5096397278527013
test,4,0.15421875000000002,0.23659217877094973,0.03648695006983241,0.6518336776859505
test,5,0.16515625,0.25511173184357544,0.042133296962290505,0.6473879064929376
test,5,0.17628125,0.34589385474860335,0.060974601082402234,0.5096397278527013
test,4,0.077859375,0.33022346368715083,0.025710992493016758,0.23577784004398578
test,5,0.15421875000000002,0.23659217877094973,0.03648695006983241,0.6518336776859505
test,2,0.16515625,0.25511173184357544,0.042133296962290505,0.6473879064929376
test,2,0.17628125,0.34589385474860335,0.060974601082402234,0.5096397278527013
test,1,0.067015625,0.08053072625698324,0.0053968169518156415,0.8321746011099549
test,4,0.15928124999999999,0.5916480446927375,0.09423844011871509,0.2692162197252254
test,4,0.17853125,0.6043854748603352,0.10790169430865923,0.2953930189028054
test,0,0.066359375,0.17910614525139665,0.011885371857541899,0.37050306066749844
test,0,0.068453125,0.16212290502793295,0.011097819483240222,0.42222981995175746
test,5,0.15421875000000002,0.23659217877094973,0.03648695006983241,0.6518336776859505
test,4,0.16515625,0.25511173184357544,0.042133296962290505,0.6473879064929376
test,4,0.17628125,0.34589385474860335,0.060974601082402234,0.5096397278527013
test,5,0.15421875000000002,0.23659217877094973,0.03648695006983241,0.6518336776859505
test,4,0.16515625,0.25511173184357544,0.042133296962290505,0.6473879064929376
test,4,0.17628125,0.34589385474860335,0.060974601082402234,0.5096397278527013
test,5,0.2191875,0.5075416666666667,0.1112467890625,0.4318610951481816
test,4,0.0995,0.1345,0.013382750000000002,0.7397769516728624
test,5,0.2191875,0.5075416666666667,0.1112467890625,0.4318610951481816
test,4,0.0995,0.1345,0.013382750000000002,0.7397769516728624
test,4,0.2191875,0.5075416666666667,0.1112467890625,0.4318610951481816
test,4,0.07653125,0.271375,0.020768667968749998,0.28201289728235834
test,4,0.260625,0.5676666666666667,0.14794812499999999,0.4591162654139753
test,4,0.0696875,0.13779166666666667,0.009602356770833334,0.5057453885697006
test,4,0.260625,0.5676666666666667,0.14794812499999999,0.4591162654139753
test,4,0.0696875,0.13779166666666667,0.009602356770833334,0.5057453885697006
test,4,0.260625,0.5676666666666667,0.14794812499999999,0.4591162654139753
test,4,0.0696875,0.13779166666666667,0.009602356770833334,0.5057453885697006
test,2,0.24953124999999998,0.5075416666666667,0.12664750651041665,0.49164682702569573
test,4,0.0995,0.1345,0.013382750000000002,0.7397769516728624
test,1,0.0660625,0.08291666666666667,0.005477682291666667,0.7967336683417084
test,2,0.24953124999999998,0.5075416666666667,0.12664750651041665,0.49164682702569573
test,4,0.0995,0.1345,0.013382750000000002,0.7397769516728624
test,1,0.0660625,0.08291666666666667,0.005477682291666667,0.7967336683417084
test,2,0.24953124999999998,0.5075416666666667,0.12664750651041665,0.49164682702569573
test,4,0.0995,0.1345,0.013382750000000002,0.7397769516728624
test,1,0.0660625,0.08291666666666667,0.005477682291666667,0.7967336683417084
test,2,0.21241319444444443,0.5092222222222222,0.10816551890432098,0.41713260964433774
test,1,0.050625,0.07188888888888889,0.0036393750000000002,0.7042117465224111
test,2,0.2552083333333333,0.46519444444444447,0.11872149884259259,0.5486057204275392
test,1,0.0503125,0.08502777777777777,0.004277960069444444,0.5917183926821301
test,4,0.12555555555555553,0.18475000000000003,0.023196388888888888,0.6795970530747254
test,4,0.2552083333333333,0.46519444444444447,0.11872149884259259,0.5486057204275392
test,4,0.12555555555555553,0.18475000000000003,0.023196388888888888,0.6795970530747254
test,5,0.21241319444444443,0.6016944444444445,0.12780783902391976,0.3530250219288121
test,5,0.21241319444444443,0.6016944444444445,0.12780783902391976,0.3530250219288121
test,4,0.21241319444444443,0.5092222222222222,0.10816551890432098,0.41713260964433774
test,4,0.21241319444444443,0.5092222222222222,0.10816551890432098,0.41713260964433774
test,4,0.23148437500000002,0.5718055555555556,0.13236405164930556,0.404830580519796
test,5,0.23148437500000002,0.5718055555555556,0.13236405164930556,0.404830580519796
test,0,0.093828125,0.14279166666666668,0.013397874348958333,0.6570980449372629
test,5,0.23148437500000002,0.5718055555555556,0.13236405164930556,0.404830580519796
test,0,0.1326484375,0.086625,0.0114906708984375,1.5312950937950938
test,4,0.2971640625,0.6313888888888889,0.18762608723958332,0.4706513968323801
test,0,0.1396953125,0.10211111111111111,0.01426444357638889,1.3680716131664854
test,3,0.2415703125,0.2152777777777778,0.052004720052083335,1.122133064516129
test,2,0.2971640625,0.6313888888888889,0.18762608723958332,0.4706513968323801
test,1,0.1497265625,0.121875,0.0182479248046875,1.228525641025641
test,3,0.248375,0.17823611111111112,0.04426939409722223,1.3935167147198628
test,5,0.2971640625,0.6313888888888889,0.18762608723958332,0.4706513968323801
test,3,0.21475,0.1875,0.040265625,1.1453333333333333
test,4,0.2971640625,0.6313888888888889,0.18762608723958332,0.4706513968323801
test,0,0.1418984375,0.1252361111111111,0.017770808485243053,1.1330472995453034
test,3,0.22159374999999998,0.17129166666666668,0.03795716276041666,1.293663342252493
test,4,0.2906015625,0.6955972222222222,0.2021416396484375,0.41777274723958235
test,3,0.1977734375,0.26502777777777775,0.05241545464409722,0.7462366366208993
test,4,0.3543984375,0.8986805555555555,0.3184909847005208,0.3943541843752415
test,3,0.0868046875,0.3237361111111111,0.028101811957465278,0.26813408983654385
test,4,0.315953125,0.8986666666666666,0.28393654166666665,0.3515798868694362
test,3,0.060664062500000004,0.28491666666666665,0.017284202473958333,0.21291861655454813
test,4,0.3545625,0.9713472222222223,0.3444032994791667,0.3650213763816006
test,3,0.08203906250000001,0.37386111111111114,0.030671215060763896,0.2194372724570919
test,4,0.3545625,0.9713472222222223,0.3444032994791667,0.3650213763816006
test,3,0.08203906250000001,0.37386111111111114,0.030671215060763896,0.2194372724570919
test,4,0.3545625,0.9713472222222223,0.3444032994791667,0.3650213763816006
test,3,0.08203906250000001,0.37386111111111114,0.030671215060763896,0.2194372724570919
test,5,0.3545625,0.9713472222222223,0.3444032994791667,0.3650213763816006
test,3,0.1036796875,0.344625,0.035730612304687506,0.30084784185709107
test,5,0.248359375,0.580375,0.144141572265625,0.4279291406418264
test,3,0.1821015625,0.24905555555555556,0.04535340581597223,0.7311684418915905
test,4,0.23833593749999998,0.5895833333333333,0.140518896484375,0.40424469964664306
test,3,0.19035156250000002,0.2449027777777778,0.046617626410590286,0.7772535870243293
test,5,0.248359375,0.580375,0.144141572265625,0.4279291406418264
test,3,0.1821015625,0.24905555555555556,0.04535340581597223,0.7311684418915905
test,5,0.248359375,0.580375,0.144141572265625,0.4279291406418264
test,3,0.1821015625,0.24905555555555556,0.04535340581597223,0.7311684418915905
test,5,0.248359375,0.580375,0.144141572265625,0.4279291406418264
test,3,0.1821015625,0.24905555555555556,0.04535340581597223,0.7311684418915905
test,4,0.248359375,0.580375,0.144141572265625,0.4279291406418264
test,3,0.1949765625,0.21320833333333333,0.0415706279296875,0.9144884698065273
test,4,0.248359375,0.580375,0.144141572265625,0.4279291406418264
test,3,0.1949765625,0.21320833333333333,0.0415706279296875,0.9144884698065273
test,4,0.23833593749999998,0.5895833333333333,0.140518896484375,0.40424469964664306
test,3,0.19035156250000002,0.2449027777777778,0.046617626410590286,0.7772535870243293
