split,file,width,height
train,fshoplifting_2_10_0_jpg.rf.b575f26e16cb971c523e4f459272a1a1.jpg,640,640
train,fshoplifting_2_11_0_jpg.rf.ac1d6223e781e636d5ca08e6bd42e697.jpg,640,640
train,fshoplifting_2_11_108_jpg.rf.bc94ee5ebc710c1f46f37beeee5cb781.jpg,640,640
train,fshoplifting_2_11_114_jpg.rf.ad0d7963b035cbc0e5b4ca457a7383dd.jpg,640,640
train,fshoplifting_2_11_120_jpg.rf.17e396c6ade6ce96f6050684e5a85711.jpg,640,640
train,fshoplifting_2_11_126_jpg.rf.ffa5e69019bb1a304bb603876a2ac4f8.jpg,640,640
train,fshoplifting_2_11_12_jpg.rf.cda8f8d262b94b3bbd4a1a48622b9c5b.jpg,640,640
train,fshoplifting_2_11_138_jpg.rf.6f5be031f14c65d56882f7ffd6617c6e.jpg,640,640
train,fshoplifting_2_11_144_jpg.rf.d9865ac2b98e30a260e51385366b6340.jpg,640,640
train,fshoplifting_2_11_156_jpg.rf.18bf1d72b0f3668ed61a2b63cdb7bfcb.jpg,640,640
train,fshoplifting_2_11_174_jpg.rf.b28204755f235df32beb80d5a6158bf0.jpg,640,640
train,fshoplifting_2_11_180_jpg.rf.2ddd12449c2ef13582a7ea144cf5b890.jpg,640,640
train,fshoplifting_2_11_18_jpg.rf.54191fda8aa37fdd11f73b2ad931bd10.jpg,640,640
train,fshoplifting_2_11_198_jpg.rf.dfe5c4f44a4a2461dd005980ee8ce75b.jpg,640,640
train,fshoplifting_2_11_204_jpg.rf.b3fe63531a53e554fbc26f9e16899684.jpg,640,640
train,fshoplifting_2_11_222_jpg.rf.b1b9833a4c7ea95f9e3d8eda54fb1010.jpg,640,640
train,fshoplifting_2_11_228_jpg.rf.c50059b409db05d88ec451c0854e2d1e.jpg,640,640
train,fshoplifting_2_11_234_jpg.rf.d539c9900d80a1acf95b86607e5b0690.jpg,640,640
train,fshoplifting_2_11_240_jpg.rf.5fe0ab896b4d745ac1c1c05754971e75.jpg,640,640
train,fshoplifting_2_11_24_jpg.rf.b64dab9ceecd8e2486a2262854e1081a.jpg,640,640
train,fshoplifting_2_11_252_jpg.rf.399f68ed90e5425101095091e79e75be.jpg,640,640
train,fshoplifting_2_11_258_jpg.rf.97e994bdd7df2eb484516f31e50e02fb.jpg,640,640
train,fshoplifting_2_11_270_jpg.rf.4859f92777a0b06d0f413dba77013887.jpg,640,640
train,fshoplifting_2_11_276_jpg.rf.dcd7787ded2256d060237586b39be64e.jpg,640,640
train,fshoplifting_2_11_282_jpg.rf.8cfac89114f4eb27a594c6fba9a73f4c.jpg,640,640
train,fshoplifting_2_11_294_jpg.rf.585af34512d4b2dee02f27ee85eeae43.jpg,640,640
train,fshoplifting_2_11_306_jpg.rf.c76c20d400caaae940ce2bcfc5e8fcff.jpg,640,640
train,fshoplifting_2_11_30_jpg.rf.51121ffa7bfadfd92ede3c64326cd8de.jpg,640,640
train,fshoplifting_2_11_312_jpg.rf.64a5cbe21005d0c64e15372648984e33.jpg,640,640
train,fshoplifting_2_11_318_jpg.rf.5023e6d245e239ea98e0e25c04930ce1.jpg,640,640
train,fshoplifting_2_11_324_jpg.rf.676213396f238f2f015bbff56e3ca9a7.jpg,640,640
train,fshoplifting_2_11_330_jpg.rf.6e618500ea5f6c3f27d54733d9ba2ae6.jpg,640,640
train,fshoplifting_2_11_342_jpg.rf.ac8e9d3bdf9c4d45cec59b4dbb1c9907.jpg,640,640
train,fshoplifting_2_11_348_jpg.rf.fd959839bee81ccb0a72fd9bad2056bf.jpg,640,640
train,fshoplifting_2_11_360_jpg.rf.7ed69e44984e82bf16417d5f374eebb5.jpg,640,640
train,fshoplifting_2_11_366_jpg.rf.4f6a470f5c993c12b7ce9e902bd54bdc.jpg,640,640
train,fshoplifting_2_11_36_jpg.rf.304c7653c799b09fad7228f5269c89c7.jpg,640,640
train,fshoplifting_2_11_378_jpg.rf.ee8bd9a02dffb69105267dc38cbd25a2.jpg,640,640
train,fshoplifting_2_11_384_jpg.rf.64d94c22e4affeb732de0b9696574cbf.jpg,640,640
train,fshoplifting_2_11_390_jpg.rf.9d25dbea2a844377bf92f76ec7a0ca27.jpg,640,640
train,fshoplifting_2_11_396_jpg.rf.62e8d22e1a18ff03ad13fdae42f7be23.jpg,640,640
train,fshoplifting_2_11_402_jpg.rf.72efe71555bd052a5cdedc63b70d1aac.jpg,640,640
train,fshoplifting_2_11_408_jpg.rf.b4eeb9aeedca8f20714384d0a8926c25.jpg,640,640
train,fshoplifting_2_11_414_jpg.rf.3d4008ca9f607367f92e78454bc17191.jpg,640,640
train,fshoplifting_2_11_420_jpg.rf.9083b5983022a211e8efae9377b7b000.jpg,640,640
train,fshoplifting_2_11_426_jpg.rf.ea8884892cdcbb6c6ea6e35c2c8a6997.jpg,640,640
train,fshoplifting_2_11_438_jpg.rf.591a1bbdbe4418faab0c89830b45397c.jpg,640,640
train,fshoplifting_2_11_444_jpg.rf.bb938402ae2cbda2ab3f47ca5b3151a3.jpg,640,640
train,fshoplifting_2_11_450_jpg.rf.acd2051ce20284b50a2377ef795860df.jpg,640,640
train,fshoplifting_2_11_456_jpg.rf.304afe109b015d16e08e1fbab31672d9.jpg,640,640
train,fshoplifting_2_11_462_jpg.rf.97c6a6a36f74e85d6b2a1e90c54d06c1.jpg,640,640
train,fshoplifting_2_11_468_jpg.rf.a184e3f03ae17cc63a0174b389119fcd.jpg,640,640
train,fshoplifting_2_11_480_jpg.rf.a53e8f3ed978d240b2813fd151e8a491.jpg,640,640
train,fshoplifting_2_11_486_jpg.rf.4a69bcfd674fbebef7b63670e6df893e.jpg,640,640
train,fshoplifting_2_11_48_jpg.rf.f3d23ab84d89618c92cf1f4b590be972.jpg,640,640
train,fshoplifting_2_11_492_jpg.rf.f787151ed4fcdbdf0b776fba628f2156.jpg,640,640
train,fshoplifting_2_11_498_jpg.rf.a2b5eefe777e2642eec9cf7691d4cdfa.jpg,640,640
train,fshoplifting_2_11_504_jpg.rf.8c1ea80991d25fe9411cb3976506c439.jpg,640,640
train,fshoplifting_2_11_510_jpg.rf.850c49a21749c33ff56513e433a899ea.jpg,640,640
train,fshoplifting_2_11_522_jpg.rf.7b02bbd3c776562f3f5172689d9e21e8.jpg,640,640
train,fshoplifting_2_11_528_jpg.rf.3fab19ca6943b09ecbf88c48b2330fd6.jpg,640,640
train,fshoplifting_2_11_534_jpg.rf.22b0a9f2cad1793316effb4425ea9fd8.jpg,640,640
train,fshoplifting_2_11_540_jpg.rf.a0dc5d1af92e78c3cb420c2adac9b45d.jpg,640,640
train,fshoplifting_2_11_546_jpg.rf.c318d9bff289293e427308e011119f13.jpg,640,640
train,fshoplifting_2_11_54_jpg.rf.1ffc54c1c062133c05610e1c491cced0.jpg,640,640
train,fshoplifting_2_11_552_jpg.rf.84917db1fc6239b26a249c197bc99388.jpg,640,640
train,fshoplifting_2_11_558_jpg.rf.85b80e9d3a2e31c079d3eff4bfe3f3db.jpg,640,640
train,fshoplifting_2_11_564_jpg.rf.b29598b419b6503b3bbf5d15e73a4a73.jpg,640,640
train,fshoplifting_2_11_570_jpg.rf.148e2835dde926e4a1cd2ac29218b561.jpg,640,640
train,fshoplifting_2_11_576_jpg.rf.a18b9d9938e56c68fda56b53feca4085.jpg,640,640
train,fshoplifting_2_11_582_jpg.rf.d990b563db0a804f3a455c4446adc6b9.jpg,640,640
train,fshoplifting_2_11_588_jpg.rf.a7fef3cabcb405a9ae609f2ee2bc98ad.jpg,640,640
train,fshoplifting_2_11_594_jpg.rf.124bb66506758827be5ca4e3aca440aa.jpg,640,640
train,fshoplifting_2_11_600_jpg.rf.8db5566265445c8e71059ed280617bae.jpg,640,640
train,fshoplifting_2_11_60_jpg.rf.83fc660e154389eb0b4ccda08b0f1823.jpg,640,640
train,fshoplifting_2_11_612_jpg.rf.69194903b07bc83e5b66744c6de072fa.jpg,640,640
train,fshoplifting_2_11_636_jpg.rf.9d9fa3c314dba0e9a002bd634a7996c9.jpg,640,640
train,fshoplifting_2_11_642_jpg.rf.cc1949c8f474e2ed82c61c1d902cb024.jpg,640,640
train,fshoplifting_2_11_648_jpg.rf.aec3a1944201e86426f9a2491f4083a5.jpg,640,640
train,fshoplifting_2_11_654_jpg.rf.d63416abe34d18cf18c647de375c3a98.jpg,640,640
train,fshoplifting_2_11_66_jpg.rf.cdd4664113b28819975958d1b19c96ab.jpg,640,640
train,fshoplifting_2_11_672_jpg.rf.7d7e6ed2de1ba14c3e78f979ae1491ab.jpg,640,640
train,fshoplifting_2_11_678_jpg.rf.e9e2332c4333033dd9e4ab98c3ee251d.jpg,640,640
train,fshoplifting_2_11_684_jpg.rf.d392f80a17bb944d5c45542bba1a87ef.jpg,640,640
train,fshoplifting_2_11_690_jpg.rf.8b534b0cf5a33525bf94726550bd1a11.jpg,640,640
train,fshoplifting_2_11_696_jpg.rf.4728541fc2ab7e42d6f0d1b6cc811aea.jpg,640,640
train,fshoplifting_2_11_708_jpg.rf.b2c4a8bf7ee8f0f9bf0b960e7c509785.jpg,640,640
train,fshoplifting_2_11_714_jpg.rf.5a36da8b9189d3fd7fc1afac5eec3cbd.jpg,640,640
train,fshoplifting_2_11_720_jpg.rf.d2d0767bfb0927a5f6e0aebf3e5ad92b.jpg,640,640
train,fshoplifting_2_11_726_jpg.rf.3af85c95f6c766fcdb28e3d7432ce880.jpg,640,640
train,fshoplifting_2_11_72_jpg.rf.53578f253372078438f7b9d3e0c8a31b.jpg,640,640
train,fshoplifting_2_11_732_jpg.rf.21aa19f14d7b75143d6fdc04dae95aa0.jpg,640,640
train,fshoplifting_2_11_750_jpg.rf.f173c59f1e0e7dcfd7dfbd91f5225290.jpg,640,640
train,fshoplifting_2_11_756_jpg.rf.c7f57c2a7e7501179db8afdc1fb8a2ed.jpg,640,640
train,fshoplifting_2_11_774_jpg.rf.9425d3b2b3deab112c39421637bfbfe8.jpg,640,640
train,fshoplifting_2_11_780_jpg.rf.1a9174f6fe77a2381dc2a1f791ea7574.jpg,640,640
train,fshoplifting_2_11_786_jpg.rf.f358586b3129ff2fd811973bcb1cd1de.jpg,640,640
train,fshoplifting_2_11_78_jpg.rf.3709df7afab300d4cdc822ee8896fb4a.jpg,640,640
train,fshoplifting_2_11_792_jpg.rf.caff869d4c5dd5fa4214e3fa56d3c265.jpg,640,640
train,fshoplifting_2_11_804_jpg.rf.8d563910931717f3eea1fcc9ff413e5a.jpg,640,640
train,fshoplifting_2_11_810_jpg.rf.f87ee837b40604995d3fa7d90c6ff1ee.jpg,640,640
train,fshoplifting_2_11_816_jpg.rf.5f07e75b45524864cf96cc85a29ee76f.jpg,640,640
train,fshoplifting_2_11_828_jpg.rf.5633cb6a9287d4f4a4d75ab318a62bc0.jpg,640,640
train,fshoplifting_2_11_834_jpg.rf.7dd2a3da325afea6f98a3d49f074a9c5.jpg,640,640
train,fshoplifting_2_11_84_jpg.rf.c5938925ee21074649e8beee04f32975.jpg,640,640
train,fshoplifting_2_11_852_jpg.rf.a431aef3d21007e2fb7b0a6abafc4207.jpg,640,640
train,fshoplifting_2_11_864_jpg.rf.5a9613a4edc42c8542d3eb110d175f76.jpg,640,640
train,fshoplifting_2_11_870_jpg.rf.38eba886ca8c08efae79501bc3851397.jpg,640,640
train,fshoplifting_2_11_876_jpg.rf.74d55e243e181739de67aa426fa7cd6e.jpg,640,640
train,fshoplifting_2_11_888_jpg.rf.6d20267f1e2964bee493e3505b9b7ab2.jpg,640,640
train,fshoplifting_2_11_906_jpg.rf.d24f3cdce40ffb2ff22892b9f7eb4fdc.jpg,640,640
train,fshoplifting_2_11_90_jpg.rf.b6015169b21dbe25d5b05ed955395c84.jpg,640,640
train,fshoplifting_2_11_912_jpg.rf.88b1361281394c505dae5c1b5c6fd0af.jpg,640,640
train,fshoplifting_2_11_918_jpg.rf.fb93824e8089674cde8b0f2f4aa9b22c.jpg,640,640
train,fshoplifting_2_11_924_jpg.rf.4d88c1074a26a4af404c87228431aaa5.jpg,640,640
train,fshoplifting_2_11_936_jpg.rf.e3c230d7a026761ac077f14f8e8982bd.jpg,640,640
train,fshoplifting_2_11_942_jpg.rf.d49b21a66409373d0a2114005a1ca2f3.jpg,640,640
train,fshoplifting_2_11_948_jpg.rf.a2ca87ac919189ff5fc994073c209eba.jpg,640,640
train,fshoplifting_2_11_960_jpg.rf.6d3357699285dad6a7d649f17f94d9f3.jpg,640,640
train,fshoplifting_2_11_96_jpg.rf.a1b8234a4e17643a1abf5a4420892fe9.jpg,640,640
train,fshoplifting_2_11_972_jpg.rf.e1fd759dddba8b7e4f27c5b75e118104.jpg,640,640
train,fshoplifting_2_12_0_jpg.rf.602add5122713f2bb68d0cf8d63eefc5.jpg,640,640
train,fshoplifting_2_12_102_jpg.rf.b3bf9ff29c912c54310dd2d46df21c5b.jpg,640,640
train,fshoplifting_2_12_114_jpg.rf.95a343ae8ff3c2960a700fe28246c5d7.jpg,640,640
train,fshoplifting_2_12_126_jpg.rf.72d060d2ced04cc8d8e0995ca450b228.jpg,640,640
train,fshoplifting_2_12_12_jpg.rf.570a71db9ff66eba4740e8f949e6bab4.jpg,640,640
train,fshoplifting_2_12_132_jpg.rf.d229c3a440184797e49f0431229735a4.jpg,640,640
train,fshoplifting_2_12_138_jpg.rf.eb47eb0cdcf49cbd772c285fd3fe0d35.jpg,640,640
train,fshoplifting_2_12_144_jpg.rf.f23467cba98a83b044708ea74833a364.jpg,640,640
train,fshoplifting_2_12_150_jpg.rf.794937a0a888aa068fd4bc4f60e9b39c.jpg,640,640
train,fshoplifting_2_12_156_jpg.rf.36c40509d51d5995e3ab7eeb887695bc.jpg,640,640
train,fshoplifting_2_12_162_jpg.rf.463979381aefe685b65e8c70ed891610.jpg,640,640
train,fshoplifting_2_12_168_jpg.rf.e5e49e909db46764c5fe337c1db23c6f.jpg,640,640
train,fshoplifting_2_12_174_jpg.rf.60c4ed0aee42930a71e8b5d3b5c7cfdf.jpg,640,640
train,fshoplifting_2_12_186_jpg.rf.ec455f5d904571747e254af6fda69540.jpg,640,640
train,fshoplifting_2_12_192_jpg.rf.2dfa67a7d998a957a44b58ae7932693e.jpg,640,640
train,fshoplifting_2_12_198_jpg.rf.04ab468d9320a16fce45ad1696a76771.jpg,640,640
train,fshoplifting_2_12_204_jpg.rf.f45aa7973dc9c468dc64db7dfe9394cf.jpg,640,640
train,fshoplifting_2_12_210_jpg.rf.5a84f1070b3299ce66dbf46751453aea.jpg,640,640
train,fshoplifting_2_12_216_jpg.rf.e4c3e37d985bbdd29dfc4c60329b409d.jpg,640,640
train,fshoplifting_2_12_222_jpg.rf.6840f89ac6068c922270fed55fbc69d6.jpg,640,640
train,fshoplifting_2_12_234_jpg.rf.91d514475a3d1fbf7c6fcd400afba0cb.jpg,640,640
train,fshoplifting_2_12_240_jpg.rf.50227c8cd761623e4cc6f0d26b343cb7.jpg,640,640
train,fshoplifting_2_12_252_jpg.rf.fd66775b377226f55bc074a2bc26ef4d.jpg,640,640
train,fshoplifting_2_12_258_jpg.rf.b7875a9a6fad7afe2200e676557f2309.jpg,640,640
train,fshoplifting_2_12_276_jpg.rf.1ccd2ef5479443af926b7beb99838495.jpg,640,640
train,fshoplifting_2_12_282_jpg.rf.c07f284d8754e536b9fb1304b4f3d236.jpg,640,640
train,fshoplifting_2_12_288_jpg.rf.6ea9009115ecd1e1d22b9bdb56937e4b.jpg,640,640
train,fshoplifting_2_12_294_jpg.rf.209b5d2f87a313a2ccce13aa2c18c8ea.jpg,640,640
train,fshoplifting_2_12_300_jpg.rf.a08bd9e7f4391fc8c6d9d954bd4ad901.jpg,640,640
train,fshoplifting_2_12_306_jpg.rf.4cc1f070f9ba7d31563f1a701938c167.jpg,640,640
train,fshoplifting_2_12_30_jpg.rf.8b0f09a32447de866f06c554ee1071d8.jpg,640,640
train,fshoplifting_2_12_312_jpg.rf.52ecba870595b96bed008f39882f42ce.jpg,640,640
train,fshoplifting_2_12_318_jpg.rf.469f4b07b23bd677bf4138051c82faa6.jpg,640,640
train,fshoplifting_2_12_324_jpg.rf.dd3f6cfbf829eb81b0d0984fbab802ef.jpg,640,640
train,fshoplifting_2_12_330_jpg.rf.6f7096304fa32c8069ae324bf47e6e18.jpg,640,640
train,fshoplifting_2_12_336_jpg.rf.ae0d83c24d64770c0aa2943fbf0d1268.jpg,640,640
train,fshoplifting_2_12_348_jpg.rf.9d4d7d961484cadd10eb55309581fb99.jpg,640,640
train,fshoplifting_2_12_354_jpg.rf.3429df265bc0e5a0240fa2face760947.jpg,640,640
train,fshoplifting_2_12_42_jpg.rf.8cc5840c54017d6e34636c52765742a3.jpg,640,640
train,fshoplifting_2_12_48_jpg.rf.853db485f5641a80659272d370a7e4ed.jpg,640,640
train,fshoplifting_2_12_54_jpg.rf.5feb359e05974411c3204c2cf11383fb.jpg,640,640
train,fshoplifting_2_12_60_jpg.rf.f2302d2141621993a7714c2f8760203a.jpg,640,640
train,fshoplifting_2_12_66_jpg.rf.bdd789387c5a28a55e271e2e19a3ec6a.jpg,640,640
train,fshoplifting_2_12_6_jpg.rf.a72137b2b6ea64238a50de8ddad35db3.jpg,640,640
train,fshoplifting_2_12_72_jpg.rf.2afe705ec5f4a3975f97d1c65b157628.jpg,640,640
train,fshoplifting_2_12_78_jpg.rf.cd49019fb465d35e87d51f9d884268da.jpg,640,640
train,fshoplifting_2_12_84_jpg.rf.93422f71c714b03598c56278491d8003.jpg,640,640
train,fshoplifting_2_12_90_jpg.rf.ad5c75b9371db44a7f2bcd073943a172.jpg,640,640
train,fshoplifting_2_12_96_jpg.rf.cdf3527920c2c2956da2dd44c6924422.jpg,640,640
train,fshoplifting_2_13_0_jpg.rf.ac99e47d1ed73207c570735254ca54ef.jpg,640,640
train,fshoplifting_2_13_102_jpg.rf.6cd6b543a7190defe4823e83a23b80ac.jpg,640,640
train,fshoplifting_2_13_108_jpg.rf.b85b9468d37ffcc1c2492ca04b818f8a.jpg,640,640
train,fshoplifting_2_13_120_jpg.rf.7c6d3377eb9e067905e29d3e71d5a19c.jpg,640,640
train,fshoplifting_2_13_126_jpg.rf.cdddc51552356b46e55c1ef5c7be2622.jpg,640,640
train,fshoplifting_2_13_12_jpg.rf.97cef64f552c406865931335ab154d68.jpg,640,640
train,fshoplifting_2_13_18_jpg.rf.1df9ee70051f96312238dbca197c0e8d.jpg,640,640
train,fshoplifting_2_13_30_jpg.rf.b4ce1536320340bf8ba733111c7568c8.jpg,640,640
train,fshoplifting_2_13_36_jpg.rf.08aedafdce02fd3046b89bfe51c8ff06.jpg,640,640
train,fshoplifting_2_13_48_jpg.rf.a0a4eeb3c87bfe50f20e0a2bc3bcc60f.jpg,640,640
train,fshoplifting_2_13_54_jpg.rf.5c2d86901cfde5557396f0692b3f1a7b.jpg,640,640
train,fshoplifting_2_13_66_jpg.rf.6e5e6e8a85140fc486d551f12a8f344b.jpg,640,640
train,fshoplifting_2_13_6_jpg.rf.735dec044a8f355dd0fc289a4097bdd4.jpg,640,640
train,fshoplifting_2_13_72_jpg.rf.06390cc8edf38e81495c34e717803a10.jpg,640,640
train,fshoplifting_2_13_78_jpg.rf.91f98bf42d014650d1e6398c21679eea.jpg,640,640
train,fshoplifting_2_13_84_jpg.rf.24fbb063756422bacae6ff0d30a794a4.jpg,640,640
train,fshoplifting_2_13_96_jpg.rf.eb21079ccd4addbcae5ca0a7cd8b0bb0.jpg,640,640
train,fshoplifting_2_14_102_jpg.rf.2ea0e1777bc179a0663d8bff0891dcfd.jpg,640,640
train,fshoplifting_2_14_108_jpg.rf.dcbe5469cafccc15ef6625033cb2f7ec.jpg,640,640
train,fshoplifting_2_14_114_jpg.rf.bb5c6a8ebadf4e95bd5d3410cab95ed5.jpg,640,640
train,fshoplifting_2_14_12_jpg.rf.7e51963aa562bd62a9b78640ee59066f.jpg,640,640
train,fshoplifting_2_14_132_jpg.rf.24eb10e8a821d65b86bf8418e8c3cc64.jpg,640,640
train,fshoplifting_2_14_144_jpg.rf.a69bcb26241319735936440abd1274b4.jpg,640,640
train,fshoplifting_2_14_150_jpg.rf.9d0b236d7e47846f14a4ac9f2c3eff1b.jpg,640,640
train,fshoplifting_2_14_156_jpg.rf.a2035fba09758fa4cb15ac5a9a14b047.jpg,640,640
train,fshoplifting_2_14_168_jpg.rf.38f2c634bc786f4bb0e4b00f8810d468.jpg,640,640
train,fshoplifting_2_14_174_jpg.rf.cca99cd7f8cbdc30d3699ed266f57008.jpg,640,640
train,fshoplifting_2_14_18_jpg.rf.333a409bf987bd17dbafd24260cc628e.jpg,640,640
train,fshoplifting_2_14_198_jpg.rf.b97efe7f3b9c507c1c407569b95a8752.jpg,640,640
train,fshoplifting_2_14_210_jpg.rf.41af11e72a8d593c9e8ecd9e5ea375c1.jpg,640,640
train,fshoplifting_2_14_216_jpg.rf.c8c05c725bdefbca2fd6b0fd4847349d.jpg,640,640
train,fshoplifting_2_14_246_jpg.rf.ae7fce3081b69f7facb738b5167d286c.jpg,640,640
train,fshoplifting_2_14_24_jpg.rf.ebce71b208b7693823b2ab00dc8396af.jpg,640,640
train,fshoplifting_2_14_258_jpg.rf.ed45fa55f5b33725a7980846fdf88e8f.jpg,640,640
train,fshoplifting_2_14_264_jpg.rf.189062d3b86b3a8f6d577f145ddcac44.jpg,640,640
train,fshoplifting_2_14_270_jpg.rf.fd3fba0b84733b1628e45b713fa554bf.jpg,640,640
train,fshoplifting_2_14_276_jpg.rf.70fff9f6e5b7d57f931836c890352e90.jpg,640,640
train,fshoplifting_2_14_282_jpg.rf.ba407e97aa3ee9b526bdfaaf3716185b.jpg,640,640
train,fshoplifting_2_14_288_jpg.rf.f905de67b86943fa26ded290f30e3ee7.jpg,640,640
train,fshoplifting_2_14_300_jpg.rf.3f03f3628789f2cc8bb7984b83d3b7e2.jpg,640,640
train,fshoplifting_2_14_30_jpg.rf.9bb508ed06e296be03b6b473e264d7eb.jpg,640,640
train,fshoplifting_2_14_312_jpg.rf.f4e3e4f24c939e4135a9b005f7b6dcda.jpg,640,640
train,fshoplifting_2_14_318_jpg.rf.18790d0c4c68c4531b5007ec5b455e3e.jpg,640,640
train,fshoplifting_2_14_324_jpg.rf.416fcf93f437fd78cfc291504e5893e2.jpg,640,640
train,fshoplifting_2_14_336_jpg.rf.13982d7642061edec86783a480fa2bef.jpg,640,640
train,fshoplifting_2_14_342_jpg.rf.a94c6771933b78c12bf59b91a1fca861.jpg,640,640
train,fshoplifting_2_14_348_jpg.rf.c2e456fa5d6c6895c7587a88153c498f.jpg,640,640
train,fshoplifting_2_14_360_jpg.rf.b2ef586a21a18eb6984043a9655e3cfc.jpg,640,640
train,fshoplifting_2_14_36_jpg.rf.1fc5e2811367089c4f31f75ec16f9d4b.jpg,640,640
train,fshoplifting_2_14_372_jpg.rf.eb7f2088379356cd0bd086e03e8d50a9.jpg,640,640
train,fshoplifting_2_14_390_jpg.rf.fa610e430cf193354e443e6092599491.jpg,640,640
train,fshoplifting_2_14_408_jpg.rf.0a77d39bd8c6ec409622be0b67222966.jpg,640,640
train,fshoplifting_2_14_42_jpg.rf.ad92e3ab6e812c9660a743a36a4b84eb.jpg,640,640
train,fshoplifting_2_14_48_jpg.rf.b49366b6a750abc705c4267cda87f9ad.jpg,640,640
train,fshoplifting_2_14_54_jpg.rf.1c5ee79750130c3ee430b91eedfdb20e.jpg,640,640
train,fshoplifting_2_14_6_jpg.rf.aa619028747ca6b9be72ca70da7e00d1.jpg,640,640
train,fshoplifting_2_14_78_jpg.rf.652b3aa5b54334c66fcf1be22d77a6b9.jpg,640,640
train,fshoplifting_2_14_84_jpg.rf.23d5232dfaf6a282efe2e3c620455dd7.jpg,640,640
train,fshoplifting_2_14_90_jpg.rf.2bb0d908aedad272342e322bab140de5.jpg,640,640
train,fshoplifting_2_15_AdobeExpress_0_jpg.rf.30522d9bbab164c679e9d4991ac014bd.jpg,640,640
train,fshoplifting_2_15_AdobeExpress_102_jpg.rf.17e36c5994e02676b97be385130cc8e8.jpg,640,640
train,fshoplifting_2_15_AdobeExpress_108_jpg.rf.8e5732bd4177eace096a9172bd6ea8ed.jpg,640,640
train,fshoplifting_2_15_AdobeExpress_114_jpg.rf.ebd4e073c1af428593e765937406708f.jpg,640,640
train,fshoplifting_2_15_AdobeExpress_120_jpg.rf.284f29576543b010e4b7fd64ebebcf33.jpg,640,640
train,fshoplifting_2_15_AdobeExpress_126_jpg.rf.a180f5c8fcade80e534c0442667fbbee.jpg,640,640
train,fshoplifting_2_15_AdobeExpress_12_jpg.rf.cb7d72b0fc684f766b86b3fea4b63aba.jpg,640,640
train,fshoplifting_2_15_AdobeExpress_138_jpg.rf.9154da55f581ba4446915d68e46bffdb.jpg,640,640
train,fshoplifting_2_15_AdobeExpress_144_jpg.rf.eb459c58b516e49539ae054200fff1b2.jpg,640,640
train,fshoplifting_2_15_AdobeExpress_150_jpg.rf.6919b9b7a54fa67105a4bae68f309855.jpg,640,640
train,fshoplifting_2_15_AdobeExpress_156_jpg.rf.6b871a78d7194a9ad752a34679d0e60d.jpg,640,640
train,fshoplifting_2_15_AdobeExpress_162_jpg.rf.63c2382237d0467d2d3697b0b3af141c.jpg,640,640
train,fshoplifting_2_15_AdobeExpress_168_jpg.rf.d7b8eeb327117b91ef2711abb583821b.jpg,640,640
train,fshoplifting_2_15_AdobeExpress_18_jpg.rf.950bb1cc81dbdd83463f608265bdaf7e.jpg,640,640
train,fshoplifting_2_15_AdobeExpress_24_jpg.rf.3bb995b97fdb529189c16217a16f9d42.jpg,640,640
train,fshoplifting_2_15_AdobeExpress_30_jpg.rf.294727e80ce14ce8124496c26130e06c.jpg,640,640
train,fshoplifting_2_15_AdobeExpress_36_jpg.rf.f241f01130c23dfb2020d3b47e852525.jpg,640,640
train,fshoplifting_2_15_AdobeExpress_42_jpg.rf.0d5437daf97f1cc5450c1c507285d35c.jpg,640,640
train,fshoplifting_2_15_AdobeExpress_48_jpg.rf.9d174b722f5d933e584ef78c4df18fb7.jpg,640,640
train,fshoplifting_2_15_AdobeExpress_54_jpg.rf.e067738198cec5b6751da9ec7c3ce6de.jpg,640,640
train,fshoplifting_2_15_AdobeExpress_66_jpg.rf.d9b9d8a037ccf8859927e98d935acca5.jpg,640,640
train,fshoplifting_2_15_AdobeExpress_72_jpg.rf.2542a7e603539afbba9bc01ef9446670.jpg,640,640
train,fshoplifting_2_15_AdobeExpress_84_jpg.rf.1c823a085432452e7b60041a94fe3a96.jpg,640,640
train,fshoplifting_2_15_AdobeExpress_90_jpg.rf.c805c363c4ceee8af5b8c57be2fe2f76.jpg,640,640
train,fshoplifting_2_15_AdobeExpress_96_jpg.rf.a98473032d816571978a007ad7575d74.jpg,640,640
train,fshoplifting_2_18_102_jpg.rf.f8ab6080d3378998b27319a178600ffa.jpg,640,640
train,fshoplifting_2_18_108_jpg.rf.0713664cd6b938dfc82a26b0bb150411.jpg,640,640
train,fshoplifting_2_18_120_jpg.rf.13f55c588d94ea4ac490b1a78180b8ad.jpg,640,640
train,fshoplifting_2_18_138_jpg.rf.f5769636b844a4c8b7ed2a6b6c87920e.jpg,640,640
train,fshoplifting_2_18_144_jpg.rf.ff970515bd2d8f4db44e7c0fa0b5aa15.jpg,640,640
train,fshoplifting_2_18_150_jpg.rf.e6e7d7f7199ec487c70ad8180263644c.jpg,640,640
train,fshoplifting_2_18_162_jpg.rf.9f90f3dd8d517bdba5054829b4067b51.jpg,640,640
train,fshoplifting_2_18_168_jpg.rf.a06cd91fd1ebf736b2b1156d90048d84.jpg,640,640
train,fshoplifting_2_18_174_jpg.rf.54c8454a713f9ec38b3304f7c4d09d80.jpg,640,640
train,fshoplifting_2_18_180_jpg.rf.d0ffe3fdc84fc84b8bed339564757ce2.jpg,640,640
train,fshoplifting_2_18_192_jpg.rf.e444cf4ba9c8102fb621ec6a233fbddb.jpg,640,640
train,fshoplifting_2_18_198_jpg.rf.5a2a64773ac3cd50cbc3c1eb5c23fd87.jpg,640,640
train,fshoplifting_2_18_210_jpg.rf.40a579c4cf0dc2b16a3b4e4cb5e63614.jpg,640,640
train,fshoplifting_2_18_216_jpg.rf.2976e3c7bcf47e7daebebf22a70039b7.jpg,640,640
train,fshoplifting_2_18_222_jpg.rf.337545208d201195d225f00ff99e8329.jpg,640,640
train,fshoplifting_2_18_24_jpg.rf.3bbe0110fae84c61b1803a440c7d6142.jpg,640,640
train,fshoplifting_2_18_30_jpg.rf.1e97d82673891c3f2f579a9dd9eaf6cb.jpg,640,640
train,fshoplifting_2_18_36_jpg.rf.2e3034c0650c086a04926a73101ee4ca.jpg,640,640
train,fshoplifting_2_18_42_jpg.rf.7ce1db32d077117798135e9b42135ab4.jpg,640,640
train,fshoplifting_2_18_48_jpg.rf.004ac28a87b71b39809ba19c4e9be12f.jpg,640,640
train,fshoplifting_2_18_54_jpg.rf.d7d0f750e800369f52aca45b85bd3b01.jpg,640,640
train,fshoplifting_2_18_60_jpg.rf.6265b94340d39bb4ab207f212c16a7a3.jpg,640,640
train,fshoplifting_2_18_66_jpg.rf.2c4ab3e989be4eea4fcc5157efd4dc19.jpg,640,640
train,fshoplifting_2_18_6_jpg.rf.a0d23c3a02eb74388f784de4b27c8c75.jpg,640,640
train,fshoplifting_2_18_96_jpg.rf.30519e4773eb5625905daf37b8b07d65.jpg,640,640
train,fshoplifting_2_19_AdobeExpress_0_jpg.rf.e8bb1b637e23c80eeb3c76f7648d3209.jpg,640,640
train,fshoplifting_2_19_AdobeExpress_102_jpg.rf.04307500ac9d721d58c3f1570bf8c844.jpg,640,640
train,fshoplifting_2_19_AdobeExpress_120_jpg.rf.121a57c3476beeff5061876fb762a0b7.jpg,640,640
train,fshoplifting_2_19_AdobeExpress_12_jpg.rf.ba2ae1686328158bce20baaa1b10cc72.jpg,640,640
train,fshoplifting_2_19_AdobeExpress_132_jpg.rf.1e4dda3da65de30d60fd91ef94a7fc95.jpg,640,640
train,fshoplifting_2_19_AdobeExpress_138_jpg.rf.a9a26ab8f75b9b356dfccd20fde215d6.jpg,640,640
train,fshoplifting_2_19_AdobeExpress_144_jpg.rf.d33d7aa9fe6fcc7f16268b923b50ab0e.jpg,640,640
train,fshoplifting_2_19_AdobeExpress_168_jpg.rf.6ede58a6cc4d2283839d9cb6549a1884.jpg,640,640
train,fshoplifting_2_19_AdobeExpress_174_jpg.rf.ff3d8c5e833cfa1af0af399ed7e3f368.jpg,640,640
train,fshoplifting_2_19_AdobeExpress_180_jpg.rf.3f51b52dbf4042b4c8d3611dd943defd.jpg,640,640
train,fshoplifting_2_19_AdobeExpress_186_jpg.rf.e6bdb2aca4baf3c32da4c5853536980a.jpg,640,640
train,fshoplifting_2_19_AdobeExpress_18_jpg.rf.a2282682b81b8c3b33459efda8b88dc4.jpg,640,640
train,fshoplifting_2_19_AdobeExpress_204_jpg.rf.b14bab3e714d11014355fd52af1e22ef.jpg,640,640
train,fshoplifting_2_19_AdobeExpress_210_jpg.rf.4c1256bf608d8883aeb1c88a2e93c4e2.jpg,640,640
train,fshoplifting_2_19_AdobeExpress_216_jpg.rf.22a74d2e7ddefa9f5c6952d7104a9b8d.jpg,640,640
train,fshoplifting_2_19_AdobeExpress_222_jpg.rf.251b9655ada9c93a6aa39ee8abd89c05.jpg,640,640
train,fshoplifting_2_19_AdobeExpress_228_jpg.rf.b14e0210fbd84f4383ac036a7fb907cc.jpg,640,640
train,fshoplifting_2_19_AdobeExpress_234_jpg.rf.232bc429080fea8ec808b9215fb33a3c.jpg,640,640
train,fshoplifting_2_19_AdobeExpress_240_jpg.rf.c4e3b106fd17521bd79f4e0c1014d8fa.jpg,640,640
train,fshoplifting_2_19_AdobeExpress_246_jpg.rf.704657f9946458caf1bc252a5f99086b.jpg,640,640
train,fshoplifting_2_19_AdobeExpress_252_jpg.rf.7ac87d5317cacb2eec72620a1ad3ad3c.jpg,640,640
train,fshoplifting_2_19_AdobeExpress_258_jpg.rf.c13c26d8692d1bb744f09201419052c9.jpg,640,640
train,fshoplifting_2_19_AdobeExpress_264_jpg.rf.55a543e73f281b5a92263011521e168d.jpg,640,640
train,fshoplifting_2_19_AdobeExpress_270_jpg.rf.59950eed09df0943281833bb2ab60cb9.jpg,640,640
train,fshoplifting_2_19_AdobeExpress_276_jpg.rf.383dd0cf074e98ca0ab2f4d15b4b6ecf.jpg,640,640
train,fshoplifting_2_19_AdobeExpress_288_jpg.rf.f8f5db3f8f9ebd749914f688479e6444.jpg,640,640
train,fshoplifting_2_19_AdobeExpress_294_jpg.rf.b1fea5f16a17ed1e3f71524d27276328.jpg,640,640
train,fshoplifting_2_19_AdobeExpress_300_jpg.rf.b9249a4f50111efca4cf14e48d212905.jpg,640,640
train,fshoplifting_2_19_AdobeExpress_306_jpg.rf.f22d663f840933c68910d9f554da7c11.jpg,640,640
train,fshoplifting_2_19_AdobeExpress_318_jpg.rf.26de18d306c2bd6174015f78da824d24.jpg,640,640
train,fshoplifting_2_19_AdobeExpress_42_jpg.rf.f334c86cf395cd4dba28e5478be615a4.jpg,640,640
train,fshoplifting_2_19_AdobeExpress_48_jpg.rf.c37457816bfd694735d4cf6daa864984.jpg,640,640
train,fshoplifting_2_19_AdobeExpress_66_jpg.rf.b705c31f5cca3645f2a470ec34ce4e50.jpg,640,640
train,fshoplifting_2_19_AdobeExpress_6_jpg.rf.a0815d463183327dbdc694c7b9d6b1f0.jpg,640,640
train,fshoplifting_2_19_AdobeExpress_72_jpg.rf.2c8c54ed69c0d54e4508ee311e30c1a0.jpg,640,640
train,fshoplifting_2_19_AdobeExpress_78_jpg.rf.84fa39cb32e27fc57f22fc9ecf669c0d.jpg,640,640
train,fshoplifting_2_19_AdobeExpress_84_jpg.rf.81069340eca1446c9c5339be9ee1cdc0.jpg,640,640
train,fshoplifting_2_19_AdobeExpress_90_jpg.rf.86c90198c37262f59207791a683f0953.jpg,640,640
train,fshoplifting_2_19_AdobeExpress_96_jpg.rf.5d89b5f48a23902d59a6b114af43fb45.jpg,640,640
train,fshoplifting_2_20_0_jpg.rf.df0ad4f492e89229e855c025f2ef2b56.jpg,640,640
train,fshoplifting_2_20_1002_jpg.rf.96c41a25595e9c677b5e79d4a71ba72c.jpg,640,640
train,fshoplifting_2_20_1014_jpg.rf.615f9dfddab8fb089ef4102160b896e9.jpg,640,640
train,fshoplifting_2_20_1020_jpg.rf.de90d1b8a2937056adae57ec698ba039.jpg,640,640
train,fshoplifting_2_20_102_jpg.rf.91906a4cf0b3e82c5f670c8a937f61d2.jpg,640,640
train,fshoplifting_2_20_1044_jpg.rf.3cb6883608862be6f3f54e9dff8f0053.jpg,640,640
train,fshoplifting_2_20_1050_jpg.rf.ac329167118e57f95c3f21a21da7cb54.jpg,640,640
train,fshoplifting_2_20_1062_jpg.rf.94592b53c61bf0975f26c8b51b367885.jpg,640,640
train,fshoplifting_2_20_1068_jpg.rf.af21d46513a139175b3b2378c2f9283b.jpg,640,640
train,fshoplifting_2_20_1074_jpg.rf.b05ea6b292e99dcaf3c3781d4cd06b05.jpg,640,640
train,fshoplifting_2_20_1080_jpg.rf.d65997314ff108f026155db7fa03749a.jpg,640,640
train,fshoplifting_2_20_1086_jpg.rf.cecb08483eeec86763f8e1c86ba2c0c6.jpg,640,640
train,fshoplifting_2_20_108_jpg.rf.3047f61b9ceffede56f33dbb427c6a87.jpg,640,640
train,fshoplifting_2_20_1092_jpg.rf.54f5bfbf1a93ff021bd0ef12130776a1.jpg,640,640
train,fshoplifting_2_20_1098_jpg.rf.693bfa83ac52522cc60acb41753dbd38.jpg,640,640
train,fshoplifting_2_20_1104_jpg.rf.6b089c8389df24329290b3e66b28e314.jpg,640,640
train,fshoplifting_2_20_1116_jpg.rf.dc85fa0efa5b8fe408261a080252876c.jpg,640,640
train,fshoplifting_2_20_1122_jpg.rf.fc655946ea4b72c9e4abb7641cfb371c.jpg,640,640
train,fshoplifting_2_20_1134_jpg.rf.4dc54f10dd775ff18891bf12f8b66c6f.jpg,640,640
train,fshoplifting_2_20_1140_jpg.rf.089495c25e5c47d315efb6a7e0eaf4e9.jpg,640,640
train,fshoplifting_2_20_1146_jpg.rf.32f696d0b35e68311579e792f189d088.jpg,640,640
train,fshoplifting_2_20_1152_jpg.rf.d4d85f7cb87db39bbbc6601f49613e2d.jpg,640,640
train,fshoplifting_2_20_1164_jpg.rf.085ac0fd97720dbf743e8a5354f7fbfc.jpg,640,640
train,fshoplifting_2_20_1170_jpg.rf.2ce068724012951ff5d51377fff9b5cb.jpg,640,640
train,fshoplifting_2_20_1176_jpg.rf.747496ac870ebaa1ee6c590981d8c238.jpg,640,640
train,fshoplifting_2_20_1182_jpg.rf.86d576b24cb6e358df52e15a12c63bcc.jpg,640,640
train,fshoplifting_2_20_1188_jpg.rf.b8f53e3d3b4349053c2f4c662f3c0dab.jpg,640,640
train,fshoplifting_2_20_1200_jpg.rf.f4758b86ba93ff1178ab04db5b892ebb.jpg,640,640
train,fshoplifting_2_20_1206_jpg.rf.92f8acd3c3536a520554af5ec666d490.jpg,640,640
train,fshoplifting_2_20_120_jpg.rf.43af02d868ef3a957dbd2413df87e15a.jpg,640,640
train,fshoplifting_2_20_1212_jpg.rf.b4ed0bf95f7567566a162975e6503f5c.jpg,640,640
train,fshoplifting_2_20_1218_jpg.rf.c66dfc6ae9e88065b9bc234b4ee8d192.jpg,640,640
train,fshoplifting_2_20_1224_jpg.rf.09e1afd45453b7c92c328156232b663c.jpg,640,640
train,fshoplifting_2_20_1230_jpg.rf.599115fc7121be089296e4939ee28986.jpg,640,640
train,fshoplifting_2_20_1236_jpg.rf.0cdc3e0cd84a5506b0489172f5f763f5.jpg,640,640
train,fshoplifting_2_20_1242_jpg.rf.fd07d9394799263a321e103bfc04a43b.jpg,640,640
train,fshoplifting_2_20_1248_jpg.rf.ac4ac6e35e33816ef5c8b5b2632da02a.jpg,640,640
train,fshoplifting_2_20_1254_jpg.rf.c36d93fcd4a666d1ed7d9de3119ef1b2.jpg,640,640
train,fshoplifting_2_20_1260_jpg.rf.23c36b754c54675f9663d2a4a0e6cd9e.jpg,640,640
train,fshoplifting_2_20_126_jpg.rf.39440900c17180cdaaba4651a606e911.jpg,640,640
train,fshoplifting_2_20_1272_jpg.rf.3d9656fad847871fd2dfd9f41545cd1f.jpg,640,640
train,fshoplifting_2_20_1284_jpg.rf.eda14cc75cf9e271db244060d6a2289d.jpg,640,640
train,fshoplifting_2_20_1290_jpg.rf.db18969680106314429bf0faaa779df4.jpg,640,640
train,fshoplifting_2_20_1296_jpg.rf.20f3fed1f799a804e6ebecbee257e39f.jpg,640,640
train,fshoplifting_2_20_1308_jpg.rf.2753b881018f75ffd68e839614c28aa1.jpg,640,640
train,fshoplifting_2_20_1314_jpg.rf.d3a20a7be1b608e9ed9e722b142fb0d9.jpg,640,640
train,fshoplifting_2_20_1320_jpg.rf.cb52db194c89a4c9abf734da6e2b2006.jpg,640,640
train,fshoplifting_2_20_132_jpg.rf.11812e9585bde5169fc4414ba2cd07b0.jpg,640,640
train,fshoplifting_2_20_1338_jpg.rf.ae820e6d41f9e773d7085161d447d642.jpg,640,640
train,fshoplifting_2_20_1344_jpg.rf.b9f34649c4d46ebadb38c3f83cf29a2e.jpg,640,640
train,fshoplifting_2_20_1362_jpg.rf.8afde796641feaccc0ee083a2260c510.jpg,640,640
train,fshoplifting_2_20_1374_jpg.rf.7344a84767b5ce861768fd7a4fc785f2.jpg,640,640
train,fshoplifting_2_20_1380_jpg.rf.474b0d8997ce065135f1fbc219702dca.jpg,640,640
train,fshoplifting_2_20_1386_jpg.rf.2ac03cde914d9abb182019901714901e.jpg,640,640
train,fshoplifting_2_20_1392_jpg.rf.5a12d0b6b06291eef3c8fdf64d61aea3.jpg,640,640
train,fshoplifting_2_20_1398_jpg.rf.f8fe6b27357f33c7d87b25d279903f86.jpg,640,640
train,fshoplifting_2_20_1404_jpg.rf.1718057e7fd4def5669865fdbc72a44e.jpg,640,640
train,fshoplifting_2_20_1410_jpg.rf.2b8970d0a11483a1f937828937a8959c.jpg,640,640
train,fshoplifting_2_20_1416_jpg.rf.78f518cc36fe41130ffd99f28f980e2c.jpg,640,640
train,fshoplifting_2_20_1422_jpg.rf.abd24208205bf05d225bfeac154e64fe.jpg,640,640
train,fshoplifting_2_20_1428_jpg.rf.b72da33d1f1c1827045cfff89b0173d0.jpg,640,640
train,fshoplifting_2_20_1434_jpg.rf.b957528a7339561bb9875b90c1f2e6cb.jpg,640,640
train,fshoplifting_2_20_1440_jpg.rf.c13379cb0e32524a5a213a4df46a0ac6.jpg,640,640
train,fshoplifting_2_20_144_jpg.rf.dc45a9341b46049b273d5996b32e9c0e.jpg,640,640
train,fshoplifting_2_20_1452_jpg.rf.e914d0d9c0710c39be3aa48e6849bb01.jpg,640,640
train,fshoplifting_2_20_1458_jpg.rf.dfef34ba8315924a33a8e221c0a45986.jpg,640,640
train,fshoplifting_2_20_1482_jpg.rf.b520ca73ea30a8a6c8d6bcc6df6b12d4.jpg,640,640
train,fshoplifting_2_20_1488_jpg.rf.9418d680ed46d7fefc198e49feba41a2.jpg,640,640
train,fshoplifting_2_20_1494_jpg.rf.50da1c8f7db5aa785895422e8815170b.jpg,640,640
train,fshoplifting_2_20_1500_jpg.rf.c9117b07d994e70be731636ccb541961.jpg,640,640
train,fshoplifting_2_20_1512_jpg.rf.930ae50525650dcba6e4058efb21cbf9.jpg,640,640
train,fshoplifting_2_20_1518_jpg.rf.25e8f6aef690c66f44652668d0616a35.jpg,640,640
train,fshoplifting_2_20_1530_jpg.rf.b97fb3414042333998b4c7f3bec6c4a3.jpg,640,640
train,fshoplifting_2_20_1542_jpg.rf.026f129c2e7a826d36586597b9e05195.jpg,640,640
train,fshoplifting_2_20_1554_jpg.rf.6ffe5ba18186e9b0cb476564a1b92e2a.jpg,640,640
train,fshoplifting_2_20_1560_jpg.rf.4d4d83ddf5939d581f61ef7f2fc486cf.jpg,640,640
train,fshoplifting_2_20_156_jpg.rf.fe3130c2d67b5453ba1fa717feedc416.jpg,640,640
train,fshoplifting_2_20_162_jpg.rf.331d8f35d8c97e38df4309006d674913.jpg,640,640
train,fshoplifting_2_20_174_jpg.rf.569431a1f42f6a9af2e006f4d4bbf37d.jpg,640,640
train,fshoplifting_2_20_180_jpg.rf.7504282975d9fbae4f812b8a3a9555f5.jpg,640,640
train,fshoplifting_2_20_186_jpg.rf.c40b660e33dba29fa3e161a32c4a1031.jpg,640,640
train,fshoplifting_2_20_18_jpg.rf.bd1c8ef72c6d82cce9ddc4212487189f.jpg,640,640
train,fshoplifting_2_20_192_jpg.rf.c113a7b19bec5683edd488180a230c27.jpg,640,640
train,fshoplifting_2_20_204_jpg.rf.e2e92bc2dbbc2a28109f0697e5cb8bfb.jpg,640,640
train,fshoplifting_2_20_210_jpg.rf.f65fc7b212f6fb980f713ee637f72314.jpg,640,640
train,fshoplifting_2_20_216_jpg.rf.56d072f0d92060c41796f3a9443cd5fb.jpg,640,640
train,fshoplifting_2_20_222_jpg.rf.bc5aa34a332a3071113df3ac7b760767.jpg,640,640
train,fshoplifting_2_20_234_jpg.rf.643a8da2c995dd805abcfa49ce77b816.jpg,640,640
train,fshoplifting_2_20_246_jpg.rf.3c6f99ea0b0dd55d5dfe7888dc856557.jpg,640,640
train,fshoplifting_2_20_24_jpg.rf.80ffd919f1195e2219e61e41cf40bda8.jpg,640,640
train,fshoplifting_2_20_252_jpg.rf.79511f43270bcca66a6753bffcadec93.jpg,640,640
train,fshoplifting_2_20_258_jpg.rf.76c1d48aa65361e344eb3ddb57482c4f.jpg,640,640
train,fshoplifting_2_20_264_jpg.rf.46b2c5be6722353dbb1a9952a2596c39.jpg,640,640
train,fshoplifting_2_20_270_jpg.rf.8cd0246243b24ce2b104a32310ba05a5.jpg,640,640
train,fshoplifting_2_20_276_jpg.rf.2fbcfcc598c949e7f1d37a4be0c0d800.jpg,640,640
train,fshoplifting_2_20_318_jpg.rf.d6a16ddcf761925623b378665b7567f1.jpg,640,640
train,fshoplifting_2_20_324_jpg.rf.8d4cf93ebb3336a96fa6b4753db06eaa.jpg,640,640
train,fshoplifting_2_20_330_jpg.rf.096deb89daa1435a41f76ed26f5a3f73.jpg,640,640
train,fshoplifting_2_20_336_jpg.rf.d32272f143e976f1cd7661480d26da86.jpg,640,640
train,fshoplifting_2_20_342_jpg.rf.772d696d5c7989e99c60dc1d1253e559.jpg,640,640
train,fshoplifting_2_20_366_jpg.rf.96baee66ed51ef76113ff430fa1d49e5.jpg,640,640
train,fshoplifting_2_20_36_jpg.rf.1903042d7b4db19dc47397a524bc0818.jpg,640,640
train,fshoplifting_2_20_372_jpg.rf.b59842f2f75be8999d04ed8f5ddf2a6c.jpg,640,640
train,fshoplifting_2_20_378_jpg.rf.fe4de2019925bc0a3f9138a3e553f45b.jpg,640,640
train,fshoplifting_2_20_384_jpg.rf.bd7992b7fb1696b3a62ac2e034f05e10.jpg,640,640
train,fshoplifting_2_20_390_jpg.rf.2a2e921f3454ac5d08cc650253121132.jpg,640,640
train,fshoplifting_2_20_396_jpg.rf.04e6812448963f06b57140656793d87c.jpg,640,640
train,fshoplifting_2_20_402_jpg.rf.cc8d6448b5a7a34e3035f859205a7cf0.jpg,640,640
train,fshoplifting_2_20_414_jpg.rf.461d4b45af3acc8396af9bd612458935.jpg,640,640
train,fshoplifting_2_20_426_jpg.rf.f9ad7da5ab63a15e372c5f1c8a12cc27.jpg,640,640
train,fshoplifting_2_20_42_jpg.rf.25211a601304ae7f611baa7f51cc5442.jpg,640,640
train,fshoplifting_2_20_444_jpg.rf.deeef9bd62b7df86f6c8ecf405fc9f2d.jpg,640,640
train,fshoplifting_2_20_468_jpg.rf.5b36592f1b8b583b3f9ef51e392f00c0.jpg,640,640
train,fshoplifting_2_20_492_jpg.rf.fbd12d3723165f40523d06b3bdfa0e30.jpg,640,640
train,fshoplifting_2_20_504_jpg.rf.2a1daead1afdf5d0856cd2c1f5b2aef5.jpg,640,640
train,fshoplifting_2_20_522_jpg.rf.f55aa108c97e75e5761c04fdd14904bf.jpg,640,640
train,fshoplifting_2_20_528_jpg.rf.6bd76424205b41eaed70b17144b260c0.jpg,640,640
train,fshoplifting_2_20_534_jpg.rf.056ac421a727fff8eeb0de4d5e8c8275.jpg,640,640
train,fshoplifting_2_20_540_jpg.rf.6b2cf48c3ab1717ac6db9ead2fbbba5f.jpg,640,640
train,fshoplifting_2_20_546_jpg.rf.02c12159119cee26d0a7e3ff006c6644.jpg,640,640
train,fshoplifting_2_20_54_jpg.rf.be9a955ce8d465187aed167bb188ed46.jpg,640,640
train,fshoplifting_2_20_552_jpg.rf.fcec755892abe056cb7eeb39c2476154.jpg,640,640
train,fshoplifting_2_20_558_jpg.rf.881e761790c2c281b71d0be12f00b614.jpg,640,640
train,fshoplifting_2_20_564_jpg.rf.839271e395badd033f69a449e922d353.jpg,640,640
train,fshoplifting_2_20_570_jpg.rf.880b993c79638420ef22bead39f13a5e.jpg,640,640
train,fshoplifting_2_20_576_jpg.rf.6d0c671510e6d8f5137ff7ca356e0620.jpg,640,640
train,fshoplifting_2_20_582_jpg.rf.205aed8734841738e7a21c4613cecf7b.jpg,640,640
train,fshoplifting_2_20_600_jpg.rf.40754033407891c9c0be85845adaff24.jpg,640,640
train,fshoplifting_2_20_606_jpg.rf.d0d2b7a51377fb531584f6cf1ea18283.jpg,640,640
train,fshoplifting_2_20_618_jpg.rf.3c2ce7045a7dd6710f52e809d323dd2e.jpg,640,640
train,fshoplifting_2_20_624_jpg.rf.b0e707222133218bcb99cfaf5d633261.jpg,640,640
train,fshoplifting_2_20_630_jpg.rf.fee73a484b8a21f05249f04fa5001ecb.jpg,640,640
train,fshoplifting_2_20_636_jpg.rf.c0e2e26a8443a4729b7eaeac1391f02d.jpg,640,640
train,fshoplifting_2_20_642_jpg.rf.5a93184064c23fc79875d56312a7f087.jpg,640,640
train,fshoplifting_2_20_648_jpg.rf.7d7e7dcc9ee97f038bd43d1f30674542.jpg,640,640
train,fshoplifting_2_20_654_jpg.rf.29304570cac9cc77c8ef04032919eab7.jpg,640,640
train,fshoplifting_2_20_666_jpg.rf.a6f4beff658e7375362317ed9ecf614a.jpg,640,640
train,fshoplifting_2_20_66_jpg.rf.ed9d8789de9b1af163e130ad8ab86ccb.jpg,640,640
train,fshoplifting_2_20_672_jpg.rf.4f9663b883433fc4572870efce718e1b.jpg,640,640
train,fshoplifting_2_20_684_jpg.rf.d501490c503e07593d20d95fbd6469f4.jpg,640,640
train,fshoplifting_2_20_696_jpg.rf.499bf42ad4d4c2bdcfd6e994fc4bf503.jpg,640,640
train,fshoplifting_2_20_6_jpg.rf.4b69b34caa283cce822f2b83533884d8.jpg,640,640
train,fshoplifting_2_20_702_jpg.rf.4a07b169f9bfd995cbffde841d111e40.jpg,640,640
train,fshoplifting_2_20_708_jpg.rf.d22208a5664aeb45c3a58348f9337d97.jpg,640,640
train,fshoplifting_2_20_720_jpg.rf.95d633e3a712ea1c0ef56ad37fdd6aa8.jpg,640,640
train,fshoplifting_2_20_72_jpg.rf.db56c875e54737027a0b0075474daf07.jpg,640,640
train,fshoplifting_2_20_732_jpg.rf.8d2842ab1b98e5cf04243e753820cce1.jpg,640,640
train,fshoplifting_2_20_738_jpg.rf.d06eb331751b579c2a1ca55c37ff3929.jpg,640,640
train,fshoplifting_2_20_744_jpg.rf.f91e5c5f7960d82ec46c622479edf67b.jpg,640,640
train,fshoplifting_2_20_750_jpg.rf.35d5f7cc4250ff3a9e802a2eab8233ed.jpg,640,640
train,fshoplifting_2_20_756_jpg.rf.363bd0e89ad48413bf1dfd774416e8ba.jpg,640,640
train,fshoplifting_2_20_768_jpg.rf.b04f70ab3507ca71a78eea390638e771.jpg,640,640
train,fshoplifting_2_20_774_jpg.rf.515a130f99795f1252f56b4a3468a32e.jpg,640,640
train,fshoplifting_2_20_792_jpg.rf.68c6d54d2484cadf3bf5eac811e7b813.jpg,640,640
train,fshoplifting_2_20_804_jpg.rf.c24dcc8bd0c675f37a87c986808720d4.jpg,640,640
train,fshoplifting_2_20_816_jpg.rf.bd04523689af1ca14cbb6b5c52a34707.jpg,640,640
train,fshoplifting_2_20_822_jpg.rf.cdbf3002831b1cfa6d09e7c2683bfa9b.jpg,640,640
train,fshoplifting_2_20_828_jpg.rf.e9b1f5d8161eb26ac6aaebd461d06c6f.jpg,640,640
train,fshoplifting_2_20_834_jpg.rf.4107ad885394ec9a9612cddf93cb0264.jpg,640,640
train,fshoplifting_2_20_846_jpg.rf.040d3287a0abb2ae65ed527b8cc8488d.jpg,640,640
train,fshoplifting_2_20_84_jpg.rf.27e01846a8663f42f84445c91b854e28.jpg,640,640
train,fshoplifting_2_20_852_jpg.rf.fef0e114b47b0dfcf0a385ba18210fb2.jpg,640,640
train,fshoplifting_2_20_870_jpg.rf.ee91928e7c6098d1f2bfff799b3c1472.jpg,640,640
train,fshoplifting_2_20_876_jpg.rf.779db5b18acd10c4b10cfd9fe9234475.jpg,640,640
train,fshoplifting_2_20_888_jpg.rf.065947f1c56afc8f410952a0a9518e69.jpg,640,640
train,fshoplifting_2_20_900_jpg.rf.8ec1810aedbf234e7f88bea75e5e8fc7.jpg,640,640
train,fshoplifting_2_20_906_jpg.rf.c93eced0014c32630be11c58fbc8d5b1.jpg,640,640
train,fshoplifting_2_20_918_jpg.rf.35f43c62f0a11f75cded977afff7f26a.jpg,640,640
train,fshoplifting_2_20_924_jpg.rf.07d92f0169cc5ac8646ba44333394c62.jpg,640,640
train,fshoplifting_2_20_930_jpg.rf.f3855d61ec378180316fed57f6680788.jpg,640,640
train,fshoplifting_2_20_936_jpg.rf.c16502dfff2ecd04875edb569a6a7641.jpg,640,640
train,fshoplifting_2_20_942_jpg.rf.8030c4f42545edfa0b6ca81ee61f0e23.jpg,640,640
train,fshoplifting_2_20_948_jpg.rf.9b397d532acf307a5e622dee967d05a4.jpg,640,640
train,fshoplifting_2_20_966_jpg.rf.ad1ad286fabbc1eebfbad743ab602551.jpg,640,640
train,fshoplifting_2_20_96_jpg.rf.bc23615c8eab031414994b022647a0b7.jpg,640,640
train,fshoplifting_2_20_972_jpg.rf.2a353ed476d8f5a88c62889d0a90a15f.jpg,640,640
train,fshoplifting_2_20_978_jpg.rf.1bd4d332f1cb2d020a211608eda85a07.jpg,640,640
train,fshoplifting_2_20_984_jpg.rf.6ae1b5c6b99642324741007dc65e9489.jpg,640,640
train,fshoplifting_2_20_990_jpg.rf.dd5d295e10d42b12d3e01c2912f7fdca.jpg,640,640
train,fshoplifting_2_20_996_jpg.rf.0f05764a9d68cc8ffad67d06b564770e.jpg,640,640
train,fshoplifting_2_21_AdobeExpress_0_jpg.rf.72b2973d44c43060558b1e860c51da36.jpg,640,640
train,fshoplifting_2_23_0_jpg.rf.dc90916d9d58ce3dd14c633a71e047a6.jpg,640,640
train,fshoplifting_2_23_1002_jpg.rf.af23f2d04bf3b3ad96d3bde182ae1600.jpg,640,640
train,fshoplifting_2_23_1008_jpg.rf.a505495e3b379f064dd56442f649052f.jpg,640,640
train,fshoplifting_2_23_1014_jpg.rf.df7018c8446feed1af3e11ea16966d30.jpg,640,640
train,fshoplifting_2_23_1026_jpg.rf.7470336cc304037d4d467d5b27b18e68.jpg,640,640
train,fshoplifting_2_23_1032_jpg.rf.4d6be955cc04d0d1b81acc3ec6dae5d0.jpg,640,640
train,fshoplifting_2_23_1038_jpg.rf.91742323a18d147c56524d2accfb3a12.jpg,640,640
train,fshoplifting_2_23_1044_jpg.rf.589b2d07771d071fea4b71f07dc5f37b.jpg,640,640
train,fshoplifting_2_23_1050_jpg.rf.10132025325d32c1a4301f7a5bc5c863.jpg,640,640
train,fshoplifting_2_23_1056_jpg.rf.58a1d1448ec8485461be2de90097c210.jpg,640,640
train,fshoplifting_2_23_1068_jpg.rf.a833d22d079a0a9de88a8de70fb079c0.jpg,640,640
train,fshoplifting_2_23_1074_jpg.rf.ec3f03a9213f4770034f0ece5cbdb307.jpg,640,640
train,fshoplifting_2_23_108_jpg.rf.d24e6d153da3ebccf038730af4ca1849.jpg,640,640
train,fshoplifting_2_23_114_jpg.rf.0e7d342b6b6380bf4bcf8c23d9fa3956.jpg,640,640
train,fshoplifting_2_23_12_jpg.rf.ca350ede8ba279671dcffec8252fa7ff.jpg,640,640
train,fshoplifting_2_23_138_jpg.rf.67ad6387a0cabed678b19f44ae4152a3.jpg,640,640
train,fshoplifting_2_23_144_jpg.rf.4e1737bf13c14ed2bef7abe8d788a35c.jpg,640,640
train,fshoplifting_2_23_156_jpg.rf.3c4df13be60985cf4183544ee77d9a2b.jpg,640,640
train,fshoplifting_2_23_168_jpg.rf.2e1418a9e0d93db6e9f908ee5165a66f.jpg,640,640
train,fshoplifting_2_23_180_jpg.rf.b775bc9c5fdb2123ca7859f4cfcc1b61.jpg,640,640
train,fshoplifting_2_23_186_jpg.rf.92c6b92f8ea66597e94c18caf591cbd2.jpg,640,640
train,fshoplifting_2_23_18_jpg.rf.2c07168bdc36b1d5c498fd152195e054.jpg,640,640
train,fshoplifting_2_23_198_jpg.rf.24d885fd9ccb72b4115452260445e5d1.jpg,640,640
train,fshoplifting_2_23_204_jpg.rf.248e78ea73ce35d16a39fa3f3114ecef.jpg,640,640
train,fshoplifting_2_23_234_jpg.rf.69515aaeb0b69c37bf485b1516731fe4.jpg,640,640
train,fshoplifting_2_23_240_jpg.rf.8736288ed8e6c28fa73d4a0b2a165724.jpg,640,640
train,fshoplifting_2_23_246_jpg.rf.c9d70408e1391a6f52b542399aec663f.jpg,640,640
train,fshoplifting_2_23_252_jpg.rf.40bea90d7318fe8bb7d5872ad5825f7f.jpg,640,640
train,fshoplifting_2_23_264_jpg.rf.a252ed529820186b3b8f9f28ef657635.jpg,640,640
train,fshoplifting_2_23_276_jpg.rf.9fc428daac78903678808374231422a0.jpg,640,640
train,fshoplifting_2_23_282_jpg.rf.4611e7feb9f852fa5b8a110d7cd7ecb5.jpg,640,640
train,fshoplifting_2_23_30_jpg.rf.c6959e431447dc24ab0806025f10eb88.jpg,640,640
train,fshoplifting_2_23_312_jpg.rf.e0c227d5340f74a352a11bdfccff369c.jpg,640,640
train,fshoplifting_2_23_318_jpg.rf.794d893c6d9ee6fde6c879a9c76e042e.jpg,640,640
train,fshoplifting_2_23_324_jpg.rf.d660603a244b818223c80ded653189ac.jpg,640,640
train,fshoplifting_2_23_330_jpg.rf.15e5d92efdfb490c7f1b8cef4435b9d0.jpg,640,640
train,fshoplifting_2_23_336_jpg.rf.2c52260819140a3295cf8bd492e217d8.jpg,640,640
train,fshoplifting_2_23_342_jpg.rf.9e38dfe573b64742fbe6b7bce59a4e03.jpg,640,640
train,fshoplifting_2_23_348_jpg.rf.b97471f9ea5d423d577c3e89c0766728.jpg,640,640
train,fshoplifting_2_23_360_jpg.rf.a54b0ce980f2b6d6b7eef02b86175b18.jpg,640,640
train,fshoplifting_2_23_366_jpg.rf.d384767aac0f4d4a57ca09da4051df98.jpg,640,640
train,fshoplifting_2_23_36_jpg.rf.3a091a2f98e4c323bef8fadbd8f4060f.jpg,640,640
train,fshoplifting_2_23_384_jpg.rf.3b719e1be96814330ccef043dd0b8022.jpg,640,640
train,fshoplifting_2_23_396_jpg.rf.4fe4b8439754a9291da5c3b3f8279970.jpg,640,640
train,fshoplifting_2_23_402_jpg.rf.393abdce4a3e0f87441b5c0af7bc473a.jpg,640,640
train,fshoplifting_2_23_414_jpg.rf.daa322b2719c5a56193551e5bf5738f4.jpg,640,640
train,fshoplifting_2_23_420_jpg.rf.129ca3098794efb22f586f7751070011.jpg,640,640
train,fshoplifting_2_23_42_jpg.rf.7165a1d21197de4d63268d0e6c8fa972.jpg,640,640
train,fshoplifting_2_23_438_jpg.rf.d139bb1b508dce289a04f40ddf3546a7.jpg,640,640
train,fshoplifting_2_23_444_jpg.rf.14f66280cbb08aa27265c9b835d1f96b.jpg,640,640
train,fshoplifting_2_23_450_jpg.rf.2bb99cdeb2ba08e4cb278c96c40f1cfe.jpg,640,640
train,fshoplifting_2_23_456_jpg.rf.3644dd7d8d113780be88dfbea6a9303d.jpg,640,640
train,fshoplifting_2_23_468_jpg.rf.ac2b5433597a95dad1ca93da20f4cd85.jpg,640,640
train,fshoplifting_2_23_474_jpg.rf.98cdb6c8f31b65333d98c2886490dc44.jpg,640,640
train,fshoplifting_2_23_48_jpg.rf.693cf9577be96ad454645864d8021573.jpg,640,640
train,fshoplifting_2_23_498_jpg.rf.928111f57354b4c260d13c8d29dd43ec.jpg,640,640
train,fshoplifting_2_23_516_jpg.rf.fc76fefcbdee5fdfdfd132dbcea53eb2.jpg,640,640
train,fshoplifting_2_23_528_jpg.rf.d264578dec2fcee13f4a0ad27c6a8081.jpg,640,640
train,fshoplifting_2_23_534_jpg.rf.d849a46175238118222c15fd9b20a0af.jpg,640,640
train,fshoplifting_2_23_546_jpg.rf.1d0700210059fee540643eb5eb955677.jpg,640,640
train,fshoplifting_2_23_54_jpg.rf.5a832bcac9373fea8a635e502a77ac6f.jpg,640,640
train,fshoplifting_2_23_552_jpg.rf.1e02a7ca3b3d5414e71cefed192cf275.jpg,640,640
train,fshoplifting_2_23_558_jpg.rf.e697624376030e4109c94749c81c55ff.jpg,640,640
train,fshoplifting_2_23_564_jpg.rf.d8e7987300199b8f03233ff3c23f4622.jpg,640,640
train,fshoplifting_2_23_588_jpg.rf.d68e316b9be7a366576280524f009127.jpg,640,640
train,fshoplifting_2_23_594_jpg.rf.8d06ec2ba7173957ddacbf79ee32adbb.jpg,640,640
train,fshoplifting_2_23_600_jpg.rf.1de774a55dca657dbfa850418dd5809e.jpg,640,640
train,fshoplifting_2_23_606_jpg.rf.5ee42704cc951bd7f59e00d18e430ccf.jpg,640,640
train,fshoplifting_2_23_60_jpg.rf.ddb0fd80c5fba34cf06e4bacd73f8d09.jpg,640,640
train,fshoplifting_2_23_618_jpg.rf.aa99b675caedca832a631f66437889d4.jpg,640,640
train,fshoplifting_2_23_624_jpg.rf.ac0538c15c92f63f3d16757f7fa0e037.jpg,640,640
train,fshoplifting_2_23_630_jpg.rf.673e799a6a358bd443849ed8421c77d2.jpg,640,640
train,fshoplifting_2_23_636_jpg.rf.9dfba547331f4197f6a0bd41073f4a66.jpg,640,640
train,fshoplifting_2_23_642_jpg.rf.24111a2630dbb61bdfc416b24a02b548.jpg,640,640
train,fshoplifting_2_23_660_jpg.rf.36fb4542b3bb710730e52c10c3455e4f.jpg,640,640
train,fshoplifting_2_23_666_jpg.rf.acb05ec95d191a5009b7e4cbe67d6491.jpg,640,640
train,fshoplifting_2_23_66_jpg.rf.f76d9d8e5f451aed1e4d33af6ae50424.jpg,640,640
train,fshoplifting_2_23_690_jpg.rf.18ef163e6c23806085cf7a7484e2b9fb.jpg,640,640
train,fshoplifting_2_23_6_jpg.rf.db5e129be53e129cc94b8c29236a4142.jpg,640,640
train,fshoplifting_2_23_702_jpg.rf.68bf73dd89793eba9478d618bdb1225a.jpg,640,640
train,fshoplifting_2_23_708_jpg.rf.0f819d66b58eac6586c9fa05847068e5.jpg,640,640
train,fshoplifting_2_23_714_jpg.rf.d814815ed749fda08041a43a2b50b5b3.jpg,640,640
train,fshoplifting_2_23_720_jpg.rf.a15e5f43075de7e2e45d0f2b89a17abd.jpg,640,640
train,fshoplifting_2_23_72_jpg.rf.cc2efc9d5f4a768818956b3a570d2422.jpg,640,640
train,fshoplifting_2_23_738_jpg.rf.6913598d40f1c6f4877130b4dab5625e.jpg,640,640
train,fshoplifting_2_23_744_jpg.rf.a1bd73bd22d852b090319f3cd414dc34.jpg,640,640
train,fshoplifting_2_23_756_jpg.rf.b345e94bc85e937db77a6bdc6e627e9e.jpg,640,640
train,fshoplifting_2_23_762_jpg.rf.9e3c397f7096fb0941be937c4de5e404.jpg,640,640
train,fshoplifting_2_23_768_jpg.rf.fb6af76d901cf87a9d44ad39174fa11c.jpg,640,640
train,fshoplifting_2_23_780_jpg.rf.47850b2435c6287e6efe554606928b6e.jpg,640,640
train,fshoplifting_2_23_786_jpg.rf.8267afbb993307506c034c691c24c98d.jpg,640,640
train,fshoplifting_2_23_78_jpg.rf.2c6fa0ce8dd15d4a1f3530007ee518dc.jpg,640,640
train,fshoplifting_2_23_792_jpg.rf.4ea40cd7aaa11b8be2df27d4db3d0057.jpg,640,640
train,fshoplifting_2_23_798_jpg.rf.d3b09b628bb4c8a1e7909ce220f913f0.jpg,640,640
train,fshoplifting_2_23_804_jpg.rf.7969de7951b63aac4b05f1a8850d42e5.jpg,640,640
train,fshoplifting_2_23_810_jpg.rf.97dd466eaaa37ef040ab869ebdb2df72.jpg,640,640
train,fshoplifting_2_23_816_jpg.rf.1b5ff8f5f5a814b832e45a181bc0783b.jpg,640,640
train,fshoplifting_2_23_822_jpg.rf.fc0270ecdcb2dd5152689760be6f9691.jpg,640,640
train,fshoplifting_2_23_828_jpg.rf.3e9e541c4401df16f90b4fcb1d22c2d3.jpg,640,640
train,fshoplifting_2_23_834_jpg.rf.2d8ce526bfe7eceeec40b69e78df5a57.jpg,640,640
train,fshoplifting_2_23_840_jpg.rf.79af58a48c4ce5a7e01f47c76dbe94ba.jpg,640,640
train,fshoplifting_2_23_858_jpg.rf.5c8790cbe1924d435be7e56eff87661f.jpg,640,640
train,fshoplifting_2_23_864_jpg.rf.9918a49d9bf67f7dda00bc617074f7fd.jpg,640,640
train,fshoplifting_2_23_870_jpg.rf.7f7021ec4717032258bd48ecea6482b0.jpg,640,640
train,fshoplifting_2_23_882_jpg.rf.9f41cce103e3063500ba7ffb520145b1.jpg,640,640
train,fshoplifting_2_23_894_jpg.rf.f61c05a1915a2d1060fcf290f4798f77.jpg,640,640
train,fshoplifting_2_23_900_jpg.rf.1ec7d288191201fa0670cb62eefa6382.jpg,640,640
train,fshoplifting_2_23_90_jpg.rf.60fa764d76ae288d1d49f0a18d978bae.jpg,640,640
train,fshoplifting_2_23_912_jpg.rf.cfab8ff5d9298bcbead112cee1374944.jpg,640,640
train,fshoplifting_2_23_918_jpg.rf.b07c117257b805694e13b64a76bfbc3b.jpg,640,640
train,fshoplifting_2_23_924_jpg.rf.4244bdaa06d8a5b41be3d0b9a3184046.jpg,640,640
train,fshoplifting_2_23_942_jpg.rf.2bb589308e3fa55e8f09089aec33822a.jpg,640,640
train,fshoplifting_2_23_948_jpg.rf.59bc0243763cfca5a4432bb078b3fd53.jpg,640,640
train,fshoplifting_2_23_960_jpg.rf.fb267977154cf8cc49cd3140b4a2deca.jpg,640,640
train,fshoplifting_2_23_972_jpg.rf.84aa7b9b05f12b0bb74d4bdc16ea8fcd.jpg,640,640
train,fshoplifting_2_23_978_jpg.rf.3574367f777275e38857b008f315811b.jpg,640,640
train,fshoplifting_2_23_984_jpg.rf.891ebb1742ed7acb2f73eb513f508721.jpg,640,640
train,fshoplifting_2_23_990_jpg.rf.28c6cf2dbcc798f07e075584f7b3f784.jpg,640,640
train,fshoplifting_2_24_0_jpg.rf.cec0dfb873a4295cfc09f6b91d0f3081.jpg,640,640
train,fshoplifting_2_24_1008_jpg.rf.b375762320ed32430723ce93ad34b2c1.jpg,640,640
train,fshoplifting_2_24_1014_jpg.rf.f9625b129a8349c5219720860f8dc311.jpg,640,640
train,fshoplifting_2_24_1020_jpg.rf.838d68f7fc08bc7b8ce1362a4ea58045.jpg,640,640
train,fshoplifting_2_24_102_jpg.rf.20683ff7c97a0a2d9de84fc0b32700c3.jpg,640,640
train,fshoplifting_2_24_1032_jpg.rf.9e216c5cbfaf67a0bb324c5f52c64611.jpg,640,640
train,fshoplifting_2_24_1038_jpg.rf.758f6b4f72d91ef27edc0b7761c9cc02.jpg,640,640
train,fshoplifting_2_24_1044_jpg.rf.cb11f847dbaa673801f6c8770a416d7d.jpg,640,640
train,fshoplifting_2_24_1050_jpg.rf.73659d69a4a0766d37d06fe952f9348d.jpg,640,640
train,fshoplifting_2_24_1056_jpg.rf.b25426edd6bb1eb2f010878ba477caa9.jpg,640,640
train,fshoplifting_2_24_1062_jpg.rf.c16bda26b5d6a8ac6a561d28e841e4b4.jpg,640,640
train,fshoplifting_2_24_1068_jpg.rf.5b2092828de81d85aa0dbddbae039dc1.jpg,640,640
train,fshoplifting_2_24_1074_jpg.rf.c401613d3ffe3b963c7a2d61d1f826fd.jpg,640,640
train,fshoplifting_2_24_1080_jpg.rf.4739a652e2f7062ec163e9ede77da7fd.jpg,640,640
train,fshoplifting_2_24_1092_jpg.rf.490ccf3c66957396e940c0ec47872ddd.jpg,640,640
train,fshoplifting_2_24_1104_jpg.rf.542ea48e21f4cf082b695603810b5641.jpg,640,640
train,fshoplifting_2_24_1110_jpg.rf.92e80da990d88934ed79be217939206c.jpg,640,640
train,fshoplifting_2_24_1122_jpg.rf.3e4dc140494c7aab06bc57ab04652e74.jpg,640,640
train,fshoplifting_2_24_1128_jpg.rf.e98083a3b28411175286013d6d47b11c.jpg,640,640
train,fshoplifting_2_24_1146_jpg.rf.13ecd7ae28c307f7ebfe6f82c19c4be3.jpg,640,640
train,fshoplifting_2_24_114_jpg.rf.087a8873085065453fb26ed8927c2312.jpg,640,640
train,fshoplifting_2_24_1152_jpg.rf.b5a9eef186e852771e9dd657131b76e9.jpg,640,640
train,fshoplifting_2_24_1158_jpg.rf.da62dc48b8bd36d41fb0e6e08e70bd78.jpg,640,640
train,fshoplifting_2_24_1170_jpg.rf.2ec6f57fd46e465ad0ba006ea42a79c5.jpg,640,640
train,fshoplifting_2_24_1176_jpg.rf.41932f78375f5f4a5a4765cc87e97682.jpg,640,640
train,fshoplifting_2_24_1188_jpg.rf.31a933c7be4c6a4ab9ad233f6c7da2ea.jpg,640,640
train,fshoplifting_2_24_1194_jpg.rf.6763891125dd8c364e215df9fc3665be.jpg,640,640
train,fshoplifting_2_24_1218_jpg.rf.e880e08f1db507467fbea0c31d5ebda9.jpg,640,640
train,fshoplifting_2_24_1230_jpg.rf.38f6862070c5813be57ef10485e32141.jpg,640,640
train,fshoplifting_2_24_1236_jpg.rf.08e03d8520794794b99d62bce575ae69.jpg,640,640
train,fshoplifting_2_24_1242_jpg.rf.55c79a71b96ae73372932f0d68208b6d.jpg,640,640
train,fshoplifting_2_24_1248_jpg.rf.5de923d4939d11e5a3682225dbb1db15.jpg,640,640
train,fshoplifting_2_24_1260_jpg.rf.649613d03533a62193dba94be6ed0c6c.jpg,640,640
train,fshoplifting_2_24_1266_jpg.rf.8f87efd5e6e1acc6ee32c4d46bc098d6.jpg,640,640
train,fshoplifting_2_24_126_jpg.rf.d70011fa1d31974dc4c126b6f3553967.jpg,640,640
train,fshoplifting_2_24_1272_jpg.rf.60ed586e730b0c5a0a5524b8d813a638.jpg,640,640
train,fshoplifting_2_24_1284_jpg.rf.944aeeedb3c9528cd23898fd1f291f2b.jpg,640,640
train,fshoplifting_2_24_1290_jpg.rf.29cbc46c92c58e0cbd15d6c51cc17f82.jpg,640,640
train,fshoplifting_2_24_1296_jpg.rf.a0e88ddb4e151216282e7f388a4183c4.jpg,640,640
train,fshoplifting_2_24_12_jpg.rf.db9b4f008613dcc1eb65104457d457d2.jpg,640,640
train,fshoplifting_2_24_1302_jpg.rf.679c8f967b864b402a3ad6550ea3867f.jpg,640,640
train,fshoplifting_2_24_1308_jpg.rf.686e0f548af0e432baf79880e29ccd61.jpg,640,640
train,fshoplifting_2_24_1314_jpg.rf.30b1047f94320f1c682af2d9eb65e68f.jpg,640,640
train,fshoplifting_2_24_1326_jpg.rf.8a1ed0e24b95b2162dd0fc8fba7849c9.jpg,640,640
train,fshoplifting_2_24_1338_jpg.rf.dfc8cbef370da4c973e00f802e485ce4.jpg,640,640
train,fshoplifting_2_24_1344_jpg.rf.18dc9a5fa8ea94be3198ba48e4e6f5fa.jpg,640,640
train,fshoplifting_2_24_1356_jpg.rf.05b6a88c8d9f8ac88600625b086bbf28.jpg,640,640
train,fshoplifting_2_24_1362_jpg.rf.d9a3f3a73c1d52052d454b75a0c719fd.jpg,640,640
train,fshoplifting_2_24_1374_jpg.rf.2313d2dc03b9504633048f66eb0328df.jpg,640,640
train,fshoplifting_2_24_1380_jpg.rf.17c74906579ac58e26f1372bed11a855.jpg,640,640
train,fshoplifting_2_24_1386_jpg.rf.03c186051a984921b50f0c8cfa1783e7.jpg,640,640
train,fshoplifting_2_24_138_jpg.rf.8ba5fa4c086ad783d15a52a2063f9b06.jpg,640,640
train,fshoplifting_2_24_1392_jpg.rf.361776a22810fc9832a76254efcf2233.jpg,640,640
train,fshoplifting_2_24_1404_jpg.rf.cae16048a67bd44b57e816ff0b102078.jpg,640,640
train,fshoplifting_2_24_1410_jpg.rf.d6919f1c3a36862a5caae87574bbf5a9.jpg,640,640
train,fshoplifting_2_24_1416_jpg.rf.5a7dd2076ec2b98151530f0f54f82b3c.jpg,640,640
train,fshoplifting_2_24_1422_jpg.rf.65cbb9b3ce6cb0364fc26447b2079f1c.jpg,640,640
train,fshoplifting_2_24_1428_jpg.rf.a30a90eeee635434a9e326d467824cd0.jpg,640,640
train,fshoplifting_2_24_1434_jpg.rf.7fdafe203cced237e5d589f74d156b45.jpg,640,640
train,fshoplifting_2_24_1440_jpg.rf.30556385e271fb30f48e3ce7031a3c24.jpg,640,640
train,fshoplifting_2_24_1446_jpg.rf.cf7068f2fe075634562c82e87c4acd7f.jpg,640,640
train,fshoplifting_2_24_1452_jpg.rf.123afdfa14e249947eae38871cac5de0.jpg,640,640
train,fshoplifting_2_24_1458_jpg.rf.b18814dbbc66afd1d9e6faa927c20db5.jpg,640,640
train,fshoplifting_2_24_1470_jpg.rf.78ac1f391d434942e8da0c6ab6deab56.jpg,640,640
train,fshoplifting_2_24_1476_jpg.rf.1a96a1f1bc8b151d11d9c56fde5183ff.jpg,640,640
train,fshoplifting_2_24_1482_jpg.rf.c645e6ee79d1f15fc4ff7824ca3ef665.jpg,640,640
train,fshoplifting_2_24_1488_jpg.rf.aba9cc20158705583afbf50e66c47d38.jpg,640,640
train,fshoplifting_2_24_150_jpg.rf.fb103aac36440d638d2c8f41bbea3bd5.jpg,640,640
train,fshoplifting_2_24_1512_jpg.rf.0b9395b634e598da6738458119251bca.jpg,640,640
train,fshoplifting_2_24_1518_jpg.rf.555e49eec0f1ffb3d5d9a4aab46f9984.jpg,640,640
train,fshoplifting_2_24_1530_jpg.rf.089c7979b54a403c8bfcb462a9c60be2.jpg,640,640
train,fshoplifting_2_24_1536_jpg.rf.2a467c27a387ca5a379c15fa50524b9a.jpg,640,640
train,fshoplifting_2_24_1542_jpg.rf.435115bd0021ac7862f45ec1a3876389.jpg,640,640
train,fshoplifting_2_24_1554_jpg.rf.c7deb10e88c556bb485177c0e96ec8bd.jpg,640,640
train,fshoplifting_2_24_1566_jpg.rf.df6561d0d50e93c8a092cc50a412f61e.jpg,640,640
train,fshoplifting_2_24_156_jpg.rf.a495290859ab2a804ca8d6f3abc0c2d2.jpg,640,640
train,fshoplifting_2_24_1572_jpg.rf.9db69df1a45d0aea567720b2a08c4cd1.jpg,640,640
train,fshoplifting_2_24_1578_jpg.rf.7ed21b2223b47ae959464179833fff0c.jpg,640,640
train,fshoplifting_2_24_1584_jpg.rf.56decf1dec67e8656e2e2c053bbac726.jpg,640,640
train,fshoplifting_2_24_1590_jpg.rf.db2873752288685c55c60c9ec496ee40.jpg,640,640
train,fshoplifting_2_24_1596_jpg.rf.b4aca2c93146ae5773c71528ab2aa1c2.jpg,640,640
train,fshoplifting_2_24_1602_jpg.rf.9e803878c1d73b2ce70f20767e2b1c27.jpg,640,640
train,fshoplifting_2_24_1608_jpg.rf.502f4a4c44576cc3f77a7cdcc225b5c3.jpg,640,640
train,fshoplifting_2_24_1620_jpg.rf.ae3481bed0b41d29f9768dc01be612f5.jpg,640,640
train,fshoplifting_2_24_162_jpg.rf.13ff731af8afeba3e7a6456dd6eddb4a.jpg,640,640
train,fshoplifting_2_24_1632_jpg.rf.d0fd999d76c281159c6530a975c57843.jpg,640,640
train,fshoplifting_2_24_1638_jpg.rf.8c35181e3e630b18564bf9c8f11e52d5.jpg,640,640
train,fshoplifting_2_24_1644_jpg.rf.fb0d6a7ad51e7075ff40f5c6361be2d6.jpg,640,640
train,fshoplifting_2_24_1650_jpg.rf.24b8bc71b7dcc2052e468cf9e8e87246.jpg,640,640
train,fshoplifting_2_24_1656_jpg.rf.95b52962b450a48615f42890e5029485.jpg,640,640
train,fshoplifting_2_24_1662_jpg.rf.724a00522a9d53b02c3e1396d758b791.jpg,640,640
train,fshoplifting_2_24_1668_jpg.rf.a0bc02c9d9dcc670ca0c3a64b368338d.jpg,640,640
train,fshoplifting_2_24_1674_jpg.rf.c7e22491516584f0f6a68f05b5f2fd67.jpg,640,640
train,fshoplifting_2_24_1680_jpg.rf.356e424c8351a49ccb3f02f157c4f214.jpg,640,640
train,fshoplifting_2_24_168_jpg.rf.4e3a5813aaf3c9f4649089c538dc5f33.jpg,640,640
train,fshoplifting_2_24_1692_jpg.rf.8c7396ed2f1ea097ba6c4b7f69c4460e.jpg,640,640
train,fshoplifting_2_24_1704_jpg.rf.431ae77ff45f17e096c164fccf85c25f.jpg,640,640
train,fshoplifting_2_24_1710_jpg.rf.1859736dc4b0b3b4601b399d4c6fb911.jpg,640,640
train,fshoplifting_2_24_1722_jpg.rf.067ae18abeee29463c1519bb185eaff3.jpg,640,640
train,fshoplifting_2_24_1728_jpg.rf.52a7744c2bfa57bf9f99134053a48269.jpg,640,640
train,fshoplifting_2_24_1734_jpg.rf.c26f5af38c41555553e943992267797b.jpg,640,640
train,fshoplifting_2_24_1740_jpg.rf.1365805021f6eae8391c0ab7a05b70a0.jpg,640,640
train,fshoplifting_2_24_1746_jpg.rf.bba6ec0ff489ae4237511e90e738392b.jpg,640,640
train,fshoplifting_2_24_174_jpg.rf.031036cc4f04b5e555d2169589cb6941.jpg,640,640
train,fshoplifting_2_24_1752_jpg.rf.1ec33d8c199aa5ebfc93cf800008e503.jpg,640,640
train,fshoplifting_2_24_1770_jpg.rf.4f6caa0e930806b4f5169a63b245c587.jpg,640,640
train,fshoplifting_2_24_1782_jpg.rf.9a3a9d4017ea75ae58d335b565befd24.jpg,640,640
train,fshoplifting_2_24_1788_jpg.rf.0f9872c84fe91db03339881e5300826e.jpg,640,640
train,fshoplifting_2_24_1800_jpg.rf.508629d46746c7da9803b4aab50e1e07.jpg,640,640
train,fshoplifting_2_24_1806_jpg.rf.0732ff6cf481b9cb9e8b6c7012fd52fb.jpg,640,640
train,fshoplifting_2_24_1818_jpg.rf.0f71ff3abd00aaa8850a875907d4a0e2.jpg,640,640
train,fshoplifting_2_24_1830_jpg.rf.489a910b77423086e364a5f3f4fe9550.jpg,640,640
train,fshoplifting_2_24_1842_jpg.rf.599b0b82c28a3ecfff1e04b9c14baa1f.jpg,640,640
train,fshoplifting_2_24_1848_jpg.rf.bc841b9979ab60ab730155d5e1084130.jpg,640,640
train,fshoplifting_2_24_1854_jpg.rf.051d6a1c57c4cff5879a9a540bafb64e.jpg,640,640
train,fshoplifting_2_24_1866_jpg.rf.8a862f81720f00f60afcac27cd7db00a.jpg,640,640
train,fshoplifting_2_24_1872_jpg.rf.2ad2470b9e958f3a0aa249afa5dda591.jpg,640,640
train,fshoplifting_2_24_1884_jpg.rf.57cc6b1ba703f080e7390e18b5b36289.jpg,640,640
train,fshoplifting_2_24_1890_jpg.rf.e168981af9b1d6ad74c3dadc40f4a0ab.jpg,640,640
train,fshoplifting_2_24_1896_jpg.rf.fc2f543e42f9c1891cde112fa0941ed8.jpg,640,640
train,fshoplifting_2_24_1902_jpg.rf.747c3e1b531aa615aa65d5a8553a20c6.jpg,640,640
train,fshoplifting_2_24_1914_jpg.rf.0abddbde90ea2f03b29240aaf01feb8f.jpg,640,640
train,fshoplifting_2_24_1920_jpg.rf.90d2fb85fd4b393e40c6a5967a7d40c7.jpg,640,640
train,fshoplifting_2_24_1926_jpg.rf.0ee69e308ec16b51cacafb2876254ee4.jpg,640,640
train,fshoplifting_2_24_192_jpg.rf.4dc40d1109a6a7ea667e39f22e676a54.jpg,640,640
train,fshoplifting_2_24_1944_jpg.rf.7033c0115217453dc04e4cc819547177.jpg,640,640
train,fshoplifting_2_24_1956_jpg.rf.df1a3d03da888f7a1835f2e73c7847ee.jpg,640,640
train,fshoplifting_2_24_1968_jpg.rf.c569ef65d7fa2369cc6476a3dbb57f5a.jpg,640,640
train,fshoplifting_2_24_1974_jpg.rf.8f29e858097bf2b5c1cc66e493656f78.jpg,640,640
train,fshoplifting_2_24_1980_jpg.rf.06cb69458a62ca6319dd16e4c9b33b2c.jpg,640,640
train,fshoplifting_2_24_198_jpg.rf.52e7f327130d25ff175553ec2c4f0d75.jpg,640,640
train,fshoplifting_2_24_1992_jpg.rf.c616d924ec4b9105b92f73f41ba00045.jpg,640,640
train,fshoplifting_2_24_1998_jpg.rf.5da0eff373f3fe1b54205f82a4a45f00.jpg,640,640
train,fshoplifting_2_24_2016_jpg.rf.4ace141bd4fca4b477757bf0ecc755c1.jpg,640,640
train,fshoplifting_2_24_2022_jpg.rf.2e5513cc02ac69430d32a92935b89515.jpg,640,640
train,fshoplifting_2_24_2034_jpg.rf.1000bc1d4091de7323d2e2665181dba6.jpg,640,640
train,fshoplifting_2_24_2040_jpg.rf.4218aa9c9c7c8497d9f8c5f6960150d0.jpg,640,640
train,fshoplifting_2_24_2052_jpg.rf.c04ca4d633b73f97044eb3f850f8cb74.jpg,640,640
train,fshoplifting_2_24_2070_jpg.rf.b8ba3d460413498fa8125eb306ff4cd0.jpg,640,640
train,fshoplifting_2_24_2076_jpg.rf.4d46da7e6d53e457967a638254ca4715.jpg,640,640
train,fshoplifting_2_24_2088_jpg.rf.71aa81dc70bfffaf0c56f550bf08be79.jpg,640,640
train,fshoplifting_2_24_2094_jpg.rf.0078df586a6a01d7aba51c7c1e91c1da.jpg,640,640
train,fshoplifting_2_24_210_jpg.rf.3f9d340906b9dab06eb686652e1412ad.jpg,640,640
train,fshoplifting_2_24_2112_jpg.rf.70ab11757f366ad09fc7e8bfe7a72f88.jpg,640,640
train,fshoplifting_2_24_2118_jpg.rf.39c219f24c14eac066537117178a09bf.jpg,640,640
train,fshoplifting_2_24_2136_jpg.rf.9da8f7436cd7e049cedde75dd52349bc.jpg,640,640
train,fshoplifting_2_24_2154_jpg.rf.8ec6dee2d4cf66d1f282ecb835d80536.jpg,640,640
train,fshoplifting_2_24_2160_jpg.rf.b348acf7ab62169a41ff3c21ffa66691.jpg,640,640
train,fshoplifting_2_24_2166_jpg.rf.8195596bf490cc744e0e2c8a0591d673.jpg,640,640
train,fshoplifting_2_24_2172_jpg.rf.20e8ccc93aad2ccf7ed43bf8981f2053.jpg,640,640
train,fshoplifting_2_24_2178_jpg.rf.4e8d6ab1a49c79acca7a72bb33c0ee11.jpg,640,640
train,fshoplifting_2_24_2184_jpg.rf.a7078c35c0eab6832619e0df7faf0a32.jpg,640,640
train,fshoplifting_2_24_2202_jpg.rf.578c38a87260c7292bcee8385f6b3ccb.jpg,640,640
train,fshoplifting_2_24_2208_jpg.rf.bca2aab20a44af60ab36198b93d28b7a.jpg,640,640
train,fshoplifting_2_24_2214_jpg.rf.46bfcd9a83820d16bb09ce323453a89d.jpg,640,640
train,fshoplifting_2_24_222_jpg.rf.cea12e2726a9894cdc39017ea56780c0.jpg,640,640
train,fshoplifting_2_24_2238_jpg.rf.ed7cf357559e24af3f9884008a1f6160.jpg,640,640
train,fshoplifting_2_24_2244_jpg.rf.88822bd7953e895b0808fe4239714cb2.jpg,640,640
train,fshoplifting_2_24_2274_jpg.rf.6d0dea8773e75ffd658b8122b60117f5.jpg,640,640
train,fshoplifting_2_24_2280_jpg.rf.bf0075c92b49cfe70b6022350338bba0.jpg,640,640
train,fshoplifting_2_24_228_jpg.rf.dc51b60393aa1843accab9d458c3506b.jpg,640,640
train,fshoplifting_2_24_2292_jpg.rf.815d04ff9d0aa0b239359043f17f54d7.jpg,640,640
train,fshoplifting_2_24_2304_jpg.rf.4d825a29aaa3b37cf2677831b5e8801b.jpg,640,640
train,fshoplifting_2_24_2310_jpg.rf.e534f032c3378e50c444af6273f207e0.jpg,640,640
train,fshoplifting_2_24_2322_jpg.rf.049da655e6eda0c64cfc8b31adf797ab.jpg,640,640
train,fshoplifting_2_24_2328_jpg.rf.289d8ee1b53f87ce4b967f333f7f6ec1.jpg,640,640
train,fshoplifting_2_24_2334_jpg.rf.9bd053be9e8d8640d6ec7a055abe0697.jpg,640,640
train,fshoplifting_2_24_2340_jpg.rf.714af7ce1c076eb14fbe36d1599674d9.jpg,640,640
train,fshoplifting_2_24_2346_jpg.rf.ec05425111467572454457640826a470.jpg,640,640
train,fshoplifting_2_24_234_jpg.rf.05f2a0509f9cc14486c2de22351f64c2.jpg,640,640
train,fshoplifting_2_24_2358_jpg.rf.d0d5e9e13c7ea8a3abcd5fcad6173bec.jpg,640,640
train,fshoplifting_2_24_2364_jpg.rf.9aa95cbf07686c2dae816626795c6f86.jpg,640,640
train,fshoplifting_2_24_2376_jpg.rf.b51e722e31994f5873357327db200307.jpg,640,640
train,fshoplifting_2_24_2382_jpg.rf.0af5a069ae65504f7a25a1e29ab1a7d9.jpg,640,640
train,fshoplifting_2_24_2394_jpg.rf.689c6b2264393473a11af893487b90eb.jpg,640,640
train,fshoplifting_2_24_2406_jpg.rf.7220d4f341e777a2ce2eee5879776b97.jpg,640,640
train,fshoplifting_2_24_240_jpg.rf.1077dce8eaa0f9cd52e9df9dc954f8e7.jpg,640,640
train,fshoplifting_2_24_2412_jpg.rf.969cf5997908eacbc8e162e99e0e23fa.jpg,640,640
train,fshoplifting_2_24_2430_jpg.rf.549f5a800ef0ea3a3f1d5c93df84ceb9.jpg,640,640
train,fshoplifting_2_24_2436_jpg.rf.7abcf3b8ccce1b67af9a6a6d3a230e2d.jpg,640,640
train,fshoplifting_2_24_2442_jpg.rf.94937c6670a9b232278e75ca97ca268f.jpg,640,640
train,fshoplifting_2_24_2448_jpg.rf.94d5c15b10a814a97030965f6942b2fe.jpg,640,640
train,fshoplifting_2_24_2460_jpg.rf.e3a2113f4e044926bee752b3b2607e75.jpg,640,640
train,fshoplifting_2_24_2466_jpg.rf.fd6524aa461c37720fa43b9b01bc2b86.jpg,640,640
train,fshoplifting_2_24_2472_jpg.rf.1c2e839daa87c0eea79ef5c127655b85.jpg,640,640
train,fshoplifting_2_24_2484_jpg.rf.d24875d9950d86c09f78be96b476b667.jpg,640,640
train,fshoplifting_2_24_2490_jpg.rf.eaf3c247a0c552a90ab4d17b5989d8c6.jpg,640,640
train,fshoplifting_2_24_2496_jpg.rf.98de3304b7fdf90c1f5827772c70da50.jpg,640,640
train,fshoplifting_2_24_2502_jpg.rf.8d9b036e34ea6a73a46999c0bf420186.jpg,640,640
train,fshoplifting_2_24_2508_jpg.rf.56599ca3e8601feab8a36b843fc8c3f7.jpg,640,640
train,fshoplifting_2_24_2514_jpg.rf.a8f5528e03e5fef0fdb3f3eebdc53402.jpg,640,640
train,fshoplifting_2_24_2520_jpg.rf.eb8905ee850a37bc5b0810aea0b8d9d5.jpg,640,640
train,fshoplifting_2_24_2532_jpg.rf.e920033fea768bb4d8bb198058c2b077.jpg,640,640
train,fshoplifting_2_24_2538_jpg.rf.74fa68b0c5dada25475c3c9ddf9b9335.jpg,640,640
train,fshoplifting_2_24_2544_jpg.rf.6fae0326a5ee9072535a39688f6a46e9.jpg,640,640
train,fshoplifting_2_24_2562_jpg.rf.89ddb09ffb98bc1f21c0daddfdad1dc8.jpg,640,640
train,fshoplifting_2_24_2568_jpg.rf.6155b62f5b7af6d57bcc93a58c5fe6ae.jpg,640,640
train,fshoplifting_2_24_2586_jpg.rf.45c450b5874610d654d3591c9625f178.jpg,640,640
train,fshoplifting_2_24_2592_jpg.rf.937732b50204c2d6946a049fe108f86f.jpg,640,640
train,fshoplifting_2_24_2598_jpg.rf.688e43e84787e77c49722a15c9bcda01.jpg,640,640
train,fshoplifting_2_24_2604_jpg.rf.cfb9aa2bd9317a5df8b7408d84614a84.jpg,640,640
train,fshoplifting_2_24_2610_jpg.rf.3466dbb669c5f7e0e8d741b5c2e9405d.jpg,640,640
train,fshoplifting_2_24_2616_jpg.rf.b14cfc0de2e4f495ba34fdc02e635285.jpg,640,640
train,fshoplifting_2_24_2628_jpg.rf.cc86d97d855765ede917943df872b83c.jpg,640,640
train,fshoplifting_2_24_2634_jpg.rf.39ceda8f45e506bdd1c699d4f618c4f7.jpg,640,640
train,fshoplifting_2_24_2640_jpg.rf.88e675e799e192d4b107447fc7e555cc.jpg,640,640
train,fshoplifting_2_24_2646_jpg.rf.32505656c0b9b5b0439f4398d3d17b17.jpg,640,640
train,fshoplifting_2_24_264_jpg.rf.754b23f6a9057e96e9e74fc2bf0d5eda.jpg,640,640
train,fshoplifting_2_24_2652_jpg.rf.da59add2d1c31289829f46338f15ec68.jpg,640,640
train,fshoplifting_2_24_2664_jpg.rf.a7483d5b1ecc29547e0c54cadb661af8.jpg,640,640
train,fshoplifting_2_24_2676_jpg.rf.97f3d49055758e302310891045a044fc.jpg,640,640
train,fshoplifting_2_24_2682_jpg.rf.79e411b3c1958874f02e00f2243afb00.jpg,640,640
train,fshoplifting_2_24_2688_jpg.rf.1ffbbc1bf94584374f15a0903566ac36.jpg,640,640
train,fshoplifting_2_24_2700_jpg.rf.476a688d3d423ca1a7798db82657f557.jpg,640,640
train,fshoplifting_2_24_2706_jpg.rf.de6fd826288fdec7e4fa995921381f93.jpg,640,640
train,fshoplifting_2_24_270_jpg.rf.4e58b4c226a623523423f970f730dddd.jpg,640,640
train,fshoplifting_2_24_2718_jpg.rf.123d5ec7b0f403d2dcecdfe8a9bb3548.jpg,640,640
train,fshoplifting_2_24_2724_jpg.rf.d54c7aa5ac3d53b30ccee94ad05fa958.jpg,640,640
train,fshoplifting_2_24_2730_jpg.rf.1b8142b72a3fb6a169b259790d7a316c.jpg,640,640
train,fshoplifting_2_24_2742_jpg.rf.791e0304da0044ddb6db1279dd94d2f5.jpg,640,640
train,fshoplifting_2_24_2754_jpg.rf.695cddeeb471db8800aae5f1021c7d7b.jpg,640,640
train,fshoplifting_2_24_2766_jpg.rf.7bae4fa3e30ed01a0634f6c2ba451e16.jpg,640,640
train,fshoplifting_2_24_276_jpg.rf.5092ad7cacd9145b089192d1add06c5e.jpg,640,640
train,fshoplifting_2_24_2772_jpg.rf.783c55fd271ea558760064d99fee9ab1.jpg,640,640
train,fshoplifting_2_24_2778_jpg.rf.97bf90fa704789204c78cbbedf8bc677.jpg,640,640
train,fshoplifting_2_24_2790_jpg.rf.d0825f22370e8bcf7ea03cdb49c70792.jpg,640,640
train,fshoplifting_2_24_2796_jpg.rf.28e1b7d29c5efa713e7a9df94f49221b.jpg,640,640
train,fshoplifting_2_24_2802_jpg.rf.3b99507906b8055f77d58121eae5f81c.jpg,640,640
train,fshoplifting_2_24_2808_jpg.rf.632d5baa3aeabc1eddfcb92176a7ca55.jpg,640,640
train,fshoplifting_2_24_2814_jpg.rf.9ff3f047aaef40a964df8af9a9004135.jpg,640,640
train,fshoplifting_2_24_2826_jpg.rf.f242cdf32ab349cdb82181a3bf475317.jpg,640,640
train,fshoplifting_2_24_2838_jpg.rf.6ec0dd5b2c22ff9c8b6db03159fb2149.jpg,640,640
train,fshoplifting_2_24_2850_jpg.rf.db68709f0c30eb85afd93cde59bb4d09.jpg,640,640
train,fshoplifting_2_24_2856_jpg.rf.53155e68c5a3468a94b7c300e327321c.jpg,640,640
train,fshoplifting_2_24_2862_jpg.rf.7acf3fbb7b6d94eb346aa4625e492a6d.jpg,640,640
train,fshoplifting_2_24_2868_jpg.rf.59c08e70d52ecc8cc9c4b2ae2440bbbb.jpg,640,640
train,fshoplifting_2_24_2874_jpg.rf.1ea2177af2ced452d9a353a703f2350b.jpg,640,640
train,fshoplifting_2_24_2880_jpg.rf.7742641f13606cae2a35373192c29324.jpg,640,640
train,fshoplifting_2_24_2886_jpg.rf.7496e1407599fee4db84e80c98435106.jpg,640,640
train,fshoplifting_2_24_288_jpg.rf.9163ee97308cc8b82639edd7355ee0cf.jpg,640,640
train,fshoplifting_2_24_2898_jpg.rf.4259d98ea399f13673e06134efb9c649.jpg,640,640
train,fshoplifting_2_24_2916_jpg.rf.1ba82e6ea57915860e2d64d672ea39e0.jpg,640,640
train,fshoplifting_2_24_2922_jpg.rf.5806ce57b89eeaebf75a5686bc317a29.jpg,640,640
train,fshoplifting_2_24_2934_jpg.rf.3052f3d30944ed917549f0f00bd07844.jpg,640,640
train,fshoplifting_2_24_2940_jpg.rf.0f2a48ac6f05f5520786c45442463936.jpg,640,640
train,fshoplifting_2_24_2952_jpg.rf.1c85a20f2ab98a1d0333438b9c01310e.jpg,640,640
train,fshoplifting_2_24_2958_jpg.rf.42f87862a8e5cec870eef4e4b99dcc66.jpg,640,640
train,fshoplifting_2_24_2964_jpg.rf.b6f8f91182b11b9625107de8077e12bc.jpg,640,640
train,fshoplifting_2_24_2982_jpg.rf.2fd8dd094ac1894e82ea96e9d756ab2f.jpg,640,640
train,fshoplifting_2_24_2988_jpg.rf.c190050552d52b3ead135c2d7769a0cc.jpg,640,640
train,fshoplifting_2_24_2994_jpg.rf.713d2bdc14bfb759b4314f49213c5e1b.jpg,640,640
train,fshoplifting_2_24_3000_jpg.rf.cb61600653a5ad5f1505b2eda77941d0.jpg,640,640
train,fshoplifting_2_24_3006_jpg.rf.94dd6f5c637ba919d035ac7669952c70.jpg,640,640
train,fshoplifting_2_24_300_jpg.rf.4328a1c3b5d1d6019afabd79f5d327b0.jpg,640,640
train,fshoplifting_2_24_3024_jpg.rf.ac781e1014162eabf750aa75d58b7330.jpg,640,640
train,fshoplifting_2_24_3030_jpg.rf.a8a49443e79f14d409522f6cfd859224.jpg,640,640
train,fshoplifting_2_24_3042_jpg.rf.e16ca24c9cca66f925626b0316b270bf.jpg,640,640
train,fshoplifting_2_24_3048_jpg.rf.62cf17296ca5daf7c40b90822a7f328d.jpg,640,640
train,fshoplifting_2_24_3054_jpg.rf.7a5572048998c6843d3ed9153fcf0124.jpg,640,640
train,fshoplifting_2_24_3060_jpg.rf.de0117d39d036fc202cac0debe7133e7.jpg,640,640
train,fshoplifting_2_24_3066_jpg.rf.cf138948b87b0cb7fb75b406134893ec.jpg,640,640
train,fshoplifting_2_24_3072_jpg.rf.15eeb7518df8fea9e178269a5fbe297c.jpg,640,640
train,fshoplifting_2_24_3084_jpg.rf.4f829248b07723cecd51ee1e8aab1255.jpg,640,640
train,fshoplifting_2_24_3096_jpg.rf.0eae61e5518f5cac384e2438627cb13d.jpg,640,640
train,fshoplifting_2_24_30_jpg.rf.b0e520f17b32444ada413453797be9bd.jpg,640,640
train,fshoplifting_2_24_3102_jpg.rf.81fb30dd57767136734440697a63a007.jpg,640,640
train,fshoplifting_2_24_3114_jpg.rf.2f69e774d6bb2bf358f17f8c29029ced.jpg,640,640
train,fshoplifting_2_24_3120_jpg.rf.5578931235b75d1e7fc33ae0cccafa27.jpg,640,640
train,fshoplifting_2_24_3126_jpg.rf.4758adc90eb310df0cf9da1ff2df2260.jpg,640,640
train,fshoplifting_2_24_3138_jpg.rf.833d39fb070133b2c752adf6648e63d5.jpg,640,640
train,fshoplifting_2_24_3144_jpg.rf.6ed0602b756e9275413e0c0d715c1dfb.jpg,640,640
train,fshoplifting_2_24_3150_jpg.rf.f247f856d7f4976eba14cf59d424ccb0.jpg,640,640
train,fshoplifting_2_24_3156_jpg.rf.a363bbc98163789faf81b12efff2b89b.jpg,640,640
train,fshoplifting_2_24_3162_jpg.rf.ea7b6979256760460b7e7f4529ab9ff8.jpg,640,640
train,fshoplifting_2_24_3168_jpg.rf.0929226b9ce9dc41a0f0e21c6f292bb3.jpg,640,640
train,fshoplifting_2_24_3174_jpg.rf.505e7b12dcc2e84f9ef1bb0272a661f7.jpg,640,640
train,fshoplifting_2_24_3186_jpg.rf.ad4eb38914db6e86f939a7e817cb028c.jpg,640,640
train,fshoplifting_2_24_3198_jpg.rf.47b6320d464e2cdc01fecf2d252a55bf.jpg,640,640
train,fshoplifting_2_24_3210_jpg.rf.566fda351e7a4960cdb27c5f408f22ec.jpg,640,640
train,fshoplifting_2_24_3216_jpg.rf.1a665533295a99eb179feef599b35441.jpg,640,640
train,fshoplifting_2_24_3234_jpg.rf.4c13bb6afb0b2fac93a285068768298f.jpg,640,640
train,fshoplifting_2_24_3240_jpg.rf.597b215e0bd901a00dcd80091e88b31d.jpg,640,640
train,fshoplifting_2_24_3246_jpg.rf.63454bd501fa2d0d69ec68d9011d780e.jpg,640,640
train,fshoplifting_2_24_324_jpg.rf.d58fb347badf55ebb50e10052665051d.jpg,640,640
train,fshoplifting_2_24_3252_jpg.rf.7e7dd5abd6f5d58112e3e1c46bd93de9.jpg,640,640
train,fshoplifting_2_24_3258_jpg.rf.a813ec00dc021af93de7188e31aedb67.jpg,640,640
train,fshoplifting_2_24_3264_jpg.rf.902f97558903a063bfad4ad6ff1c5b98.jpg,640,640
train,fshoplifting_2_24_3282_jpg.rf.4f48cf765d7bfd30349eb52652277f4b.jpg,640,640
train,fshoplifting_2_24_3288_jpg.rf.2b4fbf9c8390fcadf427c53d5025d526.jpg,640,640
train,fshoplifting_2_24_3294_jpg.rf.873b40b8025d2cea13494da8e4f6e67c.jpg,640,640
train,fshoplifting_2_24_3300_jpg.rf.4d39f49fe7c739107fb364dbe8a29b86.jpg,640,640
train,fshoplifting_2_24_3306_jpg.rf.33a62815161e988127507b9efeadc15c.jpg,640,640
train,fshoplifting_2_24_330_jpg.rf.a10e3e66d8c0dc8bed179f292718852e.jpg,640,640
train,fshoplifting_2_24_3312_jpg.rf.bbb1d41872e5d3a69c30d871db492389.jpg,640,640
train,fshoplifting_2_24_3318_jpg.rf.d7597f3c4da580a84e720fdb338fbff7.jpg,640,640
train,fshoplifting_2_24_3330_jpg.rf.3925ec2155949bd0520fc4d8790d02b0.jpg,640,640
train,fshoplifting_2_24_3336_jpg.rf.b5c3f8deadb7dcae4603479dd73de4d6.jpg,640,640
train,fshoplifting_2_24_3342_jpg.rf.2eb2b89fefa2b0c41896bad2e02921b2.jpg,640,640
train,fshoplifting_2_24_3348_jpg.rf.1f2dc4e2e74cbf2fc0dc176b52bfa1a3.jpg,640,640
train,fshoplifting_2_24_3354_jpg.rf.f3965e61aec6cf48ffa36165a9e2bdd6.jpg,640,640
train,fshoplifting_2_24_3360_jpg.rf.a24729cd91dc881926ebebe0be7a6220.jpg,640,640
train,fshoplifting_2_24_3366_jpg.rf.97d6b33b520deeb0def9ccaf41429116.jpg,640,640
train,fshoplifting_2_24_336_jpg.rf.dc3527f21a720ae77cd08505bcacfcfc.jpg,640,640
train,fshoplifting_2_24_3372_jpg.rf.413826d4e0a4a1cd2424ac4cfb3bc39a.jpg,640,640
train,fshoplifting_2_24_3378_jpg.rf.2cd069dbaf6a62b79f3768aacf8b8097.jpg,640,640
train,fshoplifting_2_24_3390_jpg.rf.702173c4787643f17f0634ab983d5928.jpg,640,640
train,fshoplifting_2_24_3426_jpg.rf.038e63b58d978c5f2691188269c33c99.jpg,640,640
train,fshoplifting_2_24_342_jpg.rf.567ef2e4d6b48b39a956259f51e34759.jpg,640,640
train,fshoplifting_2_24_3444_jpg.rf.543eba04fe2aaf859e80c3985924ea33.jpg,640,640
train,fshoplifting_2_24_3450_jpg.rf.b082394dfc73724adb5871eb4bfeb78d.jpg,640,640
train,fshoplifting_2_24_3462_jpg.rf.c6e580cdb6c0c6a170b35b0f0d98827d.jpg,640,640
train,fshoplifting_2_24_3468_jpg.rf.455c54fbe9f80e7b80c6df299f2649da.jpg,640,640
train,fshoplifting_2_24_3486_jpg.rf.71073cc0952fa67750ba0d2b6114ad4b.jpg,640,640
train,fshoplifting_2_24_3492_jpg.rf.42ca577479c1e1135f409c9e896c1425.jpg,640,640
train,fshoplifting_2_24_3498_jpg.rf.32308b9c1524fac9f61278862e50c361.jpg,640,640
train,fshoplifting_2_24_3504_jpg.rf.ebff08b97f0657d46ca6afb95a13a4ae.jpg,640,640
train,fshoplifting_2_24_3510_jpg.rf.07d48bf3feed2813e8b7f8d1dbc9e730.jpg,640,640
train,fshoplifting_2_24_3516_jpg.rf.fe7949d8402630b0e659868778026024.jpg,640,640
train,fshoplifting_2_24_3528_jpg.rf.86e352609f8d6dfa84b7c5f79c93e565.jpg,640,640
train,fshoplifting_2_24_3534_jpg.rf.3b4fe96c701e422b837866974625566a.jpg,640,640
train,fshoplifting_2_24_3540_jpg.rf.83d7b33ac45aad240f75468168780903.jpg,640,640
train,fshoplifting_2_24_3546_jpg.rf.85652f7c8b5ddac517881fca4ca956fd.jpg,640,640
train,fshoplifting_2_24_3552_jpg.rf.facf5f2c35d1a29772742f16b9cebc56.jpg,640,640
train,fshoplifting_2_24_3558_jpg.rf.0aecf05eb2c06cdcede854c2d66b3f80.jpg,640,640
train,fshoplifting_2_24_3564_jpg.rf.b1783ac5ced1c7bb0549d3cff91d4887.jpg,640,640
train,fshoplifting_2_24_3570_jpg.rf.b158def85fbbcdd945cd82052e1c2236.jpg,640,640
train,fshoplifting_2_24_3576_jpg.rf.ad0a5b7de9ba133b25eb4e9018014546.jpg,640,640
train,fshoplifting_2_24_3582_jpg.rf.6bd3ff00bf9da458d1aada9ad2327b11.jpg,640,640
train,fshoplifting_2_24_3588_jpg.rf.04ebb1d72d5c421164ae010694273606.jpg,640,640
train,fshoplifting_2_24_3594_jpg.rf.7d281b78689ab129804a22c649f33de7.jpg,640,640
train,fshoplifting_2_24_3600_jpg.rf.ac6ee33b7b2950e570af00e01618f1ca.jpg,640,640
train,fshoplifting_2_24_3606_jpg.rf.cfd9bce12ade45606bf2e04170d4e785.jpg,640,640
train,fshoplifting_2_24_360_jpg.rf.951d801479f6cbe76498bd97778993a7.jpg,640,640
train,fshoplifting_2_24_3618_jpg.rf.8c093b5b00379ed6a229240ac0ce810f.jpg,640,640
train,fshoplifting_2_24_3624_jpg.rf.7be94d61fa3adc7b19579ab230202793.jpg,640,640
train,fshoplifting_2_24_3630_jpg.rf.7b4082bca76a224d4fd1e50ef900f88d.jpg,640,640
train,fshoplifting_2_24_3636_jpg.rf.102d8d2d6658e1efde54168df4abfc56.jpg,640,640
train,fshoplifting_2_24_3642_jpg.rf.178d560a2ad3ed56c1a78c7e6fc9fa41.jpg,640,640
train,fshoplifting_2_24_3648_jpg.rf.a7e9685b5d4feee43cab0ecf5f239d66.jpg,640,640
train,fshoplifting_2_24_3654_jpg.rf.67b95b962a7435773446d56b3d2d14a3.jpg,640,640
train,fshoplifting_2_24_3660_jpg.rf.0d06c1f1e107a97d934a63a420bcaa0b.jpg,640,640
train,fshoplifting_2_24_3666_jpg.rf.afad378df5bbcf1a15103b440df214d6.jpg,640,640
train,fshoplifting_2_24_366_jpg.rf.ce4ddd5c0535a4358c575fa8c75a86d1.jpg,640,640
train,fshoplifting_2_24_3672_jpg.rf.c335e056e4730e33aef7be4e31cf159a.jpg,640,640
train,fshoplifting_2_24_3684_jpg.rf.f60e638a932f4406758a2ee86824fd2a.jpg,640,640
train,fshoplifting_2_24_3690_jpg.rf.272294e4be0248f22efd3b0dee6dde73.jpg,640,640
train,fshoplifting_2_24_36_jpg.rf.462b48d683e2bf48ee3689fdb3753d92.jpg,640,640
train,fshoplifting_2_24_3702_jpg.rf.72082b08025a7fab00d2e8bd0af748f5.jpg,640,640
train,fshoplifting_2_24_3708_jpg.rf.f40c3c45c5df38d32afef7cc7a292d43.jpg,640,640
train,fshoplifting_2_24_3714_jpg.rf.6e89b65bb8c0935ae5730df10a37ad54.jpg,640,640
train,fshoplifting_2_24_3720_jpg.rf.ec47449786fa989495ac4fcb06fa777e.jpg,640,640
train,fshoplifting_2_24_3726_jpg.rf.b14545d819cc90f51e95bcc5f48db0bd.jpg,640,640
train,fshoplifting_2_24_3744_jpg.rf.5464af424d3e86e1e5deb513267d09f2.jpg,640,640
train,fshoplifting_2_24_3762_jpg.rf.292fdc6912ead197c86f3358372c584e.jpg,640,640
train,fshoplifting_2_24_3768_jpg.rf.769f0c81ca834b6812a75455f04026b8.jpg,640,640
train,fshoplifting_2_24_3774_jpg.rf.f979105b6ed457aa1320f42efccb7e69.jpg,640,640
train,fshoplifting_2_24_3786_jpg.rf.a7eead0dc808259fd6d5b6774d15b857.jpg,640,640
train,fshoplifting_2_24_378_jpg.rf.4bcbc1264568f75199ea64c1f55409e3.jpg,640,640
train,fshoplifting_2_24_3798_jpg.rf.5e1ed463937831645b3dfb432b3ecd6b.jpg,640,640
train,fshoplifting_2_24_3804_jpg.rf.5ba4fa4064f07f2f04e8e9d935ef9578.jpg,640,640
train,fshoplifting_2_24_3810_jpg.rf.682789fd00f52a021a7408dd4d017716.jpg,640,640
train,fshoplifting_2_24_3816_jpg.rf.98aca39c8c1778ace20141c7e34e2795.jpg,640,640
train,fshoplifting_2_24_3846_jpg.rf.b4725b3f2c50b92f0cabd99729a7af69.jpg,640,640
train,fshoplifting_2_24_384_jpg.rf.a5266cfbd589e16365d2c54e3a6573e7.jpg,640,640
train,fshoplifting_2_24_3858_jpg.rf.20748f1f880b3d960ff5201d7cab8115.jpg,640,640
train,fshoplifting_2_24_3864_jpg.rf.f1d28fd332b1fff8b8c8cc4b7b92e01e.jpg,640,640
train,fshoplifting_2_24_3870_jpg.rf.795684afe523d94a61d51e1c8f456635.jpg,640,640
train,fshoplifting_2_24_3888_jpg.rf.fb5f55fda14416397656d491b1b79b96.jpg,640,640
train,fshoplifting_2_24_3900_jpg.rf.b6b5de94aceb14bfecbe8d9e18f3f83c.jpg,640,640
train,fshoplifting_2_24_3906_jpg.rf.bc931af71695b46659eab99f25c3322b.jpg,640,640
train,fshoplifting_2_24_3936_jpg.rf.be89a21212d7ca693d33bd7fa43cd065.jpg,640,640
train,fshoplifting_2_24_3948_jpg.rf.f2a85f632bb8ab8a58efeeb6c64bee67.jpg,640,640
train,fshoplifting_2_24_3954_jpg.rf.4b2b60c9c904f9abf6f1e0117f45abd5.jpg,640,640
train,fshoplifting_2_24_3966_jpg.rf.80fcb376707a521f456f3ddb1fd3ae2f.jpg,640,640
train,fshoplifting_2_24_396_jpg.rf.30333bcfdbd908b560b0d731a892d006.jpg,640,640
train,fshoplifting_2_24_3972_jpg.rf.38bc3861f52d2867ff1892486a67b095.jpg,640,640
train,fshoplifting_2_24_3990_jpg.rf.331bb0b550ee44fc302d7e9d982e2fbe.jpg,640,640
train,fshoplifting_2_24_3996_jpg.rf.9c0bf74884b3ec2850ea10fca0f0a4d8.jpg,640,640
train,fshoplifting_2_24_4002_jpg.rf.3c0864be977a2ab293abd7cd0a2e16a2.jpg,640,640
train,fshoplifting_2_24_4014_jpg.rf.c6362844ee98a93ad45d8090d2ae05f2.jpg,640,640
train,fshoplifting_2_24_4020_jpg.rf.cff636dc3d40a2110c551d72a62109a2.jpg,640,640
train,fshoplifting_2_24_4026_jpg.rf.edec4e792ecd0945c0feaf776be4201b.jpg,640,640
train,fshoplifting_2_24_4032_jpg.rf.31f35cf81d765acae881a0a8fd950585.jpg,640,640
train,fshoplifting_2_24_4044_jpg.rf.c1f73d9ce8d706fdf46482547532eec5.jpg,640,640
train,fshoplifting_2_24_4050_jpg.rf.a65063c7e96771c266b3dcea45568e29.jpg,640,640
train,fshoplifting_2_24_4068_jpg.rf.dd00f0a1c8e38c1db517219fef80642e.jpg,640,640
train,fshoplifting_2_24_4074_jpg.rf.668380ed4ff85d5c38f9197165fbc32f.jpg,640,640
train,fshoplifting_2_24_4086_jpg.rf.987518728fd9cfdba3edfd9e34145c72.jpg,640,640
train,fshoplifting_2_24_408_jpg.rf.0df585c8dcd17a827080ab4f244776ca.jpg,640,640
train,fshoplifting_2_24_4092_jpg.rf.74b5eac9c168589d551f61e9b1e730cd.jpg,640,640
train,fshoplifting_2_24_4104_jpg.rf.09771b8a2b9d90a9de08cbe62db6be20.jpg,640,640
train,fshoplifting_2_24_4110_jpg.rf.d3ad072c21c4376173d761482625cbdb.jpg,640,640
train,fshoplifting_2_24_4116_jpg.rf.d2c53b00bde062a517d5bb891cb30a8c.jpg,640,640
train,fshoplifting_2_24_4122_jpg.rf.d8faee32946c30482d112bbd02d2372f.jpg,640,640
train,fshoplifting_2_24_4128_jpg.rf.c84a2da465071d908dbdd5bfa0f85276.jpg,640,640
train,fshoplifting_2_24_4140_jpg.rf.b96af4fc3613e0dd48c622eacbfb7489.jpg,640,640
train,fshoplifting_2_24_414_jpg.rf.a3ed4c3d5f9942cb0696dcd384853db3.jpg,640,640
train,fshoplifting_2_24_4152_jpg.rf.10f8656cf0f287f23176bfc99e4aeb36.jpg,640,640
train,fshoplifting_2_24_4164_jpg.rf.a05657b19ab74b5666875576875064f7.jpg,640,640
train,fshoplifting_2_24_4170_jpg.rf.1d6d45421b0858caab29b740d1a80064.jpg,640,640
train,fshoplifting_2_24_4176_jpg.rf.579a1b99276d60b8a394c96a150f2a16.jpg,640,640
train,fshoplifting_2_24_4182_jpg.rf.de4d9d35b90a157c2ba196398d9c0931.jpg,640,640
train,fshoplifting_2_24_4194_jpg.rf.d57314a86e38e97d2e29876aa4778550.jpg,640,640
train,fshoplifting_2_24_4212_jpg.rf.5244761c4c73d3c507c48cac030e53ac.jpg,640,640
train,fshoplifting_2_24_4218_jpg.rf.7be30745bda2da44f05a69f47369b492.jpg,640,640
train,fshoplifting_2_24_4224_jpg.rf.f7dca5018946084d093708052569d5d5.jpg,640,640
train,fshoplifting_2_24_4230_jpg.rf.e268c0d4bffa83ea2f6f8cc23b9c304f.jpg,640,640
train,fshoplifting_2_24_4254_jpg.rf.d7d4c4c52e30d8bf34a8ea64c2e88e14.jpg,640,640
train,fshoplifting_2_24_4260_jpg.rf.34a2956b1eeba7df04e524c3ad3f6994.jpg,640,640
train,fshoplifting_2_24_4266_jpg.rf.269bbc051be383bca221c942995773f9.jpg,640,640
train,fshoplifting_2_24_426_jpg.rf.d7f5578d381348080860411427d00ea3.jpg,640,640
train,fshoplifting_2_24_4278_jpg.rf.29d07e52a538bec644f538b2ce7b8d57.jpg,640,640
train,fshoplifting_2_24_4284_jpg.rf.a0d1a3dc4654d8aa05db4c9dce607ad8.jpg,640,640
train,fshoplifting_2_24_4290_jpg.rf.050a8600233456724de21b20cb0127eb.jpg,640,640
train,fshoplifting_2_24_4296_jpg.rf.5acd911dcd772239e11d46678b76ad02.jpg,640,640
train,fshoplifting_2_24_42_jpg.rf.803ad2944bba73336764664624ea423c.jpg,640,640
train,fshoplifting_2_24_4302_jpg.rf.341125efd1a37ddf460f5a6fba4378ae.jpg,640,640
train,fshoplifting_2_24_4314_jpg.rf.4286069bd6b1bbbd791198cf95bdb1f0.jpg,640,640
train,fshoplifting_2_24_4332_jpg.rf.514903ad6f07ac5b5a0841a40f029ea6.jpg,640,640
train,fshoplifting_2_24_4338_jpg.rf.f9979d93f8ca6cdaaa47dc5a674de125.jpg,640,640
train,fshoplifting_2_24_4344_jpg.rf.e116ae4fde18d11f4acbc996b298e73f.jpg,640,640
train,fshoplifting_2_24_4350_jpg.rf.91d5d36de1e1537df10926ce8ee4e4c5.jpg,640,640
train,fshoplifting_2_24_4356_jpg.rf.a44d1e7276e35f20f09a02da60e11e3b.jpg,640,640
train,fshoplifting_2_24_4362_jpg.rf.242ee6ab72c33608497f7dab5a58605a.jpg,640,640
train,fshoplifting_2_24_4374_jpg.rf.9f150d4ceb160521d8b6a565e983fd44.jpg,640,640
train,fshoplifting_2_24_4380_jpg.rf.27a5040eef5355ba739a583c10610841.jpg,640,640
train,fshoplifting_2_24_4386_jpg.rf.c467d7a8fa5a8fe799846605c1742eba.jpg,640,640
train,fshoplifting_2_24_438_jpg.rf.d7d117396515623efe8b38ed012398da.jpg,640,640
train,fshoplifting_2_24_4398_jpg.rf.e8f1a33c66d4f1932976c47388c548ae.jpg,640,640
train,fshoplifting_2_24_4410_jpg.rf.2eaddef88307a6441de8960fe17a2ba2.jpg,640,640
train,fshoplifting_2_24_4416_jpg.rf.51eba817dd67951aacc16ddb2ca73b38.jpg,640,640
train,fshoplifting_2_24_4428_jpg.rf.3515b69887c5b817f98271e48194e49c.jpg,640,640
train,fshoplifting_2_24_4434_jpg.rf.1458501c95681dff35aada643cab7636.jpg,640,640
train,fshoplifting_2_24_4440_jpg.rf.2e3f6195788affdad83607dd8e246a20.jpg,640,640
train,fshoplifting_2_24_4446_jpg.rf.0902f429aa513fa7652065b88ea33914.jpg,640,640
train,fshoplifting_2_24_444_jpg.rf.4898050e51a9d7860137565e6824c40f.jpg,640,640
train,fshoplifting_2_24_4458_jpg.rf.17e00e8f684b6026564f6bcf8bdfe561.jpg,640,640
train,fshoplifting_2_24_4464_jpg.rf.3d8ec9fe522672f9b6aba681557101d2.jpg,640,640
train,fshoplifting_2_24_4470_jpg.rf.953b24731633cc9bd2ff98bedcda7933.jpg,640,640
train,fshoplifting_2_24_4476_jpg.rf.5c64be1da2f101fea8ee5e77c13f5064.jpg,640,640
train,fshoplifting_2_24_4488_jpg.rf.97cf3bff59b7580aa658ee7637cc779d.jpg,640,640
train,fshoplifting_2_24_4494_jpg.rf.2018d6f5ffedb0101e29d2261c1beec9.jpg,640,640
train,fshoplifting_2_24_4500_jpg.rf.e8a95749874b8ba18a9680b28204a3ab.jpg,640,640
train,fshoplifting_2_24_4506_jpg.rf.c92c3f98619f060fad22d1b367e1991a.jpg,640,640
train,fshoplifting_2_24_450_jpg.rf.00a5a1b62adba068bd44710e6d6bd12f.jpg,640,640
train,fshoplifting_2_24_4524_jpg.rf.7d705cdb62998e1f688f93fdbe683084.jpg,640,640
train,fshoplifting_2_24_4530_jpg.rf.10cbb4f725dbd8bd36e9f716f946a044.jpg,640,640
train,fshoplifting_2_24_4536_jpg.rf.3d6a26e41e2e64b9c8b6d2596fa021d9.jpg,640,640
train,fshoplifting_2_24_4548_jpg.rf.1b1104b3863e8cd49dee1c19940acd5e.jpg,640,640
train,fshoplifting_2_24_4554_jpg.rf.b3118d843ce275feb360a9f29fcc7166.jpg,640,640
train,fshoplifting_2_24_4560_jpg.rf.71fa7f101efc1c68ee0b06e2c177c9de.jpg,640,640
train,fshoplifting_2_24_456_jpg.rf.583c64601269853a6d66a0f1b609db5d.jpg,640,640
train,fshoplifting_2_24_4572_jpg.rf.ea55ff45365e7081a5d98fc63a70c34c.jpg,640,640
train,fshoplifting_2_24_4578_jpg.rf.b503bb3cba70662b2a9a2c30f53c785d.jpg,640,640
train,fshoplifting_2_24_4596_jpg.rf.c8b353ca6e658c3beb7b7bcc703b4bc1.jpg,640,640
train,fshoplifting_2_24_4602_jpg.rf.7817eed52d2d121b7bdf0a4d2ff3b2dd.jpg,640,640
train,fshoplifting_2_24_4608_jpg.rf.fa7af7fcc5e4ffe0d20ed592c06c9d4c.jpg,640,640
train,fshoplifting_2_24_4620_jpg.rf.012a091e2661f4daa4c6f9717d308ebf.jpg,640,640
train,fshoplifting_2_24_4626_jpg.rf.cfbdc25cb613286bfb11d64a34a43ec7.jpg,640,640
train,fshoplifting_2_24_462_jpg.rf.4a7d21ca15630a5c207fa3af0b747ed4.jpg,640,640
train,fshoplifting_2_24_4632_jpg.rf.a5eab40011746ed34cdb2fd126cd3c49.jpg,640,640
train,fshoplifting_2_24_4638_jpg.rf.0e5311d0989375582549f9f0c60a67ee.jpg,640,640
train,fshoplifting_2_24_4644_jpg.rf.cfdda57d6c21cdc72e17b0ad404bb5aa.jpg,640,640
train,fshoplifting_2_24_4656_jpg.rf.23e4270c18f86cd7a187dfac1f50580e.jpg,640,640
train,fshoplifting_2_24_4674_jpg.rf.eb5d7664bb048bc41bf187b0087b3078.jpg,640,640
train,fshoplifting_2_24_4680_jpg.rf.0006485609ac0616d6c46d428c362da9.jpg,640,640
train,fshoplifting_2_24_4686_jpg.rf.05aabcae2c8a337fce2faa32a8a6cf67.jpg,640,640
train,fshoplifting_2_24_468_jpg.rf.94b1c0c6393c64b5d5f0eac3f3d29080.jpg,640,640
train,fshoplifting_2_24_4704_jpg.rf.76f8fd54e82a168b901a3b05f3affc9f.jpg,640,640
train,fshoplifting_2_24_4710_jpg.rf.e22915fee0b549cda6c415e82414850d.jpg,640,640
train,fshoplifting_2_24_4716_jpg.rf.f6670210ec2ad8264da22504c4bb099f.jpg,640,640
train,fshoplifting_2_24_4722_jpg.rf.549eced776110940610d8865ef5cac4c.jpg,640,640
train,fshoplifting_2_24_4734_jpg.rf.54f0dabea59ffa723447580b0e38862e.jpg,640,640
train,fshoplifting_2_24_4740_jpg.rf.d561bccc3acafefe41828d58b2c34baf.jpg,640,640
train,fshoplifting_2_24_4746_jpg.rf.5e0dd1ffb83972b1169f1ead146f152e.jpg,640,640
train,fshoplifting_2_24_474_jpg.rf.b754f1c8898be59d61166ef5763124d4.jpg,640,640
train,fshoplifting_2_24_4752_jpg.rf.403aa6043993ca194a140f7c40bb18de.jpg,640,640
train,fshoplifting_2_24_4758_jpg.rf.2569839d24c8eff3a00cae4b09d6ce5b.jpg,640,640
train,fshoplifting_2_24_4764_jpg.rf.f36cbef0f251262d6dd0eca9efc3caac.jpg,640,640
train,fshoplifting_2_24_4770_jpg.rf.3b2906716a9c050c45d4eea03e7e20ba.jpg,640,640
train,fshoplifting_2_24_4776_jpg.rf.46af9b222bcb455b16ad242841200b30.jpg,640,640
train,fshoplifting_2_24_4782_jpg.rf.c87da94cc8a09de79480cb090b518054.jpg,640,640
train,fshoplifting_2_24_4788_jpg.rf.8938180139fad78cc869afefbb157295.jpg,640,640
train,fshoplifting_2_24_4794_jpg.rf.42c5180196be93567282780592362df6.jpg,640,640
train,fshoplifting_2_24_480_jpg.rf.f896b1a3d3f30a28ecee9febf24f78d3.jpg,640,640
train,fshoplifting_2_24_4812_jpg.rf.2653097123f152317bea94f824f73b29.jpg,640,640
train,fshoplifting_2_24_4818_jpg.rf.32ead82b818293541df84b57d44dfce0.jpg,640,640
train,fshoplifting_2_24_4824_jpg.rf.a68bae32cb2ef26752a5dff1df249e3e.jpg,640,640
train,fshoplifting_2_24_4836_jpg.rf.656f76b049172a6d1347a8033964d4d3.jpg,640,640
train,fshoplifting_2_24_4842_jpg.rf.6f6a88af76de3a6e3f5417a97c245612.jpg,640,640
train,fshoplifting_2_24_4848_jpg.rf.006312614b78e27ba100b5dc12299969.jpg,640,640
train,fshoplifting_2_24_4854_jpg.rf.25b3c9b9573034b82365d77fad7cce4f.jpg,640,640
train,fshoplifting_2_24_4860_jpg.rf.a6cde02d3c003e1bc954fea1b7950064.jpg,640,640
train,fshoplifting_2_24_4866_jpg.rf.72a80233589a0a34c5c05b76b2be90da.jpg,640,640
train,fshoplifting_2_24_486_jpg.rf.d11fb0004be2ab6f17ea9185c00c4c38.jpg,640,640
train,fshoplifting_2_24_4872_jpg.rf.ce9aaa70c5b54daa40d9f3c333a84d03.jpg,640,640
train,fshoplifting_2_24_4884_jpg.rf.a4fe88492ac61ff8ed9fe5c5f4e4722e.jpg,640,640
train,fshoplifting_2_24_4890_jpg.rf.34b5e38dee1946d220216ea97c5e012b.jpg,640,640
train,fshoplifting_2_24_4908_jpg.rf.097de0b11dceb1e13f416f1a2907c1c9.jpg,640,640
train,fshoplifting_2_24_4914_jpg.rf.de08ac3231c751eb2dc2ea9fd215d1a3.jpg,640,640
train,fshoplifting_2_24_4920_jpg.rf.206f100b22edadde748143c5376028b4.jpg,640,640
train,fshoplifting_2_24_4926_jpg.rf.30687f54085ba02c1d268ee8402740fb.jpg,640,640
train,fshoplifting_2_24_4944_jpg.rf.619330f2ae724d07268850486fab1bd4.jpg,640,640
train,fshoplifting_2_24_4962_jpg.rf.54cce8372879eb34746d67da18112cc0.jpg,640,640
train,fshoplifting_2_24_4974_jpg.rf.b5cb29a83b7e0300124c8c7367dcc796.jpg,640,640
train,fshoplifting_2_24_4986_jpg.rf.ec7b30f54f4e9e5c940cd946ada37b7c.jpg,640,640
train,fshoplifting_2_24_498_jpg.rf.832d218bb0dbef2c4d9f3a02dac8809a.jpg,640,640
train,fshoplifting_2_24_4992_jpg.rf.7a14fda09826151e837903f729371211.jpg,640,640
train,fshoplifting_2_24_504_jpg.rf.c48e05a564c70f1e9433dcfb703ae60d.jpg,640,640
train,fshoplifting_2_24_516_jpg.rf.c11ad3e1712772577a016a290ef02ddc.jpg,640,640
train,fshoplifting_2_24_522_jpg.rf.b487c481b17b54fe15de42ffd352a8fe.jpg,640,640
train,fshoplifting_2_24_528_jpg.rf.e590f72d4011363c5650379c11cb2fec.jpg,640,640
train,fshoplifting_2_24_534_jpg.rf.0e1a92c2a0c61f6024bfcf23cfa6881b.jpg,640,640
train,fshoplifting_2_24_540_jpg.rf.8857f68b31a142899f93f1db41629f90.jpg,640,640
train,fshoplifting_2_24_54_jpg.rf.452b4c7213fea3a462b2cfaea1caf685.jpg,640,640
train,fshoplifting_2_24_558_jpg.rf.53c49d158c1bb5b0420f695ae57cd14e.jpg,640,640
train,fshoplifting_2_24_564_jpg.rf.445074133df125fdefe49aaa2cae9efc.jpg,640,640
train,fshoplifting_2_24_570_jpg.rf.d2a378090af4c1bc7fbb8f5d8612461f.jpg,640,640
train,fshoplifting_2_24_576_jpg.rf.70d3c13b1dbb9586b867b2a6afde789d.jpg,640,640
train,fshoplifting_2_24_588_jpg.rf.5ec2b005ca87de6fdb409f906d730996.jpg,640,640
train,fshoplifting_2_24_594_jpg.rf.0cd99dba6569da582ebbd17bf8ae487c.jpg,640,640
train,fshoplifting_2_24_600_jpg.rf.908695e179dde4179b0b468274dabee5.jpg,640,640
train,fshoplifting_2_24_606_jpg.rf.35e9e07104724abef39a57b11f283256.jpg,640,640
train,fshoplifting_2_24_60_jpg.rf.30d40199dc43f38da3b6f40d6aeebfcc.jpg,640,640
train,fshoplifting_2_24_612_jpg.rf.066e065bb13b771a58852a7f294b2e17.jpg,640,640
train,fshoplifting_2_24_618_jpg.rf.a7eed1d922674579b52cd7f643d37fec.jpg,640,640
train,fshoplifting_2_24_624_jpg.rf.9377836b39d156509b6129d8d11d2ce9.jpg,640,640
train,fshoplifting_2_24_630_jpg.rf.dc03eebf6503948aa3f67df8a97a18ac.jpg,640,640
train,fshoplifting_2_24_648_jpg.rf.e1df91a180b56f425705b5403ac88493.jpg,640,640
train,fshoplifting_2_24_654_jpg.rf.16fb9c55d898e19aced0ade64d0f06df.jpg,640,640
train,fshoplifting_2_24_660_jpg.rf.af39f0142e9092fd1cf4ceb8e753d708.jpg,640,640
train,fshoplifting_2_24_678_jpg.rf.e171bc230abee347a39bb2f19fd97dce.jpg,640,640
train,fshoplifting_2_24_684_jpg.rf.3073bf3b1783922e199bfbe6b5626903.jpg,640,640
train,fshoplifting_2_24_690_jpg.rf.036414b312af935f475d89e90d08c484.jpg,640,640
train,fshoplifting_2_24_6_jpg.rf.f13e1d26f46b910ee01cfcb1129dcdd8.jpg,640,640
train,fshoplifting_2_24_702_jpg.rf.e41ebeb69225f2dc2ee800ca5d8c879b.jpg,640,640
train,fshoplifting_2_24_708_jpg.rf.47c09d5d3061c36034f464f5cd6a60f0.jpg,640,640
train,fshoplifting_2_24_714_jpg.rf.8d28f36ad9503881e19b02f5087391b6.jpg,640,640
train,fshoplifting_2_24_72_jpg.rf.4451d508252bc641d14cb23ff6a95d75.jpg,640,640
train,fshoplifting_2_24_738_jpg.rf.f7487b42f643aae6d1bf0887f56a6d5b.jpg,640,640
train,fshoplifting_2_24_744_jpg.rf.d84ab843f003b7741c1dc2ae662b2411.jpg,640,640
train,fshoplifting_2_24_750_jpg.rf.1a217c3b52038cd00767fa577b0b4155.jpg,640,640
train,fshoplifting_2_24_756_jpg.rf.18cbaacd68bf2326146195833fa2ff3f.jpg,640,640
train,fshoplifting_2_24_762_jpg.rf.4162a3526ff335ff7d5a5b4a0c242cc8.jpg,640,640
train,fshoplifting_2_24_768_jpg.rf.2c89e11e613ab0f3373d51005fd4cfe2.jpg,640,640
train,fshoplifting_2_24_774_jpg.rf.ab8a29c53ab2b7b44703f72b1cb7619f.jpg,640,640
train,fshoplifting_2_24_780_jpg.rf.24d77e286679390104453e907b8c5b5b.jpg,640,640
train,fshoplifting_2_24_786_jpg.rf.e76615ec632c1e9b3a5460473cde6a5a.jpg,640,640
train,fshoplifting_2_24_78_jpg.rf.aaaa25e4084c2883b31447996383cc91.jpg,640,640
train,fshoplifting_2_24_816_jpg.rf.2c8f32bd7d98693cd19521e6fd6a2aa7.jpg,640,640
train,fshoplifting_2_24_828_jpg.rf.b8b603078fa9b9e92d04497824733b47.jpg,640,640
train,fshoplifting_2_24_834_jpg.rf.ab937ab32c35098e6edfc9317dc0554e.jpg,640,640
train,fshoplifting_2_24_840_jpg.rf.09e62a4316e97098637988747851ff0d.jpg,640,640
train,fshoplifting_2_24_84_jpg.rf.a91f1bdb422fc744686dabb1da55ff49.jpg,640,640
train,fshoplifting_2_24_852_jpg.rf.4df966c3d152ad14151f40e22cde1e62.jpg,640,640
train,fshoplifting_2_24_858_jpg.rf.1f6cd6ea0714875ef39aa12ce807fc0a.jpg,640,640
train,fshoplifting_2_24_876_jpg.rf.ed748d9c14233c3ee1cf26f5e98e4837.jpg,640,640
train,fshoplifting_2_24_882_jpg.rf.f5daeccb52ca1adcb83828dfb6a089df.jpg,640,640
train,fshoplifting_2_24_888_jpg.rf.a364df6cfe708e98b03aa230c094a978.jpg,640,640
train,fshoplifting_2_24_894_jpg.rf.9105fe2d81e0fb9f2a57fc627c1de955.jpg,640,640
train,fshoplifting_2_24_900_jpg.rf.66cbc7996fa793da06c2e5b01863887e.jpg,640,640
train,fshoplifting_2_24_90_jpg.rf.c5ac47c5cdb28352268f3f4d8fcb5e10.jpg,640,640
train,fshoplifting_2_24_912_jpg.rf.f5b82aa7c9aa913429d001ff02ba50d1.jpg,640,640
train,fshoplifting_2_24_918_jpg.rf.44a8a79c87d3ecd28559fe9c88c8afca.jpg,640,640
train,fshoplifting_2_24_924_jpg.rf.bfc88b1a41d50b969284b3c325fb65c1.jpg,640,640
train,fshoplifting_2_24_930_jpg.rf.b2134f94575f48c5568e4a5fd178d359.jpg,640,640
train,fshoplifting_2_24_954_jpg.rf.e3426f0fa3c890ab9a6ce0aec30ba333.jpg,640,640
train,fshoplifting_2_24_960_jpg.rf.e3f7504f57b78700fd1ddd66dbb17ccb.jpg,640,640
train,fshoplifting_2_24_966_jpg.rf.c378f3ec8bb1e16e2975dabb7f99e68e.jpg,640,640
train,fshoplifting_2_24_96_jpg.rf.5fa51b14298ef9428b612c392f5c2391.jpg,640,640
train,fshoplifting_2_24_978_jpg.rf.c66886e674426678bb52062851e9f931.jpg,640,640
train,fshoplifting_2_24_990_jpg.rf.ea189dd11e26e298ed8c441fc6fc5975.jpg,640,640
train,fshoplifting_2_24_996_jpg.rf.206be17523159be0ef242a5da884149a.jpg,640,640
train,fshoplifting_2_25_0_jpg.rf.31d7b282749759c20b878df25e9b86f1.jpg,640,640
train,fshoplifting_2_25_102_jpg.rf.aa6be1e84653372dbafbdd03c62a33e3.jpg,640,640
train,fshoplifting_2_25_108_jpg.rf.fdcf253bc2815076784ca12463b18c3b.jpg,640,640
train,fshoplifting_2_25_114_jpg.rf.2a0b2881601fa7215f56f7d554fca199.jpg,640,640
train,fshoplifting_2_25_120_jpg.rf.87c64f66f553e1f4cf007b79577ea716.jpg,640,640
train,fshoplifting_2_25_156_jpg.rf.43432861a3911a7032f03eef47902604.jpg,640,640
train,fshoplifting_2_25_162_jpg.rf.ff6c35b6b9944c56af79a34b8ffceac1.jpg,640,640
train,fshoplifting_2_25_168_jpg.rf.7ba26c426468e3da3bc8fe24b1b59179.jpg,640,640
train,fshoplifting_2_25_174_jpg.rf.e4c864bbff2794c7e50c3f2153b01277.jpg,640,640
train,fshoplifting_2_25_186_jpg.rf.8d71b9a61d8ee02cbbac7aaea7fff842.jpg,640,640
train,fshoplifting_2_25_18_jpg.rf.2ec32697875f4f539612acc28e5648b8.jpg,640,640
train,fshoplifting_2_25_192_jpg.rf.95e949bced2f6641672630b161e8468f.jpg,640,640
train,fshoplifting_2_25_198_jpg.rf.4853e6d544c384e611bff349e0bfd656.jpg,640,640
train,fshoplifting_2_25_204_jpg.rf.cd8f0801aea5c260d512ba6d7255f803.jpg,640,640
train,fshoplifting_2_25_216_jpg.rf.5a483e0bd28ce71be93be27eeb6b27be.jpg,640,640
train,fshoplifting_2_25_228_jpg.rf.8dcbfcd7a516dfdce662d050a6c90e4f.jpg,640,640
train,fshoplifting_2_25_234_jpg.rf.cd0cd540a70679da5225f278946435fc.jpg,640,640
train,fshoplifting_2_25_240_jpg.rf.0f5a8a3b2ea311559f47c34c689f26a2.jpg,640,640
train,fshoplifting_2_25_24_jpg.rf.adaafbf79a961952c00d03a1d9c8f281.jpg,640,640
train,fshoplifting_2_25_252_jpg.rf.40101f07181a2d2d513e12d7fd4352c4.jpg,640,640
train,fshoplifting_2_25_264_jpg.rf.2b00b70d1cbe7e2d02f47b9d9659bf4e.jpg,640,640
train,fshoplifting_2_25_282_jpg.rf.04f3e6d932f685c60f3df5335ab2006a.jpg,640,640
train,fshoplifting_2_25_288_jpg.rf.96549df141becb597a754d2176c812bf.jpg,640,640
train,fshoplifting_2_25_294_jpg.rf.5457ee291435c00265b162e166ee3bc9.jpg,640,640
train,fshoplifting_2_25_30_jpg.rf.5f8e2ef4d309c78eb79fc98ea385fe16.jpg,640,640
train,fshoplifting_2_25_312_jpg.rf.2950c5258dea53b899ef41d40e4ad6af.jpg,640,640
train,fshoplifting_2_25_336_jpg.rf.95d9817e964e5a72d4029860a0feb333.jpg,640,640
train,fshoplifting_2_25_342_jpg.rf.f4fb0700bf7f2cb6eb69e73293883ccf.jpg,640,640
train,fshoplifting_2_25_348_jpg.rf.660b7a0617e713499070859d35f66036.jpg,640,640
train,fshoplifting_2_25_354_jpg.rf.0f5c960af9302e6e7d48875ebf1af4da.jpg,640,640
train,fshoplifting_2_25_366_jpg.rf.2bb32546ab34858a7c49f3a1b2244dcb.jpg,640,640
train,fshoplifting_2_25_372_jpg.rf.7cc7db714051a0fd3541ebf8beded83f.jpg,640,640
train,fshoplifting_2_25_378_jpg.rf.906050c3020615b19bab4ca1ba3f1279.jpg,640,640
train,fshoplifting_2_25_390_jpg.rf.84bf78ac3647bfb63bcfb6cedec1d51f.jpg,640,640
train,fshoplifting_2_25_396_jpg.rf.96e95810fafcfc3c1a20329ebacc1191.jpg,640,640
train,fshoplifting_2_25_402_jpg.rf.02af5034a4fc1fc45f783b3d38495797.jpg,640,640
train,fshoplifting_2_25_42_jpg.rf.78056631feaceb069c8b7da783e71c89.jpg,640,640
train,fshoplifting_2_25_48_jpg.rf.52d971437d156fd4cfbe68bb3aacfab5.jpg,640,640
train,fshoplifting_2_25_54_jpg.rf.f90d382082fc7c942a274f261f8b8eb4.jpg,640,640
train,fshoplifting_2_25_60_jpg.rf.35ba5f4842018f67a28e220045e20bc9.jpg,640,640
train,fshoplifting_2_25_6_jpg.rf.3a03fe1271e0cfca39e8490b6d4c8d0d.jpg,640,640
train,fshoplifting_2_25_72_jpg.rf.c24af36b4b9088c74e8ca7291fc49cde.jpg,640,640
train,fshoplifting_2_25_78_jpg.rf.a88f0af340b26e6f6ad0818a366affba.jpg,640,640
train,fshoplifting_2_25_84_jpg.rf.58cbb18b8b539951b1d35df77242ddbb.jpg,640,640
train,fshoplifting_2_25_90_jpg.rf.3111ab3debe2b782a79fb4424a581da8.jpg,640,640
train,fshoplifting_2_25_96_jpg.rf.91f54cfa241a2f7a273e26b59e3e0245.jpg,640,640
train,fshoplifting_2_26_0_jpg.rf.de4f10a0e065999728c102eb67b58f27.jpg,640,640
train,fshoplifting_2_26_18_jpg.rf.74c1e1db7171c123c1920958af14bdee.jpg,640,640
train,fshoplifting_2_26_36_jpg.rf.5411a92cc98c71ec65879cfa871387cc.jpg,640,640
train,fshoplifting_2_26_48_jpg.rf.71ba664159a130e9aa4ea5a85974e0f0.jpg,640,640
train,fshoplifting_2_26_6_jpg.rf.c45a84414382ffe5ff2c3bf5b993bcbc.jpg,640,640
train,fshoplifting_2_26_72_jpg.rf.9538fd9a55f50f380632eb341661dd6d.jpg,640,640
train,fshoplifting_2_26_78_jpg.rf.fa7c20da833024871dbb102273feb03e.jpg,640,640
train,fshoplifting_2_26_90_jpg.rf.aba81abd7bc6445d20ce012b52176144.jpg,640,640
train,fshoplifting_2_26_96_jpg.rf.8eef44da6bb8a8d22d21edadf6f2d09a.jpg,640,640
train,fshoplifting_2_27_102_jpg.rf.a173eeac11f3423154035164a9cdaf63.jpg,640,640
train,fshoplifting_2_27_1032_jpg.rf.7bec4e1a1c7c6475921cd78d285a6445.jpg,640,640
train,fshoplifting_2_27_1038_jpg.rf.c4edd2bd935954221d4aba2f91434a73.jpg,640,640
train,fshoplifting_2_27_1074_jpg.rf.ffd1be03863a8156101a7e6261070a1d.jpg,640,640
train,fshoplifting_2_27_1080_jpg.rf.da1a96ea3fd3aa657e4570c0b97f5308.jpg,640,640
train,fshoplifting_2_27_1086_jpg.rf.9badd7670614a8d0f2d05e1c953a3ba9.jpg,640,640
train,fshoplifting_2_27_1092_jpg.rf.057183e0a9159721da03529dece3fa9a.jpg,640,640
train,fshoplifting_2_27_1098_jpg.rf.410e53342ce642b9867e9d66ded16fbe.jpg,640,640
train,fshoplifting_2_27_1104_jpg.rf.2bb07d4ab7f74957c8b98c1601e79415.jpg,640,640
train,fshoplifting_2_27_1110_jpg.rf.84141a69eab4249b0e7ed75319fd7920.jpg,640,640
train,fshoplifting_2_27_1116_jpg.rf.ef790c94fcc9eeee2c0130684f97233a.jpg,640,640
train,fshoplifting_2_27_1122_jpg.rf.c7f6e0631d1b84d2dbdd5a0a82df7a0e.jpg,640,640
train,fshoplifting_2_27_1134_jpg.rf.b962241fb15da823fb73ea497f631064.jpg,640,640
train,fshoplifting_2_27_1140_jpg.rf.a6885957e43e6ed1fc14d3279b0711e3.jpg,640,640
train,fshoplifting_2_27_1146_jpg.rf.2dd15ed8dadcc1366b8d5aed57f6e860.jpg,640,640
train,fshoplifting_2_27_1158_jpg.rf.93bac47bfbc694bdd06c57c6f748f59e.jpg,640,640
train,fshoplifting_2_27_1164_jpg.rf.f94a698464bcc0e25beef1155feeac23.jpg,640,640
train,fshoplifting_2_27_1170_jpg.rf.5a6708367c93784ad4265eaead106f74.jpg,640,640
train,fshoplifting_2_27_1182_jpg.rf.a01eaf398f56d5a001e584a74b7860c6.jpg,640,640
train,fshoplifting_2_27_1188_jpg.rf.caa2c032439c77c3bf1b5d9b9f3e2787.jpg,640,640
train,fshoplifting_2_27_1194_jpg.rf.15c89bb50d3a9f294b270f2bdb29ed85.jpg,640,640
train,fshoplifting_2_27_1200_jpg.rf.701f71c07a42a4044bea6c1dbad2cc64.jpg,640,640
train,fshoplifting_2_27_1206_jpg.rf.195818ec175f107aa6c3c275a4ef55f8.jpg,640,640
train,fshoplifting_2_27_120_jpg.rf.9ad4e613adc307e0ab650d84d21127ca.jpg,640,640
train,fshoplifting_2_27_1212_jpg.rf.9dad839ba27649ffa8ca9c156311b5f0.jpg,640,640
train,fshoplifting_2_27_1218_jpg.rf.e5177b9224f9da31d2d63a1ee414c2df.jpg,640,640
train,fshoplifting_2_27_1224_jpg.rf.8e3a546224ca156d677ad1783420474d.jpg,640,640
train,fshoplifting_2_27_1230_jpg.rf.d438779dc9462e91a230724235300235.jpg,640,640
train,fshoplifting_2_27_1236_jpg.rf.dbe0641c0f93c0bfbb65f1bb9d528857.jpg,640,640
train,fshoplifting_2_27_1254_jpg.rf.0af0afcaf94b548f98fdd41940b65aa9.jpg,640,640
train,fshoplifting_2_27_1260_jpg.rf.2b9c603cc393fee81cefa2bc8988ef3f.jpg,640,640
train,fshoplifting_2_27_1266_jpg.rf.b4b94dace593e96be8200c473f5a2865.jpg,640,640
train,fshoplifting_2_27_126_jpg.rf.08ff49cba21b74d5a3c3afafc90c01da.jpg,640,640
train,fshoplifting_2_27_1278_jpg.rf.f76dea99b8f40c8e46d52212d20a5061.jpg,640,640
train,fshoplifting_2_27_1290_jpg.rf.036fde3022e32f0fa6441aa39e77e292.jpg,640,640
train,fshoplifting_2_27_1296_jpg.rf.c5779476c1659de420d77302e6fafe1e.jpg,640,640
train,fshoplifting_2_27_12_jpg.rf.3d600506709ec5995638162fedb1d314.jpg,640,640
train,fshoplifting_2_27_1302_jpg.rf.678999c8ac814347a5aa9a550cc8ad55.jpg,640,640
train,fshoplifting_2_27_1320_jpg.rf.d1fc3482dadd518c977b68e8add4c88d.jpg,640,640
train,fshoplifting_2_27_1326_jpg.rf.13fcb6f20b110893f69cd57228c5d3a8.jpg,640,640
train,fshoplifting_2_27_132_jpg.rf.2f300240aefee0b5e993e5d028ae6d2e.jpg,640,640
train,fshoplifting_2_27_1338_jpg.rf.f40ce215a4837e14f2c2c6efd9dc3eff.jpg,640,640
train,fshoplifting_2_27_1344_jpg.rf.44cc08b8767137035695429001f0b01a.jpg,640,640
train,fshoplifting_2_27_1350_jpg.rf.0868b0360af877d03284134e65139db4.jpg,640,640
train,fshoplifting_2_27_1356_jpg.rf.1872cbda86aa987782ca127694bea786.jpg,640,640
train,fshoplifting_2_27_1374_jpg.rf.fe4f3790747c82f828d543a568c6f066.jpg,640,640
train,fshoplifting_2_27_1380_jpg.rf.eeee53b51ee13b90a1abd4478a7d80b1.jpg,640,640
train,fshoplifting_2_27_1386_jpg.rf.4ddee0fb4a308291a963ddf80901beae.jpg,640,640
train,fshoplifting_2_27_138_jpg.rf.52350333d7fe525b2cda33767805c6f0.jpg,640,640
train,fshoplifting_2_27_1392_jpg.rf.c963410d568a521ffee01e9a21a67ff4.jpg,640,640
train,fshoplifting_2_27_1398_jpg.rf.feeedc793cbed2be428d6b161d6bbf67.jpg,640,640
train,fshoplifting_2_27_1416_jpg.rf.94c474dece59aea4e357cff91bd22be6.jpg,640,640
train,fshoplifting_2_27_1422_jpg.rf.68a059398707e003bd553f3df42eb23a.jpg,640,640
train,fshoplifting_2_27_1434_jpg.rf.318ea45a2534208a3eeb81b329b4b5c6.jpg,640,640
train,fshoplifting_2_27_1440_jpg.rf.998913dfdf6340750f6a9d7a89b053de.jpg,640,640
train,fshoplifting_2_27_1446_jpg.rf.bf9079b74a42828a1a87c2fcff92b9d8.jpg,640,640
train,fshoplifting_2_27_144_jpg.rf.07fe47b3299f036485d425d012902d86.jpg,640,640
train,fshoplifting_2_27_1452_jpg.rf.c24c49d69da68888e935bd335f937ee5.jpg,640,640
train,fshoplifting_2_27_1464_jpg.rf.a326330e7fb06efafcd81332588da6be.jpg,640,640
train,fshoplifting_2_27_1470_jpg.rf.0fb162342b1ace27a9021985f421f4ef.jpg,640,640
train,fshoplifting_2_27_1494_jpg.rf.e3b35dd889401912659d62cabae5e52b.jpg,640,640
train,fshoplifting_2_27_150_jpg.rf.952fbd8d49d1c931d54de138b34a5365.jpg,640,640
train,fshoplifting_2_27_1518_jpg.rf.f7b428db152b913dc704ccd9deed10c7.jpg,640,640
train,fshoplifting_2_27_1530_jpg.rf.7577a3bc9b24d0a0c4989518206265bc.jpg,640,640
train,fshoplifting_2_27_1536_jpg.rf.5aca8528fd7a6b603f6607303e21d66e.jpg,640,640
train,fshoplifting_2_27_1542_jpg.rf.81de46509ea4b71761e56c05bd21d99d.jpg,640,640
train,fshoplifting_2_27_1554_jpg.rf.0410cf91bcb10d68208fe7e123792fac.jpg,640,640
train,fshoplifting_2_27_1566_jpg.rf.fb6e7ff356e292e99e29ad8f68e80473.jpg,640,640
train,fshoplifting_2_27_156_jpg.rf.ee32fa96eaf27b0ed73803c70391f9a1.jpg,640,640
train,fshoplifting_2_27_1572_jpg.rf.ed3f4fa0347f201a9b79fa1ed1fce7f8.jpg,640,640
train,fshoplifting_2_27_1578_jpg.rf.f69301e0f757fec3478018060cbca9b5.jpg,640,640
train,fshoplifting_2_27_1584_jpg.rf.f4f057eab810854c6e0adffd3214008b.jpg,640,640
train,fshoplifting_2_27_1596_jpg.rf.cc053f28cdb75ba1c58f7e51cb99a911.jpg,640,640
train,fshoplifting_2_27_1602_jpg.rf.40b2c8405a0f42bbbd2c5c96ff4f2fe9.jpg,640,640
train,fshoplifting_2_27_1620_jpg.rf.a223273be8bd4c9e4e59dc64c1d1aed9.jpg,640,640
train,fshoplifting_2_27_1632_jpg.rf.97b7fda9e728dbbb87b66e90ec8c2331.jpg,640,640
train,fshoplifting_2_27_1638_jpg.rf.6841a57651e85ad84805cfeeaf6c79d5.jpg,640,640
train,fshoplifting_2_27_1650_jpg.rf.9067b44310be627fec60097c690b57a7.jpg,640,640
train,fshoplifting_2_27_1668_jpg.rf.cfa2370fd6f6872eef5abd4e5eecf4c5.jpg,640,640
train,fshoplifting_2_27_1674_jpg.rf.e90db2a2103c8495fabd66a87f60fcd1.jpg,640,640
train,fshoplifting_2_27_1680_jpg.rf.f9c585845ce51c2fb7ef34b2de1c8573.jpg,640,640
train,fshoplifting_2_27_168_jpg.rf.b50d848e968fbb52ef0be5b2c6c2085b.jpg,640,640
train,fshoplifting_2_27_1704_jpg.rf.8cf7cdc3ac974cf1305344542fa89dd0.jpg,640,640
train,fshoplifting_2_27_1722_jpg.rf.5c20cbc9aaa30cf8f89fce55b17e280e.jpg,640,640
train,fshoplifting_2_27_1728_jpg.rf.f1f2852f10faf0060ba852c55c6467f8.jpg,640,640
train,fshoplifting_2_27_1734_jpg.rf.9204e0084f91e9c1cc68a266a3a69126.jpg,640,640
train,fshoplifting_2_27_1740_jpg.rf.664f5b05326ecf88812cf433fdc1e74e.jpg,640,640
train,fshoplifting_2_27_1746_jpg.rf.86a51e734bfdb6da2ed8761ac1802a37.jpg,640,640
train,fshoplifting_2_27_174_jpg.rf.81dcbf5f908dfc1836f47e6579475023.jpg,640,640
train,fshoplifting_2_27_1752_jpg.rf.be20a07fe635ff086fe1ed1e11aeb5f4.jpg,640,640
train,fshoplifting_2_27_1776_jpg.rf.3d992932b907794cf54fe866c8c4be8e.jpg,640,640
train,fshoplifting_2_27_1782_jpg.rf.f1d357a4e9cb05294b64b434504b3d38.jpg,640,640
train,fshoplifting_2_27_1788_jpg.rf.4a6e23a51fa6da3ee3d4ebb07fc4e8e4.jpg,640,640
train,fshoplifting_2_27_1794_jpg.rf.dfc78e51c8148fb7e0e1420f233610eb.jpg,640,640
train,fshoplifting_2_27_1800_jpg.rf.323066bff35a958dae2a14a95cb8e9fe.jpg,640,640
train,fshoplifting_2_27_1806_jpg.rf.5f31aae64e27cec6de3146493d09a1cb.jpg,640,640
train,fshoplifting_2_27_1812_jpg.rf.07431b68ff4306887b4d15a1a345d7a5.jpg,640,640
train,fshoplifting_2_27_1818_jpg.rf.ba4e34ebf365254d83f620f3aa2333be.jpg,640,640
train,fshoplifting_2_27_1824_jpg.rf.222064f22a96f9d8e0e6fee4f9cadd6b.jpg,640,640
train,fshoplifting_2_27_186_jpg.rf.18c14c92639037bb9f1a771c296523fc.jpg,640,640
train,fshoplifting_2_27_18_jpg.rf.15fd6e062c01ad596c17a362e224ba68.jpg,640,640
train,fshoplifting_2_27_198_jpg.rf.673ee422c9b331a42e724d908882476b.jpg,640,640
train,fshoplifting_2_27_204_jpg.rf.f39fd5e436b59652452437d95871bf1b.jpg,640,640
train,fshoplifting_2_27_210_jpg.rf.46f717558e87be00d48f996b1bf01e25.jpg,640,640
train,fshoplifting_2_27_234_jpg.rf.6af7a36f3dae80d11bd22d756b1702d5.jpg,640,640
train,fshoplifting_2_27_240_jpg.rf.f84420335f40f4254f24b353f0bc424c.jpg,640,640
train,fshoplifting_2_27_246_jpg.rf.cf48b13457ae5a9df7a62249a11bcb8b.jpg,640,640
train,fshoplifting_2_27_24_jpg.rf.e25e668a4edddf3f5052512b1b85a51e.jpg,640,640
train,fshoplifting_2_27_252_jpg.rf.e9382ad88b3c36b5a8d8e2a00f1aef9b.jpg,640,640
train,fshoplifting_2_27_276_jpg.rf.9b49164c5021a2b1ebd729c8b5c69a92.jpg,640,640
train,fshoplifting_2_27_288_jpg.rf.164a1e12700b2a56194fb28945bd558f.jpg,640,640
train,fshoplifting_2_27_294_jpg.rf.3e7371c31f5ce4276fe513bcdfa1504c.jpg,640,640
train,fshoplifting_2_27_300_jpg.rf.a67730121cdf17e8523766f4ca368b6c.jpg,640,640
train,fshoplifting_2_27_306_jpg.rf.7bffd03c93b00a10005246e9298ea6da.jpg,640,640
train,fshoplifting_2_27_30_jpg.rf.a357b71ea1a592822482cdc335a5849a.jpg,640,640
train,fshoplifting_2_27_318_jpg.rf.d34459594c634f7b08e4a5e30b7268c5.jpg,640,640
train,fshoplifting_2_27_324_jpg.rf.cf45391a2d49363fe4afdca676497452.jpg,640,640
train,fshoplifting_2_27_330_jpg.rf.e4d246ca5448b38d3fd021ee11226f78.jpg,640,640
train,fshoplifting_2_27_336_jpg.rf.611c479546aab94f10f62786c3d0eaf0.jpg,640,640
train,fshoplifting_2_27_342_jpg.rf.e27110942f1a6ffb6e356b51f82981b0.jpg,640,640
train,fshoplifting_2_27_348_jpg.rf.d43297b09c74f429784c0d3ff7fe4f58.jpg,640,640
train,fshoplifting_2_27_354_jpg.rf.361bb5e96e9bf5fe551e17be7c3978b4.jpg,640,640
train,fshoplifting_2_27_360_jpg.rf.c6fd44575f1208d4268a43ea8839377b.jpg,640,640
train,fshoplifting_2_27_366_jpg.rf.dc7e22a41215c6043fb0e6bceb213266.jpg,640,640
train,fshoplifting_2_27_36_jpg.rf.9b1a55a33fff99ea6773576046f83bf6.jpg,640,640
train,fshoplifting_2_27_372_jpg.rf.738255c8e61f4902b1de076f6c5c698d.jpg,640,640
train,fshoplifting_2_27_378_jpg.rf.4b70b11e17c3e34bac6d6c1707ad80ad.jpg,640,640
train,fshoplifting_2_27_390_jpg.rf.9547a951b796ffc15bca1ddc4645eaf2.jpg,640,640
train,fshoplifting_2_27_396_jpg.rf.a882cbf1e755a8ce8a1eb8766e2e0030.jpg,640,640
train,fshoplifting_2_27_402_jpg.rf.e597e500bb6d55ba761a00d1eaf84f6c.jpg,640,640
train,fshoplifting_2_27_408_jpg.rf.066c028b1dbc6962e103e3d8fd80cba4.jpg,640,640
train,fshoplifting_2_27_414_jpg.rf.ef1732d588b7c0429df902c1169cc539.jpg,640,640
train,fshoplifting_2_27_426_jpg.rf.911248b7827f0a5ab04abf4ca2e910c0.jpg,640,640
train,fshoplifting_2_27_42_jpg.rf.7e4991944f55b0d76fe81b8cb2dbaecb.jpg,640,640
train,fshoplifting_2_27_438_jpg.rf.c7b947914e26eb40f5d5db1a0142a6fd.jpg,640,640
train,fshoplifting_2_27_444_jpg.rf.c56f2b1552011e895bf282392f4762bb.jpg,640,640
train,fshoplifting_2_27_450_jpg.rf.c25afce0f512b3b982131c0ef67e51c7.jpg,640,640
train,fshoplifting_2_27_468_jpg.rf.627b50222f05afbcf0bfd45c05d27ef0.jpg,640,640
train,fshoplifting_2_27_474_jpg.rf.8bb34cb78f105e3035c94284c9b7a6b5.jpg,640,640
train,fshoplifting_2_27_480_jpg.rf.c72eb18fdd3700ab03b0b7f7c0299307.jpg,640,640
train,fshoplifting_2_27_486_jpg.rf.f73299ee0d04e8f1ab53e11cc9e3f9db.jpg,640,640
train,fshoplifting_2_27_48_jpg.rf.db2a7486ab51a24efb4abcc6d4891473.jpg,640,640
train,fshoplifting_2_27_492_jpg.rf.bee0738cb44bd82b4275483a994c221f.jpg,640,640
train,fshoplifting_2_27_510_jpg.rf.dad6da3d693cec138e27378de82f3b5b.jpg,640,640
train,fshoplifting_2_27_516_jpg.rf.920098ed085000d5492579c9b39fabb0.jpg,640,640
train,fshoplifting_2_27_522_jpg.rf.886274d623583719e302bfeeb59ad014.jpg,640,640
train,fshoplifting_2_27_528_jpg.rf.13cab59971028e65ca6ca872808a34a8.jpg,640,640
train,fshoplifting_2_27_534_jpg.rf.72ea74444b70c4cab79725bfd54fb909.jpg,640,640
train,fshoplifting_2_27_540_jpg.rf.03367197607030ca726a3a14e0cc86d8.jpg,640,640
train,fshoplifting_2_27_546_jpg.rf.c3a3c5dbf095396ca35b207315d2e11f.jpg,640,640
train,fshoplifting_2_27_54_jpg.rf.d2241890adf6dc7681b47196c245de79.jpg,640,640
train,fshoplifting_2_27_552_jpg.rf.d3c360b2e5c44312f6c8a038166d0342.jpg,640,640
train,fshoplifting_2_27_558_jpg.rf.baaebcf605f771072010c78d34fe89fc.jpg,640,640
train,fshoplifting_2_27_570_jpg.rf.ac9c7042e4ddaddf9251dfa8b7c7702e.jpg,640,640
train,fshoplifting_2_27_576_jpg.rf.417cee3d379bb1ff7ef1482424913790.jpg,640,640
train,fshoplifting_2_27_588_jpg.rf.d0821fc276e1e46add6727976f201d30.jpg,640,640
train,fshoplifting_2_27_594_jpg.rf.414c8a8c8adf12807451b8f379634671.jpg,640,640
train,fshoplifting_2_27_600_jpg.rf.d89cd4f86f0b0a6c2706bb2bc3cc6614.jpg,640,640
train,fshoplifting_2_27_612_jpg.rf.553c3a4e7e4619f5ce94f64369502584.jpg,640,640
train,fshoplifting_2_27_618_jpg.rf.278c400f19e1833de341fcb4c7a382ed.jpg,640,640
train,fshoplifting_2_27_624_jpg.rf.2ce5b0fd39133c71e9e02ab9021c05e1.jpg,640,640
train,fshoplifting_2_27_630_jpg.rf.1fb489053a785a047c32845b506aefd0.jpg,640,640
train,fshoplifting_2_27_636_jpg.rf.0ed1217f0fa99a7ef807edbd25c9995e.jpg,640,640
train,fshoplifting_2_27_642_jpg.rf.f02360ec761e823af609d7af975676e2.jpg,640,640
train,fshoplifting_2_27_654_jpg.rf.932df334bf5f917002ad041151c8adfc.jpg,640,640
train,fshoplifting_2_27_660_jpg.rf.9436c8e854f6c48cdc61c473f6b8a71a.jpg,640,640
train,fshoplifting_2_27_666_jpg.rf.28f15bc16b339d0c96ec0c3c1de7b4ac.jpg,640,640
train,fshoplifting_2_27_672_jpg.rf.13baad56e340c0785b68216d80a02395.jpg,640,640
train,fshoplifting_2_27_678_jpg.rf.f499d5f37d5ba2e5d9bf1bc72167715b.jpg,640,640
train,fshoplifting_2_27_696_jpg.rf.c6f340030f75e8771ff9dfa93fcdb281.jpg,640,640
train,fshoplifting_2_27_6_jpg.rf.48fde6f5b9ef0b03f92b98b7eb0a2d1d.jpg,640,640
train,fshoplifting_2_27_702_jpg.rf.ec59a34c4b9e08e717430a51d5594496.jpg,640,640
train,fshoplifting_2_27_708_jpg.rf.06037b33c01bbea3ec36a9e7c7ae571e.jpg,640,640
train,fshoplifting_2_27_714_jpg.rf.a68a1e7b64515d15a1bbc9e574e3bacc.jpg,640,640
train,fshoplifting_2_27_720_jpg.rf.8b11ef1181ead0aacfca8b8ffe6e5f70.jpg,640,640
train,fshoplifting_2_27_732_jpg.rf.c9f98a8bbb765970fd9b5d70ab7b4cd7.jpg,640,640
train,fshoplifting_2_27_738_jpg.rf.798d140fd0268c3bb2565a6781739a14.jpg,640,640
train,fshoplifting_2_27_750_jpg.rf.cbdfde742ff5f6f5f94817c3c341ce82.jpg,640,640
train,fshoplifting_2_27_756_jpg.rf.dfc74539842df5bc040400da029eacb1.jpg,640,640
train,fshoplifting_2_27_762_jpg.rf.2bc443a3479808ba1cded8100df2363a.jpg,640,640
train,fshoplifting_2_27_768_jpg.rf.d5e81d6fe17ddbf163a0320af0196d34.jpg,640,640
train,fshoplifting_2_27_786_jpg.rf.183da814b5d4e926a8a8095c28936643.jpg,640,640
train,fshoplifting_2_27_798_jpg.rf.e27f9b0e87c8c9eb58f4a65ef90e3da2.jpg,640,640
train,fshoplifting_2_27_810_jpg.rf.0866f47be1d09b4bc97f63dcfccf1a62.jpg,640,640
train,fshoplifting_2_27_816_jpg.rf.19645441a1d0fa2af9cc232dfdac93c9.jpg,640,640
train,fshoplifting_2_27_822_jpg.rf.7f508cafe7ebb613de5b8cd68e3fbdc3.jpg,640,640
train,fshoplifting_2_27_828_jpg.rf.d1dbaf278213c296c8ccb682032f6d4b.jpg,640,640
train,fshoplifting_2_27_834_jpg.rf.5b216367ef9b16ad15fae4bc6dda0bf6.jpg,640,640
train,fshoplifting_2_27_84_jpg.rf.05e8bc7e5fb5f1b97e3737c0ca5c7533.jpg,640,640
train,fshoplifting_2_27_852_jpg.rf.6d3e0a696f3632220d86fe39fc3475d1.jpg,640,640
train,fshoplifting_2_27_864_jpg.rf.03cbc0f1b8dbd09ebea331d250414c6c.jpg,640,640
train,fshoplifting_2_27_870_jpg.rf.1f1852d23a211e710eef0ff2a799f12d.jpg,640,640
train,fshoplifting_2_27_876_jpg.rf.22c2fd77b6d2d727c5adb615763f015c.jpg,640,640
train,fshoplifting_2_27_894_jpg.rf.7241674698d7fd13ae0ec526ff59a83e.jpg,640,640
train,fshoplifting_2_27_900_jpg.rf.0ad0d9f8a542255a174c04df155cc09f.jpg,640,640
train,fshoplifting_2_27_906_jpg.rf.d171a9116a6f113607fc258f17ca4e16.jpg,640,640
train,fshoplifting_2_27_90_jpg.rf.15923da1d2520aab65ee6ab736f1e99c.jpg,640,640
train,fshoplifting_2_27_912_jpg.rf.fccd7e7e618182f71945f469af41cf29.jpg,640,640
train,fshoplifting_2_27_930_jpg.rf.f99bce9d5bca3e98859c1a4440aa491b.jpg,640,640
train,fshoplifting_2_27_936_jpg.rf.070e7f15c71d4d0730bf5c7fd8db2235.jpg,640,640
train,fshoplifting_2_27_942_jpg.rf.84133a2da022492cf716cbfe8f801edc.jpg,640,640
train,fshoplifting_2_27_948_jpg.rf.49e473fc1d43e3ad20da1b784a0c9e99.jpg,640,640
train,fshoplifting_2_27_954_jpg.rf.df6de9c7c9a047f58ac7aa2773382298.jpg,640,640
train,fshoplifting_2_27_966_jpg.rf.4a98fd81f77101cba8eee9faa230bd9b.jpg,640,640
train,fshoplifting_2_27_96_jpg.rf.dc7f2fba35c8f377524d85c8df1f321b.jpg,640,640
train,fshoplifting_2_27_972_jpg.rf.fc0fe6a111991e87bd1e09ac8c876221.jpg,640,640
train,fshoplifting_2_27_984_jpg.rf.879127ba1e4366ab8524ce17deeb6b0a.jpg,640,640
train,fshoplifting_2_27_990_jpg.rf.13210ab885d40cc54cdc7befec84ac45.jpg,640,640
train,fshoplifting_2_27_996_jpg.rf.cd882b0460c01695de737fa2563fcb61.jpg,640,640
train,fshoplifting_2_28_102_jpg.rf.5c87dff3951ed3558c410017f1ccc43d.jpg,640,640
train,fshoplifting_2_28_108_jpg.rf.667254a0d6ee704b9f381ff80d06f430.jpg,640,640
train,fshoplifting_2_28_114_jpg.rf.d4eaab6934b22d422a879427d9c7d4f5.jpg,640,640
train,fshoplifting_2_28_126_jpg.rf.a6e86d0ede91286a444eb4ec899c0500.jpg,640,640
train,fshoplifting_2_28_12_jpg.rf.3882a93604aed6a78028dd8b1ee26a43.jpg,640,640
train,fshoplifting_2_28_132_jpg.rf.9bc929d1cd84a3a5cbfa64f2fc0c3860.jpg,640,640
train,fshoplifting_2_28_138_jpg.rf.2f0ceb136ce920a237cf7c40431dd435.jpg,640,640
train,fshoplifting_2_28_144_jpg.rf.9ede607155aba76e099d3e9044962f5f.jpg,640,640
train,fshoplifting_2_28_150_jpg.rf.fd0f4b2ec709379d0ce06a623ceb6bf4.jpg,640,640
train,fshoplifting_2_28_156_jpg.rf.e1e756f2f3cd08185fce93afe346d9ce.jpg,640,640
train,fshoplifting_2_28_162_jpg.rf.0c6a17120b39059939ceddf0cbe1d2e3.jpg,640,640
train,fshoplifting_2_28_168_jpg.rf.23cefd7c7ab9ea2a903eeaad9b10de90.jpg,640,640
train,fshoplifting_2_28_174_jpg.rf.127bce97cb130bc9a65b4aae9160c4a0.jpg,640,640
train,fshoplifting_2_28_186_jpg.rf.7a4318915590da08d869c6fcfb63deb8.jpg,640,640
train,fshoplifting_2_28_18_jpg.rf.f40177cffd48444b8107db9e663de5e4.jpg,640,640
train,fshoplifting_2_28_192_jpg.rf.c7db0b0bbe55ff16f7c308e1a1433e82.jpg,640,640
train,fshoplifting_2_28_210_jpg.rf.42f7d0635d671d08bd5e7e7f739ac4bc.jpg,640,640
train,fshoplifting_2_28_222_jpg.rf.5beb6f18501cef661b8f3608bb697bd8.jpg,640,640
train,fshoplifting_2_28_228_jpg.rf.c1bc68ac202d431574a53c081b7748d9.jpg,640,640
train,fshoplifting_2_28_234_jpg.rf.3ccf6c1c77bf7c829be07dccf90bd846.jpg,640,640
train,fshoplifting_2_28_240_jpg.rf.a6adeee94d26fb5a9a7cff69562b6162.jpg,640,640
train,fshoplifting_2_28_246_jpg.rf.17c26114d1df90f50e9108ee07ac082d.jpg,640,640
train,fshoplifting_2_28_24_jpg.rf.a03245b4903b5d4b160ca7d7781cd0ba.jpg,640,640
train,fshoplifting_2_28_252_jpg.rf.a970d6ab745378d08d4ec03c6c897833.jpg,640,640
train,fshoplifting_2_28_270_jpg.rf.aa26b2a2c01c936def222265e3b439ca.jpg,640,640
train,fshoplifting_2_28_276_jpg.rf.63739f3bb86076d2e979bbb67cbb64d1.jpg,640,640
train,fshoplifting_2_28_282_jpg.rf.2249150780db69e12f378c872d592a44.jpg,640,640
train,fshoplifting_2_28_288_jpg.rf.891521e76d762e2dfcd007f67e1bb889.jpg,640,640
train,fshoplifting_2_28_294_jpg.rf.d6e597aca1cb26286d94f27654144da2.jpg,640,640
train,fshoplifting_2_28_30_jpg.rf.3488212a762744aaa17e3a89544316e5.jpg,640,640
train,fshoplifting_2_28_312_jpg.rf.04012fff6d680b2cf6bf380e031bc3fa.jpg,640,640
train,fshoplifting_2_28_318_jpg.rf.6bb8c11efdb2633993e36c13b3cef51a.jpg,640,640
train,fshoplifting_2_28_330_jpg.rf.13557dfa71b0432aaffbd35ec1ab24d5.jpg,640,640
train,fshoplifting_2_28_336_jpg.rf.846572cfcdd61ddd7687277ae8402cb4.jpg,640,640
train,fshoplifting_2_28_342_jpg.rf.6a59b8456b51315b915edd1cd67652d9.jpg,640,640
train,fshoplifting_2_28_354_jpg.rf.cb244d836f2fea116329c93ccb929549.jpg,640,640
train,fshoplifting_2_28_360_jpg.rf.0f88ee9ee411e6c88ef74eae794e2a36.jpg,640,640
train,fshoplifting_2_28_378_jpg.rf.ecc104721475bb531ee273e01922d866.jpg,640,640
train,fshoplifting_2_28_384_jpg.rf.b200c2158bbe6ce8e4cdcf1b361ea014.jpg,640,640
train,fshoplifting_2_28_390_jpg.rf.a76ec317631112b9ecc9d6b4884881fe.jpg,640,640
train,fshoplifting_2_28_402_jpg.rf.d9fa25d38d707d9a5787f1c072f31687.jpg,640,640
train,fshoplifting_2_28_408_jpg.rf.c18636eaff690d7f7c4ced1884583437.jpg,640,640
train,fshoplifting_2_28_414_jpg.rf.901375b2cf0e632f45cb2bd7519e1fea.jpg,640,640
train,fshoplifting_2_28_420_jpg.rf.341e8c71436a7177bdf6a85dfe9a8613.jpg,640,640
train,fshoplifting_2_28_426_jpg.rf.1a90e752dfa783d36cdb70a0d88e384d.jpg,640,640
train,fshoplifting_2_28_42_jpg.rf.75d8dc3a179988db3045e688f45d7ce0.jpg,640,640
train,fshoplifting_2_28_438_jpg.rf.07df10dd697eb3d4d91b4ee50b67fa2e.jpg,640,640
train,fshoplifting_2_28_444_jpg.rf.f72f455077cef61b7de197ad47c49203.jpg,640,640
train,fshoplifting_2_28_450_jpg.rf.b4e177fa77cd4c7448b22445115d6802.jpg,640,640
train,fshoplifting_2_28_462_jpg.rf.7473796173293f966de102d01e3389c8.jpg,640,640
train,fshoplifting_2_28_468_jpg.rf.9df9af50eba2709f3f7731a6d285c0b6.jpg,640,640
train,fshoplifting_2_28_474_jpg.rf.0d39051a10748f32cec9b37aa7ad0782.jpg,640,640
train,fshoplifting_2_28_480_jpg.rf.6678967f44ff900051fbd99ad6cd0680.jpg,640,640
train,fshoplifting_2_28_486_jpg.rf.370f28d3a11b4ddacc382790825388fa.jpg,640,640
train,fshoplifting_2_28_48_jpg.rf.c68757636043b1f25aae2c0dfb15c668.jpg,640,640
train,fshoplifting_2_28_492_jpg.rf.56f753e075bf31b48f91d578ad70bb9e.jpg,640,640
train,fshoplifting_2_28_504_jpg.rf.4a4d0495e41e5e472ec05486dc148bfa.jpg,640,640
train,fshoplifting_2_28_510_jpg.rf.84890033d7c8c6f9f495f159a1aa9802.jpg,640,640
train,fshoplifting_2_28_522_jpg.rf.1b8f677191a8a5d41cc2979f841a085d.jpg,640,640
train,fshoplifting_2_28_534_jpg.rf.1591f059ab7d6149bb5aaa592a0e268a.jpg,640,640
train,fshoplifting_2_28_540_jpg.rf.d2743f7eafcbcd852b1a5c5d78a956d8.jpg,640,640
train,fshoplifting_2_28_546_jpg.rf.47557f9974e0b99dd4b54f0ae79b5544.jpg,640,640
train,fshoplifting_2_28_558_jpg.rf.28ae380b41d22da10f0356eb0ee7db92.jpg,640,640
train,fshoplifting_2_28_564_jpg.rf.07523dc114384c168e78df834260253a.jpg,640,640
train,fshoplifting_2_28_570_jpg.rf.7cd692f1bed1854c9dac2fd88d72b493.jpg,640,640
train,fshoplifting_2_28_576_jpg.rf.a34986211a5e6c609e29f6c1029c39bb.jpg,640,640
train,fshoplifting_2_28_582_jpg.rf.b2bf868758b65c9522c7825acc35f018.jpg,640,640
train,fshoplifting_2_28_588_jpg.rf.19f462eddc3323d01701fc0c5c5e7166.jpg,640,640
train,fshoplifting_2_28_594_jpg.rf.98f11f60d10a3cc5bdc311eb09f2bcb2.jpg,640,640
train,fshoplifting_2_28_600_jpg.rf.f759d2ea1bac2cf9ec53a3c5d0532259.jpg,640,640
train,fshoplifting_2_28_606_jpg.rf.a25918b51ad59d2101d846780f4c9ce7.jpg,640,640
train,fshoplifting_2_28_60_jpg.rf.58802d6dc4966fd2800aedd037211a7f.jpg,640,640
train,fshoplifting_2_28_612_jpg.rf.01e9f8979d6ff1c7406518ed65a9d3f7.jpg,640,640
train,fshoplifting_2_28_618_jpg.rf.a4d125e950f0cd9bce5c95204e2c0a37.jpg,640,640
train,fshoplifting_2_28_624_jpg.rf.40a22fe49b9801645fdefc4cfacc37c6.jpg,640,640
train,fshoplifting_2_28_630_jpg.rf.d4deea63fccf0d0afad561b1b4ad6aa2.jpg,640,640
train,fshoplifting_2_28_636_jpg.rf.21c5be68e8b7530cf0e394894b4bd85e.jpg,640,640
train,fshoplifting_2_28_654_jpg.rf.29faceec7833741900ac5a46b8a20c5a.jpg,640,640
train,fshoplifting_2_28_660_jpg.rf.68aabfe239f439f5521261b0d07e9d85.jpg,640,640
train,fshoplifting_2_28_66_jpg.rf.f3fe99a9d928977c3663c774c82ad279.jpg,640,640
train,fshoplifting_2_28_672_jpg.rf.4bec74825690c582ad41b07cacd788b5.jpg,640,640
train,fshoplifting_2_28_678_jpg.rf.6cbcca95636ca1bf1b0ba29cbeb4f0ed.jpg,640,640
train,fshoplifting_2_28_690_jpg.rf.b4dc7c0772bbe7a1c4f9e61429828858.jpg,640,640
train,fshoplifting_2_28_696_jpg.rf.9824f69a30c3acb9a6aae5c6e781fb76.jpg,640,640
train,fshoplifting_2_28_6_jpg.rf.f2906dc8cc18f0bff98b731e491d3602.jpg,640,640
train,fshoplifting_2_28_708_jpg.rf.54ac8a8badd97bcf520201cb63cb8d82.jpg,640,640
train,fshoplifting_2_28_714_jpg.rf.f38879ab8ea0a6ee1ea58240cf460ebe.jpg,640,640
train,fshoplifting_2_28_726_jpg.rf.124f74a7d89ba543f3f96a9d24b75aba.jpg,640,640
train,fshoplifting_2_28_72_jpg.rf.d20371001b48f848e52311861e3144c4.jpg,640,640
train,fshoplifting_2_28_732_jpg.rf.79fb98bcd1d4223e4193606f0017e523.jpg,640,640
train,fshoplifting_2_28_744_jpg.rf.b707277065c48c0c4f6207ec606eac0d.jpg,640,640
train,fshoplifting_2_28_750_jpg.rf.b42806b31476c4d7fdb326eec5a1b949.jpg,640,640
train,fshoplifting_2_28_756_jpg.rf.9e47397edc2f24862422640b2e7c332d.jpg,640,640
train,fshoplifting_2_28_768_jpg.rf.fe38e6162aec651da4c4c3b85e602c5c.jpg,640,640
train,fshoplifting_2_28_786_jpg.rf.a46138e487274cc1e28aa5490c91320b.jpg,640,640
train,fshoplifting_2_28_78_jpg.rf.e74d0d0c407832ccf33f0f43bd81979a.jpg,640,640
train,fshoplifting_2_28_792_jpg.rf.3a302ee4991a6da11ca45a8aa45d486c.jpg,640,640
train,fshoplifting_2_28_798_jpg.rf.62a64c14838c518e605c3493be985b46.jpg,640,640
train,fshoplifting_2_28_804_jpg.rf.c0c62ccd10ce3fd0142ae8ec42e55994.jpg,640,640
train,fshoplifting_2_28_810_jpg.rf.338595dded3aa8278ec41b3b2d0ef3a9.jpg,640,640
train,fshoplifting_2_28_816_jpg.rf.7fe3f94041eee71155542fa183f1f8a5.jpg,640,640
train,fshoplifting_2_28_822_jpg.rf.a347b4bcc6ed35885a7c6bb87740eaef.jpg,640,640
train,fshoplifting_2_28_828_jpg.rf.82ff7dcf17f2d740bb222cf0f203b31c.jpg,640,640
train,fshoplifting_2_28_840_jpg.rf.f84fa43d8e8c9360b6419b145b00b4b5.jpg,640,640
train,fshoplifting_2_28_846_jpg.rf.63e503fc805dc689d45c2cc1d4cfc339.jpg,640,640
train,fshoplifting_2_28_84_jpg.rf.dff1843ac2d8cf406a47aae84d557c70.jpg,640,640
train,fshoplifting_2_28_852_jpg.rf.fe3c451d67ea62d04985ad72d44bea36.jpg,640,640
train,fshoplifting_2_28_858_jpg.rf.89d1df3564f00e77302d00d90af7e7c5.jpg,640,640
train,fshoplifting_2_28_864_jpg.rf.567a158aa9b4fafd5c99ca686fc3c381.jpg,640,640
train,fshoplifting_2_28_888_jpg.rf.b7a56a5dec6b32f5d1e91719328f1d09.jpg,640,640
train,fshoplifting_2_28_900_jpg.rf.6870da87c142db6ddc80af4639fd2e50.jpg,640,640
train,fshoplifting_2_28_906_jpg.rf.309619f4cf4832d072f80b0d915d0d67.jpg,640,640
train,fshoplifting_2_28_90_jpg.rf.0027c05af234bcb0eb98881c9d0d9b55.jpg,640,640
train,fshoplifting_2_28_918_jpg.rf.1b433239656fd1bb6925b0780b542faa.jpg,640,640
train,fshoplifting_2_28_924_jpg.rf.96d97ad93a3844fff351226db9cd9d40.jpg,640,640
train,fshoplifting_2_29_0_jpg.rf.f8739b1f8e0be924f57d12b6b664b537.jpg,640,640
train,fshoplifting_2_29_102_jpg.rf.a11fec918ff53ed890eb172ac309b1a0.jpg,640,640
train,fshoplifting_2_29_108_jpg.rf.d2b0d90629d6865b26804e27f854f961.jpg,640,640
train,fshoplifting_2_29_114_jpg.rf.f2a971f6de30f3d8abb1cc290ec2058f.jpg,640,640
train,fshoplifting_2_29_120_jpg.rf.c1bbb63839a36101281a95b14caa6a5a.jpg,640,640
train,fshoplifting_2_29_126_jpg.rf.2ab768d1f6075c811c9099fab95131ea.jpg,640,640
train,fshoplifting_2_29_12_jpg.rf.94399242c05d9569e2da7befe2f38382.jpg,640,640
train,fshoplifting_2_29_132_jpg.rf.c953a8672ead3ddd48eedf58887d12d4.jpg,640,640
train,fshoplifting_2_29_138_jpg.rf.a50fadc37268351bacef5c03cf29313d.jpg,640,640
train,fshoplifting_2_29_144_jpg.rf.c5b3fa0d7b0a84909ac54398d51b74c8.jpg,640,640
train,fshoplifting_2_29_150_jpg.rf.0f7cbe74cbf96a3dfa4f51cc3711aa8e.jpg,640,640
train,fshoplifting_2_29_156_jpg.rf.8ba50f316c5a064bc5c91acef1d9f122.jpg,640,640
train,fshoplifting_2_29_162_jpg.rf.917489baf0fb201c8a84fa68b7f1c4aa.jpg,640,640
train,fshoplifting_2_29_168_jpg.rf.e323980f5424b3ae3a6f0f507f67c9da.jpg,640,640
train,fshoplifting_2_29_174_jpg.rf.2cb9b2e54ec2f9a926452095b160d381.jpg,640,640
train,fshoplifting_2_29_186_jpg.rf.7c09ad52d7cc4c2950e3f64b9390499e.jpg,640,640
train,fshoplifting_2_29_18_jpg.rf.be2bae2341decb3c3e1c096f469cb26c.jpg,640,640
train,fshoplifting_2_29_198_jpg.rf.76e70b8455cfe6af372a549f49bc230e.jpg,640,640
train,fshoplifting_2_29_204_jpg.rf.ff0059ec48e4519b1d6c7c888e423042.jpg,640,640
train,fshoplifting_2_29_228_jpg.rf.e03db4058e6f1988ce34389c482a771e.jpg,640,640
train,fshoplifting_2_29_234_jpg.rf.3ae180c0862f576a47c452c0d2f9899c.jpg,640,640
train,fshoplifting_2_29_240_jpg.rf.bd83e31cea214ec217a4f09a56f5a19c.jpg,640,640
train,fshoplifting_2_29_246_jpg.rf.a9fe444284a898d9a76882488e9e7b16.jpg,640,640
train,fshoplifting_2_29_24_jpg.rf.a9726c88c38abd78f99874af9abc42cd.jpg,640,640
train,fshoplifting_2_29_252_jpg.rf.01c4e5ff670c4a18eb36a964a967080f.jpg,640,640
train,fshoplifting_2_29_264_jpg.rf.d7b029509f6154aefd7a0f37f4d61aad.jpg,640,640
train,fshoplifting_2_29_270_jpg.rf.1ff3303a96691a9dbb444cd1d80d9d23.jpg,640,640
train,fshoplifting_2_29_276_jpg.rf.7f314a4c907a2ffb255a4f10c8223380.jpg,640,640
train,fshoplifting_2_29_282_jpg.rf.1d9c24103a190faa65bc7f9004181daa.jpg,640,640
train,fshoplifting_2_29_288_jpg.rf.22f7b0168488a607499d7e1aa6d68be7.jpg,640,640
train,fshoplifting_2_29_294_jpg.rf.51c884e2490943ea970c9c27d656836b.jpg,640,640
train,fshoplifting_2_29_306_jpg.rf.8a2bc5a77d970d6d2d56382e3eea4815.jpg,640,640
train,fshoplifting_2_29_30_jpg.rf.16da08277ddb425702a511f9ad93857e.jpg,640,640
train,fshoplifting_2_29_312_jpg.rf.c46e88be6499540319dce8fd2e893360.jpg,640,640
train,fshoplifting_2_29_324_jpg.rf.0dc05d54f1e733f6103e05e4a7921f32.jpg,640,640
train,fshoplifting_2_29_330_jpg.rf.d7f2397bb457ba49d1b6ba7849e8779a.jpg,640,640
train,fshoplifting_2_29_336_jpg.rf.3a9ec0a3b74aff9b0464956c33823e88.jpg,640,640
train,fshoplifting_2_29_342_jpg.rf.23e7710efd60b59837bb18048848ad18.jpg,640,640
train,fshoplifting_2_29_354_jpg.rf.64eaf0af2fb98050da96b1966d9bda27.jpg,640,640
train,fshoplifting_2_29_360_jpg.rf.c28a3da15f9ce6c1a215821d4ef6525a.jpg,640,640
train,fshoplifting_2_29_372_jpg.rf.f6136b281a3f06903be77af25d9a4ea6.jpg,640,640
train,fshoplifting_2_29_378_jpg.rf.7e29ff2a95f213477f2e3ede35f90e68.jpg,640,640
train,fshoplifting_2_29_384_jpg.rf.3511354411b6942f5a600558de009404.jpg,640,640
train,fshoplifting_2_29_390_jpg.rf.a61af121d345777e84338b2450f2e42f.jpg,640,640
train,fshoplifting_2_29_42_jpg.rf.ca9d39159a9b0208f08063f0d8f2f73b.jpg,640,640
train,fshoplifting_2_29_48_jpg.rf.2770ce62f8abfcc9f151f2c2def0eda9.jpg,640,640
train,fshoplifting_2_29_54_jpg.rf.3d00c015165378e7ce69641aee22aca1.jpg,640,640
train,fshoplifting_2_29_60_jpg.rf.9dce6959b93332efdc11dfa3dbe8250d.jpg,640,640
train,fshoplifting_2_29_6_jpg.rf.ab84ed0d3a8d2b474e8c5ebb57e68419.jpg,640,640
train,fshoplifting_2_29_78_jpg.rf.019a80ab9b9d2869ba114cfd0886072a.jpg,640,640
train,fshoplifting_2_29_84_jpg.rf.32ce6b551733634f7fd586ebe586c448.jpg,640,640
train,fshoplifting_2_29_90_jpg.rf.6d84075d30fa0ab816f0ec7d4b82ce14.jpg,640,640
train,fshoplifting_2_29_96_jpg.rf.eea1f9448f2695f387e98c978fb73651.jpg,640,640
train,fshoplifting_2_2_AdobeExpress_102_jpg.rf.9ceac366c401d8ad19573f4653c633d9.jpg,640,640
train,fshoplifting_2_2_AdobeExpress_108_jpg.rf.fced0f216af4de73d6dd67c1d8f90ecc.jpg,640,640
train,fshoplifting_2_2_AdobeExpress_114_jpg.rf.e3d1378ebedeecd26d9c57d1083d10a2.jpg,640,640
train,fshoplifting_2_2_AdobeExpress_12_jpg.rf.b9d782528e1faee1ab8b5fd500a3de90.jpg,640,640
train,fshoplifting_2_2_AdobeExpress_132_jpg.rf.637362eec4c2a5cb4de99042f8184a84.jpg,640,640
train,fshoplifting_2_2_AdobeExpress_144_jpg.rf.ea8d33f6144be7b3bb19b07f533af07a.jpg,640,640
train,fshoplifting_2_2_AdobeExpress_156_jpg.rf.08fd38ee987c3024507c6d55d22fcdc4.jpg,640,640
train,fshoplifting_2_2_AdobeExpress_168_jpg.rf.3839147f6b1ba556b47fbcbe50c888fe.jpg,640,640
train,fshoplifting_2_2_AdobeExpress_174_jpg.rf.cdac1499d0baf0cbeabe043898a6857d.jpg,640,640
train,fshoplifting_2_2_AdobeExpress_180_jpg.rf.713db4fe5501d4843c64f9161b7a9cc6.jpg,640,640
train,fshoplifting_2_2_AdobeExpress_186_jpg.rf.bc7008cce3cf270726e682c7b563523b.jpg,640,640
train,fshoplifting_2_2_AdobeExpress_18_jpg.rf.60cd0e96225e63ec3eae0a26e9e31057.jpg,640,640
train,fshoplifting_2_2_AdobeExpress_192_jpg.rf.9cc06bcf03e9d072e286041471b96f41.jpg,640,640
train,fshoplifting_2_2_AdobeExpress_198_jpg.rf.b4a3f14dcff4ea4be73d259b031a9a55.jpg,640,640
train,fshoplifting_2_2_AdobeExpress_204_jpg.rf.95060022eabbf86f2917ffd3d4bf8677.jpg,640,640
train,fshoplifting_2_2_AdobeExpress_210_jpg.rf.4578f5effd82f7b93e677fd697663018.jpg,640,640
train,fshoplifting_2_2_AdobeExpress_216_jpg.rf.6c72e41a46cab2ff2aeeceea42646537.jpg,640,640
train,fshoplifting_2_2_AdobeExpress_222_jpg.rf.b1f158a45028f71730c0adce41ad778b.jpg,640,640
train,fshoplifting_2_2_AdobeExpress_228_jpg.rf.8d51844f583e83c45fdef3ec65d0c5a1.jpg,640,640
train,fshoplifting_2_2_AdobeExpress_234_jpg.rf.62ff64ad11c89d3e72892080cfa03a14.jpg,640,640
train,fshoplifting_2_2_AdobeExpress_240_jpg.rf.da1714da37b866cd4244360cea840dc5.jpg,640,640
train,fshoplifting_2_2_AdobeExpress_246_jpg.rf.674f9ffb3828e3633738dd19d2dc57d5.jpg,640,640
train,fshoplifting_2_2_AdobeExpress_24_jpg.rf.f3751d972f51abe23be1df580d625848.jpg,640,640
train,fshoplifting_2_2_AdobeExpress_252_jpg.rf.43ae74121695cfb684a3116f1080f4e7.jpg,640,640
train,fshoplifting_2_2_AdobeExpress_270_jpg.rf.c243119398b22a05e33077f91b3f27a2.jpg,640,640
train,fshoplifting_2_2_AdobeExpress_282_jpg.rf.ef3d43a5bc965dffca550c773046cbfa.jpg,640,640
train,fshoplifting_2_2_AdobeExpress_288_jpg.rf.670c7c44d4d1e01f7d47bd20269031b6.jpg,640,640
train,fshoplifting_2_2_AdobeExpress_294_jpg.rf.cb3514e38b262a356be9ff4e638a09e3.jpg,640,640
train,fshoplifting_2_2_AdobeExpress_300_jpg.rf.963f4d04d7ff1fac55e354a3430e1216.jpg,640,640
train,fshoplifting_2_2_AdobeExpress_30_jpg.rf.787ed478e63d6957ff262870854febb6.jpg,640,640
train,fshoplifting_2_2_AdobeExpress_312_jpg.rf.c07855d8b40583df2b02db206261930f.jpg,640,640
train,fshoplifting_2_2_AdobeExpress_318_jpg.rf.85e6a77601273c17861b843a15cd1d11.jpg,640,640
train,fshoplifting_2_2_AdobeExpress_324_jpg.rf.f1eaf7321ce9f975c3cb7b8b78d520cb.jpg,640,640
train,fshoplifting_2_2_AdobeExpress_330_jpg.rf.700209a41fe4e5563bd46457403993fa.jpg,640,640
train,fshoplifting_2_2_AdobeExpress_336_jpg.rf.8680d9d4ef19ca4505a2dc97915e1ead.jpg,640,640
train,fshoplifting_2_2_AdobeExpress_342_jpg.rf.6a48face8188e65cf55e72af6367aea1.jpg,640,640
train,fshoplifting_2_2_AdobeExpress_348_jpg.rf.7d9564e1e1ce5315e423be3210b0d906.jpg,640,640
train,fshoplifting_2_2_AdobeExpress_36_jpg.rf.c71bae049ed70a81117a9aa1098b7433.jpg,640,640
train,fshoplifting_2_2_AdobeExpress_372_jpg.rf.3b728601f4aed65a51061234be52466e.jpg,640,640
train,fshoplifting_2_2_AdobeExpress_378_jpg.rf.714dc1fc152f8e1091ddab6510fb5d9c.jpg,640,640
train,fshoplifting_2_2_AdobeExpress_384_jpg.rf.9347423e96e952c69a5371cf424c5666.jpg,640,640
train,fshoplifting_2_2_AdobeExpress_396_jpg.rf.334d219ea7fa2744487510a298f11368.jpg,640,640
train,fshoplifting_2_2_AdobeExpress_402_jpg.rf.4d5de30b9ba67eae45c2ab98f3f7dedf.jpg,640,640
train,fshoplifting_2_2_AdobeExpress_408_jpg.rf.bd2d0f1c74ec3290747826ce6d36eb35.jpg,640,640
train,fshoplifting_2_2_AdobeExpress_414_jpg.rf.f32622198d9fb8d189a8b2fc95f7f454.jpg,640,640
train,fshoplifting_2_2_AdobeExpress_42_jpg.rf.3fbcd6fe4b647039beaa3dde1760e63d.jpg,640,640
train,fshoplifting_2_2_AdobeExpress_54_jpg.rf.83764170f94bddd1747dc8e95550ce33.jpg,640,640
train,fshoplifting_2_2_AdobeExpress_66_jpg.rf.2269776bd35e92b8c73fbb985c483416.jpg,640,640
train,fshoplifting_2_2_AdobeExpress_72_jpg.rf.5380ad75dbb75eeffc0661af0896e5d5.jpg,640,640
train,fshoplifting_2_2_AdobeExpress_84_jpg.rf.30947a6fac28cd7533f63bc84b8b826c.jpg,640,640
train,fshoplifting_2_2_AdobeExpress_90_jpg.rf.cfdbaa8d7341c9e80fe742b6aae899b0.jpg,640,640
train,fshoplifting_2_2_AdobeExpress_96_jpg.rf.af5fb63c19fb9a4b31c3ce43fa1d1bb6.jpg,640,640
train,fshoplifting_2_3_102_jpg.rf.f9bba47e9d866e3473160a392c675d0b.jpg,640,640
train,fshoplifting_2_3_108_jpg.rf.50db0339d400ab7fc6df2b7471a9edcd.jpg,640,640
train,fshoplifting_2_3_114_jpg.rf.3ce6b58d40b7a020ae878c69e7e082b2.jpg,640,640
train,fshoplifting_2_3_12_jpg.rf.f2323243d20aca27252184868fe9c8e1.jpg,640,640
train,fshoplifting_2_3_132_jpg.rf.7be2f7f2e975282b49066fef81f7777f.jpg,640,640
train,fshoplifting_2_3_150_jpg.rf.d3f80c2a01540346e3c9b47e4a06071c.jpg,640,640
train,fshoplifting_2_3_156_jpg.rf.ddccc7ab2e76c08cccf76b3c7137ab19.jpg,640,640
train,fshoplifting_2_3_162_jpg.rf.1343df10469c6d388a298192fc9c9139.jpg,640,640
train,fshoplifting_2_3_18_jpg.rf.b1a3e5d6370775ed35e48a28556852df.jpg,640,640
train,fshoplifting_2_3_36_jpg.rf.b15d276b75c4a593b13a536e4d94052d.jpg,640,640
train,fshoplifting_2_3_54_jpg.rf.aa73359ff3f1111956b0f66c8a67899d.jpg,640,640
train,fshoplifting_2_3_60_jpg.rf.3324117e0e369bb9b1f39ad9ac407ad6.jpg,640,640
train,fshoplifting_2_3_66_jpg.rf.8b0e4e5cc9a2b939532ffe3f72f3db1c.jpg,640,640
train,fshoplifting_2_3_6_jpg.rf.bd0de04cd39385126c2579d434492a85.jpg,640,640
train,fshoplifting_2_3_72_jpg.rf.e42e0c344332409b291c17a7e92117d8.jpg,640,640
train,fshoplifting_2_3_96_jpg.rf.f615a7b6cc52eac80b7c0e2054a81089.jpg,640,640
train,fshoplifting_2_4_0_jpg.rf.20a00d5a84aad0cd8c1060b42c035bcf.jpg,640,640
train,fshoplifting_2_4_1008_jpg.rf.c59d06ad2a42b3887fc1afcd8bb8c917.jpg,640,640
train,fshoplifting_2_4_1014_jpg.rf.a5bbbc3b995ec83551dbc5042974d686.jpg,640,640
train,fshoplifting_2_4_1020_jpg.rf.c15262acd06cdb7cec9b1c8bbe53366a.jpg,640,640
train,fshoplifting_2_4_1026_jpg.rf.fbdef0bc41d09a86b2750493f726928c.jpg,640,640
train,fshoplifting_2_4_102_jpg.rf.95c70883e1d359d451d5e6f246f95c65.jpg,640,640
train,fshoplifting_2_4_1044_jpg.rf.4236da629ddb0a8a95bc8a234c7a8ccc.jpg,640,640
train,fshoplifting_2_4_1050_jpg.rf.e109cc5c3c6c00e438ad049a63db93f2.jpg,640,640
train,fshoplifting_2_4_1056_jpg.rf.5d93a1e795487827a404ae8c249d3e50.jpg,640,640
train,fshoplifting_2_4_1068_jpg.rf.c023e639187408b602cbb178a37cfd33.jpg,640,640
train,fshoplifting_2_4_1080_jpg.rf.20b26764960bff24c4461edfa68a19ea.jpg,640,640
train,fshoplifting_2_4_1086_jpg.rf.9473a5aa1ee14b9995c871e79f819f7e.jpg,640,640
train,fshoplifting_2_4_1092_jpg.rf.658dfc2eea35bca541fe38788d925fbc.jpg,640,640
train,fshoplifting_2_4_1098_jpg.rf.c20476f610c650c7ef0d4ee35b956d0f.jpg,640,640
train,fshoplifting_2_4_1128_jpg.rf.aeab31dabd2536262a2d5524c358de06.jpg,640,640
train,fshoplifting_2_4_1134_jpg.rf.138abd4bd5e64dc3bb3e85b1e78e83bf.jpg,640,640
train,fshoplifting_2_4_1140_jpg.rf.f5bb9badb549553652fd6f0ce6d061e0.jpg,640,640
train,fshoplifting_2_4_1146_jpg.rf.dc62f92bf5d633536f19ee8a204d85ee.jpg,640,640
train,fshoplifting_2_4_1152_jpg.rf.5cae7b3aa477e4054a6dbcf4f76c93b6.jpg,640,640
train,fshoplifting_2_4_1158_jpg.rf.863a804eb592045ced51b41fcbaf23a8.jpg,640,640
train,fshoplifting_2_4_1170_jpg.rf.7cf8d73d2e65ee72fd830add55b8bf14.jpg,640,640
train,fshoplifting_2_4_1176_jpg.rf.4319f59c8409d319728822d5c9db76b9.jpg,640,640
train,fshoplifting_2_4_1188_jpg.rf.0328cbef9bbbed2cc4e31fbdd2d2ce92.jpg,640,640
train,fshoplifting_2_4_1200_jpg.rf.6e3b48f54225a2dd9dede0ee845fa15c.jpg,640,640
train,fshoplifting_2_4_1206_jpg.rf.79dfba0c81f8e0a4b77e5c9d16cb38ef.jpg,640,640
train,fshoplifting_2_4_1212_jpg.rf.ccea316c85cd28a48691ab675227b084.jpg,640,640
train,fshoplifting_2_4_1218_jpg.rf.c89ad1948b77b29dc6751d411a6dcbf5.jpg,640,640
train,fshoplifting_2_4_1224_jpg.rf.31ddcf845b8f991cd9a9ace55eb2498b.jpg,640,640
train,fshoplifting_2_4_1230_jpg.rf.115131e4610e494978a2533ee604ba0e.jpg,640,640
train,fshoplifting_2_4_1242_jpg.rf.ab6af8f32a2ce0fead38003ffa0767a0.jpg,640,640
train,fshoplifting_2_4_1254_jpg.rf.324b66301dcb2aab20cf8ca234771b8f.jpg,640,640
train,fshoplifting_2_4_1260_jpg.rf.da911865159ea29c32367aac0b62aaed.jpg,640,640
train,fshoplifting_2_4_1266_jpg.rf.d517180b296238e311d246635990ba3f.jpg,640,640
train,fshoplifting_2_4_126_jpg.rf.0fe17ae4bb4d6abce74cb7c977c3a8f4.jpg,640,640
train,fshoplifting_2_4_1272_jpg.rf.1e692fcfa44d182d331adbca47ee29a1.jpg,640,640
train,fshoplifting_2_4_1278_jpg.rf.1e9bddfcc0ce2d337e5d6c527304a7fa.jpg,640,640
train,fshoplifting_2_4_1284_jpg.rf.dda3e6be2c8205a3808f9a092098d508.jpg,640,640
train,fshoplifting_2_4_1296_jpg.rf.485fb7e8ff9dce524fdb81e590024bbd.jpg,640,640
train,fshoplifting_2_4_12_jpg.rf.f47d391e58647ad7b40ff950a75f30b9.jpg,640,640
train,fshoplifting_2_4_1302_jpg.rf.6f6e0987fc87bd904e43ec55fc29adbb.jpg,640,640
train,fshoplifting_2_4_1320_jpg.rf.45149ab2af4b474bb0de4a1479dc0b8a.jpg,640,640
train,fshoplifting_2_4_138_jpg.rf.e8b358edbdecd6a95da9f2801e8609af.jpg,640,640
train,fshoplifting_2_4_144_jpg.rf.18f02f932ff8d2062a675a8c230c58a4.jpg,640,640
train,fshoplifting_2_4_150_jpg.rf.8649a7cbe4961857bac4b625f3e55b3d.jpg,640,640
train,fshoplifting_2_4_156_jpg.rf.3ede0afbff4fbf7f03c3bf3c13a68f42.jpg,640,640
train,fshoplifting_2_4_174_jpg.rf.46e866083652a028cc4a5821ccb1ca1b.jpg,640,640
train,fshoplifting_2_4_180_jpg.rf.546a5d95b7310fa74b42b60363458aa8.jpg,640,640
train,fshoplifting_2_4_186_jpg.rf.9dfbc9807906699f0bc0515892cb825c.jpg,640,640
train,fshoplifting_2_4_18_jpg.rf.7e4f26fca84be5f3f306f29694c5da04.jpg,640,640
train,fshoplifting_2_4_192_jpg.rf.bfc16347b01e90828baeba3a0db299e4.jpg,640,640
train,fshoplifting_2_4_198_jpg.rf.a06bf09c7169df3e710fd962663ae193.jpg,640,640
train,fshoplifting_2_4_204_jpg.rf.5c3819f0de7943b634309055addc4cfa.jpg,640,640
train,fshoplifting_2_4_210_jpg.rf.734e647ee229962fdff80631bde30773.jpg,640,640
train,fshoplifting_2_4_216_jpg.rf.73a2c96133903f7c6e04ffa8ad6f4ed1.jpg,640,640
train,fshoplifting_2_4_228_jpg.rf.652a9539ce26b539e21044589708f675.jpg,640,640
train,fshoplifting_2_4_240_jpg.rf.ac24a44fdc0a4cd991a7dc25a9c00e10.jpg,640,640
train,fshoplifting_2_4_246_jpg.rf.7c2fa2e736ba2e66801038cb084e9823.jpg,640,640
train,fshoplifting_2_4_24_jpg.rf.41145068b65fc15abba2a997869ad5b7.jpg,640,640
train,fshoplifting_2_4_258_jpg.rf.9e9ddf63381824af19d1671513b07f20.jpg,640,640
train,fshoplifting_2_4_276_jpg.rf.9c4702960f45c582be81d59a27ae50af.jpg,640,640
train,fshoplifting_2_4_282_jpg.rf.245f27e3a8697e2d63f43a74c6f0dc4a.jpg,640,640
train,fshoplifting_2_4_288_jpg.rf.b63531ace4f7f546699c6becde0e28b1.jpg,640,640
train,fshoplifting_2_4_294_jpg.rf.0ba4e133766018d6da9bfb4d02f058fd.jpg,640,640
train,fshoplifting_2_4_306_jpg.rf.b815ce1a98a8ac9ec99c5c9b687c73e4.jpg,640,640
train,fshoplifting_2_4_30_jpg.rf.5bf4218825c0f22eb23968ceb22a91bf.jpg,640,640
train,fshoplifting_2_4_318_jpg.rf.ab9b8457327ca95444dd56aee9027001.jpg,640,640
train,fshoplifting_2_4_324_jpg.rf.ba2449fa2b2d82b8451eb3c4d158073c.jpg,640,640
train,fshoplifting_2_4_330_jpg.rf.d55ba378d640a803512c49915b4f4838.jpg,640,640
train,fshoplifting_2_4_342_jpg.rf.e4ca1ac15478f1f6c3452f92302c35fd.jpg,640,640
train,fshoplifting_2_4_348_jpg.rf.3cd5501f19d7efe7a959a483c8e95e74.jpg,640,640
train,fshoplifting_2_4_354_jpg.rf.7c11b97053adf125d3105e56c11df12c.jpg,640,640
train,fshoplifting_2_4_360_jpg.rf.f5449f5373634c1bbcfa5d617841539b.jpg,640,640
train,fshoplifting_2_4_36_jpg.rf.f74c76dc2ee091b7c63ff406708fc5b9.jpg,640,640
train,fshoplifting_2_4_372_jpg.rf.a9525d1faaf4ffb3a9343527612516df.jpg,640,640
train,fshoplifting_2_4_378_jpg.rf.25e10631fd40ead13fc316c57461bde2.jpg,640,640
train,fshoplifting_2_4_390_jpg.rf.46033c32c459135734f5e66444b8258e.jpg,640,640
train,fshoplifting_2_4_396_jpg.rf.b007753fc933d56fc54be85520e41ac5.jpg,640,640
train,fshoplifting_2_4_402_jpg.rf.f09ec41c20dd9115cdc513a51a410b11.jpg,640,640
train,fshoplifting_2_4_408_jpg.rf.b9d499b3b613a2342d146cb59b585772.jpg,640,640
train,fshoplifting_2_4_414_jpg.rf.8f95dd59d7b5cc209c9b949880fd2688.jpg,640,640
train,fshoplifting_2_4_420_jpg.rf.7070d3e69bb594effe19fb7f0604a1ee.jpg,640,640
train,fshoplifting_2_4_426_jpg.rf.ff059e736493d132e5b0c881db789eb9.jpg,640,640
train,fshoplifting_2_4_432_jpg.rf.4c863f37b45c1dbf46f068c077b80e85.jpg,640,640
train,fshoplifting_2_4_438_jpg.rf.d566a7b0b496160391c3f988befc82b2.jpg,640,640
train,fshoplifting_2_4_444_jpg.rf.72cdbb617c5cc567158833feb141307d.jpg,640,640
train,fshoplifting_2_4_450_jpg.rf.7981038eaf85d0102b90299fc0e90fad.jpg,640,640
train,fshoplifting_2_4_462_jpg.rf.4feaabcf982134396ff5526b6dfd6ce7.jpg,640,640
train,fshoplifting_2_4_468_jpg.rf.1d616a8db88e22e19a73d4ebebf40aa0.jpg,640,640
train,fshoplifting_2_4_474_jpg.rf.2129b6fe20309c0a26ed6748ab0e7299.jpg,640,640
train,fshoplifting_2_4_480_jpg.rf.65acb6a07f57af7bbcfbad7b0a5f4ece.jpg,640,640
train,fshoplifting_2_4_486_jpg.rf.c4bce1b782fcc6664dfbb6908351d3fa.jpg,640,640
train,fshoplifting_2_4_48_jpg.rf.e3cb17adab94ad38199c17e502a38204.jpg,640,640
train,fshoplifting_2_4_492_jpg.rf.b6506184ecf78591b8e87005cfeef868.jpg,640,640
train,fshoplifting_2_4_498_jpg.rf.79e5063e56229188611974fde8f80ef8.jpg,640,640
train,fshoplifting_2_4_504_jpg.rf.8055ab4199d9503e512766f490e4afc7.jpg,640,640
train,fshoplifting_2_4_510_jpg.rf.e397418759d8858f20c4c27858da806f.jpg,640,640
train,fshoplifting_2_4_516_jpg.rf.27c7e7c71bd01594f617a76dd5e89189.jpg,640,640
train,fshoplifting_2_4_522_jpg.rf.b999588249b5adc408799afb81beda0f.jpg,640,640
train,fshoplifting_2_4_528_jpg.rf.50054480a09ce49726e3c23680396808.jpg,640,640
train,fshoplifting_2_4_534_jpg.rf.ff160a350b8f030d0481adae02f95de4.jpg,640,640
train,fshoplifting_2_4_546_jpg.rf.2e03ee73287dfbaddbcc4cfa28420eef.jpg,640,640
train,fshoplifting_2_4_54_jpg.rf.aa53c2ad0bd88daa2847cb7f6cc3aba8.jpg,640,640
train,fshoplifting_2_4_558_jpg.rf.1e67fae4b076003768b17fc4edfd17c8.jpg,640,640
train,fshoplifting_2_4_564_jpg.rf.d4e1224add830c4843aaa9877594f8a1.jpg,640,640
train,fshoplifting_2_4_570_jpg.rf.ab59877683cd7903c55cd69f94f433d2.jpg,640,640
train,fshoplifting_2_4_576_jpg.rf.613bb6b44410644d886dde3359139333.jpg,640,640
train,fshoplifting_2_4_582_jpg.rf.87925d134a64be5d0d9367da253ea11b.jpg,640,640
train,fshoplifting_2_4_588_jpg.rf.ee959bd68d2bcda1ebe6ae97c410c823.jpg,640,640
train,fshoplifting_2_4_594_jpg.rf.29fec648252dc390085e236daebafaed.jpg,640,640
train,fshoplifting_2_4_600_jpg.rf.25157e34321c3ee8fd2d8fb086dbb6d5.jpg,640,640
train,fshoplifting_2_4_606_jpg.rf.7d99af6632c6a62967a5fac96bdd0b5e.jpg,640,640
train,fshoplifting_2_4_60_jpg.rf.888ea495647ee821a87623f6f46644fc.jpg,640,640
train,fshoplifting_2_4_612_jpg.rf.e65dd1b856ac4b84d8306cf8a0349a8d.jpg,640,640
train,fshoplifting_2_4_618_jpg.rf.f2839e1c0dee3cb427fd5c0b6a0287d3.jpg,640,640
train,fshoplifting_2_4_624_jpg.rf.b1fc160180b75fe23f1e53e422c52883.jpg,640,640
train,fshoplifting_2_4_636_jpg.rf.e1f5dd8e734847d9d2d332f07f70d985.jpg,640,640
train,fshoplifting_2_4_642_jpg.rf.98faeca7f81e67d759ad59fea720ba12.jpg,640,640
train,fshoplifting_2_4_666_jpg.rf.d9d25ad1b68fa648e42f383d19d309dc.jpg,640,640
train,fshoplifting_2_4_672_jpg.rf.302c1237e69780bc374feeecab5e0973.jpg,640,640
train,fshoplifting_2_4_678_jpg.rf.b00f3524e39a51470dd4453fac713015.jpg,640,640
train,fshoplifting_2_4_690_jpg.rf.a2627afad407f916aa4518a3d81ceee6.jpg,640,640
train,fshoplifting_2_4_6_jpg.rf.a827fe4163ed8c61683662f221963369.jpg,640,640
train,fshoplifting_2_4_708_jpg.rf.de64c25ab564126871c3d472f5879c07.jpg,640,640
train,fshoplifting_2_4_714_jpg.rf.9a65d5898a2f41f37c305b1fca04d2f3.jpg,640,640
train,fshoplifting_2_4_726_jpg.rf.eede183387c724bcebe6aff72849de69.jpg,640,640
train,fshoplifting_2_4_732_jpg.rf.5260e9c11f23cc7ef961b9ec1fb5ecbb.jpg,640,640
train,fshoplifting_2_4_738_jpg.rf.0295915d58631dc51d86f5d21ef3251d.jpg,640,640
train,fshoplifting_2_4_744_jpg.rf.93623ca83e935c78ff91b45ed9da5aad.jpg,640,640
train,fshoplifting_2_4_750_jpg.rf.bf9eb458d8e1ee282c188435050b1c05.jpg,640,640
train,fshoplifting_2_4_756_jpg.rf.afc7c34b666693c063d74ad60fdb80b1.jpg,640,640
train,fshoplifting_2_4_762_jpg.rf.56a5c884a7dbbb041c8eb5d2b4322803.jpg,640,640
train,fshoplifting_2_4_774_jpg.rf.2f24eb4895aede4269765eb8dcaeba02.jpg,640,640
train,fshoplifting_2_4_786_jpg.rf.f12dd6bb4f4a1103d7ace4189db9b447.jpg,640,640
train,fshoplifting_2_4_78_jpg.rf.48cae10ba1c40a341064b41de08323fc.jpg,640,640
train,fshoplifting_2_4_792_jpg.rf.234da35269e5caf104e926ca484f9a3b.jpg,640,640
train,fshoplifting_2_4_798_jpg.rf.e7a58e9dc592b84cf2f83b34032b6fd1.jpg,640,640
train,fshoplifting_2_4_804_jpg.rf.584a0fd0872f78c04b74762bb55846bc.jpg,640,640
train,fshoplifting_2_4_816_jpg.rf.581399090863d16cfcf006ded26f0006.jpg,640,640
train,fshoplifting_2_4_822_jpg.rf.73aeee1edf64f6e3ec2cfa94dfd30434.jpg,640,640
train,fshoplifting_2_4_834_jpg.rf.8cc65d3c8d8c853bb294a37eae7aab1e.jpg,640,640
train,fshoplifting_2_4_846_jpg.rf.f3c29f84c8bc99e78207a8a7ac7df591.jpg,640,640
train,fshoplifting_2_4_84_jpg.rf.e15dd684731dc5297fd162f24e0cd3c6.jpg,640,640
train,fshoplifting_2_4_852_jpg.rf.ac04e06650351d5407759ec452452518.jpg,640,640
train,fshoplifting_2_4_858_jpg.rf.c50bbe9135d0c36d6254cc6c490414c9.jpg,640,640
train,fshoplifting_2_4_864_jpg.rf.e5b246865c3706dbb078e8359e027cc0.jpg,640,640
train,fshoplifting_2_4_876_jpg.rf.77c8bdc342ff32c7bdae6d1fa9f2dec0.jpg,640,640
train,fshoplifting_2_4_882_jpg.rf.5a5bada71d64b5a7492e81d55d7c3d72.jpg,640,640
train,fshoplifting_2_4_894_jpg.rf.0b943c6116ba703494714fdd86b38b70.jpg,640,640
train,fshoplifting_2_4_900_jpg.rf.881d9f9e7a19ac72a1f1ae1a046e4a16.jpg,640,640
train,fshoplifting_2_4_906_jpg.rf.3a7cf929aae87811e73dbe6a3cf9d86a.jpg,640,640
train,fshoplifting_2_4_918_jpg.rf.f68a70f4b85c920426a4e96ccae5d8fa.jpg,640,640
train,fshoplifting_2_4_924_jpg.rf.30efb820b11ebe17688c95def1dc86fd.jpg,640,640
train,fshoplifting_2_4_930_jpg.rf.8c1d541278407e11b62c14fb54a6ff75.jpg,640,640
train,fshoplifting_2_4_942_jpg.rf.f4ce00b3ce4b1efef1afa2501936875f.jpg,640,640
train,fshoplifting_2_4_948_jpg.rf.911f8497966821d0655a3a4377118974.jpg,640,640
train,fshoplifting_2_4_954_jpg.rf.d026eb11f3b01e569558bd562e21066c.jpg,640,640
train,fshoplifting_2_4_960_jpg.rf.5200af73a4a1cbf5c12580a5d96f05fb.jpg,640,640
train,fshoplifting_2_4_966_jpg.rf.1ce01ff659344d26ee3afdaab1cf40c5.jpg,640,640
train,fshoplifting_2_4_96_jpg.rf.d8ce93848b2c9f08560fabc12c9f54b0.jpg,640,640
train,fshoplifting_2_4_972_jpg.rf.d1e1632a5df921e3ecd997a7768c3df0.jpg,640,640
train,fshoplifting_2_4_996_jpg.rf.4f142b13e769ad93a756b1f52a0e20d0.jpg,640,640
train,fshoplifting_2_6_AdobeExpress_102_jpg.rf.cf5664086b4f05d604dc526eda59cd9f.jpg,640,640
train,fshoplifting_2_6_AdobeExpress_108_jpg.rf.1c6e68f3a9fa2dea6da512b6866b8b39.jpg,640,640
train,fshoplifting_2_6_AdobeExpress_120_jpg.rf.e99d652003ce039eb180639d1cc200f3.jpg,640,640
train,fshoplifting_2_6_AdobeExpress_126_jpg.rf.cbdff5aae34389bc570ebed94d335ebf.jpg,640,640
train,fshoplifting_2_6_AdobeExpress_12_jpg.rf.8097f4d15f97234b932b45bb2687023c.jpg,640,640
train,fshoplifting_2_6_AdobeExpress_132_jpg.rf.b84a14ab1d8d484eac923d77522ad099.jpg,640,640
train,fshoplifting_2_6_AdobeExpress_138_jpg.rf.be77108a62569d9f5a07cfa9eb16dbd0.jpg,640,640
train,fshoplifting_2_6_AdobeExpress_144_jpg.rf.61693d9163c1f5c6beafff6a8621aa6e.jpg,640,640
train,fshoplifting_2_6_AdobeExpress_150_jpg.rf.d57e92172dd27cde4ce9b1203dd62381.jpg,640,640
train,fshoplifting_2_6_AdobeExpress_156_jpg.rf.e6648c928d68168d96d79462d90984a1.jpg,640,640
train,fshoplifting_2_6_AdobeExpress_162_jpg.rf.e2dd017c7cdb27a754c44cd46ae4a9be.jpg,640,640
train,fshoplifting_2_6_AdobeExpress_168_jpg.rf.a7f14e5bdc352cac4f924fef75a4a4a6.jpg,640,640
train,fshoplifting_2_6_AdobeExpress_174_jpg.rf.515f8731c76d60c4463df581c346e962.jpg,640,640
train,fshoplifting_2_6_AdobeExpress_180_jpg.rf.77449f05906de2a0c617b39b4777cf61.jpg,640,640
train,fshoplifting_2_6_AdobeExpress_186_jpg.rf.6a544952c0f1bbb2ef4656b52f932c0f.jpg,640,640
train,fshoplifting_2_6_AdobeExpress_198_jpg.rf.58ea5e5e5d012a6f80b91eb85dd7afc9.jpg,640,640
train,fshoplifting_2_6_AdobeExpress_210_jpg.rf.48eca771708465699de7cf4b00b5c7b2.jpg,640,640
train,fshoplifting_2_6_AdobeExpress_222_jpg.rf.21891fb01cb32eddd843e59e4c295f5d.jpg,640,640
train,fshoplifting_2_6_AdobeExpress_228_jpg.rf.1b7805aa8073e8b28eb84c25374405e5.jpg,640,640
train,fshoplifting_2_6_AdobeExpress_240_jpg.rf.b1c1c8d4c4ef750f4bd02b1567ff2aec.jpg,640,640
train,fshoplifting_2_6_AdobeExpress_246_jpg.rf.0f81d552867ef596a5d8b3e22d6089a5.jpg,640,640
train,fshoplifting_2_6_AdobeExpress_24_jpg.rf.891e3d49d45986cc08b1e708eb7d0817.jpg,640,640
train,fshoplifting_2_6_AdobeExpress_258_jpg.rf.8cc3f65de04bfb7295877410150176ed.jpg,640,640
train,fshoplifting_2_6_AdobeExpress_264_jpg.rf.dc52b725a09c65c2740a2e946d3ebfe8.jpg,640,640
train,fshoplifting_2_6_AdobeExpress_276_jpg.rf.dc583bd1ae9c913790278414a9916c1f.jpg,640,640
train,fshoplifting_2_6_AdobeExpress_282_jpg.rf.b8fe118c87f4b39e494d0a0f47862b20.jpg,640,640
train,fshoplifting_2_6_AdobeExpress_288_jpg.rf.3fc068bbd9dead2897fa7346f0a378a5.jpg,640,640
train,fshoplifting_2_6_AdobeExpress_294_jpg.rf.5e2d1a80d9c538f0f1fc3fd8b8a61922.jpg,640,640
train,fshoplifting_2_6_AdobeExpress_300_jpg.rf.ff10b5279994e552b1657441e648bb45.jpg,640,640
train,fshoplifting_2_6_AdobeExpress_312_jpg.rf.a8c50cb2a45d48590f099d6bfd85ed38.jpg,640,640
train,fshoplifting_2_6_AdobeExpress_318_jpg.rf.774e81ce70dd7610f2d166785fb4d878.jpg,640,640
train,fshoplifting_2_6_AdobeExpress_336_jpg.rf.f9c9521c2ff6c5af88f4e7e0e3e509a9.jpg,640,640
train,fshoplifting_2_6_AdobeExpress_342_jpg.rf.81403f7d7cc9a8d6ce07542b7c6e1469.jpg,640,640
train,fshoplifting_2_6_AdobeExpress_348_jpg.rf.db360d52862e5b6ab748cd609aa4de94.jpg,640,640
train,fshoplifting_2_6_AdobeExpress_360_jpg.rf.7844c853f5b19130e83c7be40d71c68c.jpg,640,640
train,fshoplifting_2_6_AdobeExpress_366_jpg.rf.ead4c36f8a2c01d6694b4c9da8d3cff1.jpg,640,640
train,fshoplifting_2_6_AdobeExpress_396_jpg.rf.b3e52adb5001f7d9a9918c378bcf27d0.jpg,640,640
train,fshoplifting_2_6_AdobeExpress_402_jpg.rf.06868bd9d5d8020df696dee8d234ae6b.jpg,640,640
train,fshoplifting_2_6_AdobeExpress_414_jpg.rf.2c023afa89a99e50c3a6e3806ddfd93b.jpg,640,640
train,fshoplifting_2_6_AdobeExpress_420_jpg.rf.7422cb57073c8a002103e61a3286ad3a.jpg,640,640
train,fshoplifting_2_6_AdobeExpress_42_jpg.rf.1af1555797dd9507cc7a99504b517bb2.jpg,640,640
train,fshoplifting_2_6_AdobeExpress_444_jpg.rf.7237fbeabf5862d2b0444130f8beaf16.jpg,640,640
train,fshoplifting_2_6_AdobeExpress_450_jpg.rf.e4a8ea54150c0f117fb5d81f66da887e.jpg,640,640
train,fshoplifting_2_6_AdobeExpress_48_jpg.rf.8591efa715fb2d8cef2f31c660074fbe.jpg,640,640
train,fshoplifting_2_6_AdobeExpress_54_jpg.rf.88cf4c8396d35e76abce64a25ef8104c.jpg,640,640
train,fshoplifting_2_6_AdobeExpress_60_jpg.rf.125fd8c66c9ef79b0bd00ac65ba94342.jpg,640,640
train,fshoplifting_2_6_AdobeExpress_6_jpg.rf.45282b956ab06b2756c54ac13851db2c.jpg,640,640
train,fshoplifting_2_6_AdobeExpress_84_jpg.rf.53ca50b3ad3edac665981896b39663d5.jpg,640,640
train,fshoplifting_2_6_AdobeExpress_96_jpg.rf.b6be7b7d530b59606514b21653438ff8.jpg,640,640
train,fshoplifting_2_7_AdobeExpress_0_jpg.rf.d644afe95535ade72fba9a785a7edf4d.jpg,640,640
train,fshoplifting_2_7_AdobeExpress_102_jpg.rf.0c5f14c88d52612473b10d63664076c9.jpg,640,640
train,fshoplifting_2_7_AdobeExpress_105_jpg.rf.77d75597a89adc9e0e35c3ca20a2901b.jpg,640,640
train,fshoplifting_2_7_AdobeExpress_108_jpg.rf.c22b9c17635b06bcb60af503acb794c2.jpg,640,640
train,fshoplifting_2_7_AdobeExpress_111_jpg.rf.a1d55ae4d4f2fa43bf88e579b030cb66.jpg,640,640
train,fshoplifting_2_7_AdobeExpress_114_jpg.rf.4c778b23aa2998161d170a2ffc2e35ef.jpg,640,640
train,fshoplifting_2_7_AdobeExpress_117_jpg.rf.c54a85050d09df605697f3e2ffd5d3ad.jpg,640,640
train,fshoplifting_2_7_AdobeExpress_120_jpg.rf.46b31d86ec83cd50438af2c7ebd9a39c.jpg,640,640
train,fshoplifting_2_7_AdobeExpress_123_jpg.rf.5c1f561f3c0cf38985d8f35207065497.jpg,640,640
train,fshoplifting_2_7_AdobeExpress_129_jpg.rf.3ca011cde2bbe2dac8bf76a62f8d5a36.jpg,640,640
train,fshoplifting_2_7_AdobeExpress_12_jpg.rf.8d1bb1a86c13aa1283985eed32a45e70.jpg,640,640
train,fshoplifting_2_7_AdobeExpress_18_jpg.rf.bddd9fc97be1d31021812b20ffb04ec1.jpg,640,640
train,fshoplifting_2_7_AdobeExpress_21_jpg.rf.d5f8158d4d0d2d1f75ed86d9e200ce7c.jpg,640,640
train,fshoplifting_2_7_AdobeExpress_24_jpg.rf.0ae7aecac9e6f5992759098e9faac1a6.jpg,640,640
train,fshoplifting_2_7_AdobeExpress_27_jpg.rf.83bf96b623002335c0d237a5b778400e.jpg,640,640
train,fshoplifting_2_7_AdobeExpress_33_jpg.rf.1780eb0b3e936f6e48256b53c27d1419.jpg,640,640
train,fshoplifting_2_7_AdobeExpress_39_jpg.rf.ede4cc33a26e3f02569a62519550b413.jpg,640,640
train,fshoplifting_2_7_AdobeExpress_3_jpg.rf.5cda5af3d2439ff5da7c1b3b3314faef.jpg,640,640
train,fshoplifting_2_7_AdobeExpress_42_jpg.rf.539e7ef46026996bbeaedc072714f11e.jpg,640,640
train,fshoplifting_2_7_AdobeExpress_45_jpg.rf.87fc21af9d0ec70bea8adf306a9879be.jpg,640,640
train,fshoplifting_2_7_AdobeExpress_48_jpg.rf.fafeaaa735d2227bd4ac20cce63dd6bf.jpg,640,640
train,fshoplifting_2_7_AdobeExpress_51_jpg.rf.d1fd40a7c14739a970f8dc7646a1176a.jpg,640,640
train,fshoplifting_2_7_AdobeExpress_54_jpg.rf.019211644ac95e4febe97d4ed0850419.jpg,640,640
train,fshoplifting_2_7_AdobeExpress_57_jpg.rf.57c3e537c5abc10155e3efd3bc0522ee.jpg,640,640
train,fshoplifting_2_7_AdobeExpress_72_jpg.rf.f05e79b1f3dc75133bfa84bc3b902b06.jpg,640,640
train,fshoplifting_2_7_AdobeExpress_78_jpg.rf.f230a43c60f443686dc0036fbf99b107.jpg,640,640
train,fshoplifting_2_7_AdobeExpress_87_jpg.rf.a1638576ba996afc859018427b3bb434.jpg,640,640
train,fshoplifting_2_7_AdobeExpress_90_jpg.rf.cb54d049dbfc1db3a12a2798ba6582d6.jpg,640,640
train,fshoplifting_2_7_AdobeExpress_93_jpg.rf.133ae057d6556e527b2158a513e437b3.jpg,640,640
train,fshoplifting_2_7_AdobeExpress_96_jpg.rf.560b1021b433696b89e1553155225f3e.jpg,640,640
train,fshoplifting_2_8_102_jpg.rf.a4934038bc878dfa8c5877d493075ee5.jpg,640,640
train,fshoplifting_2_8_108_jpg.rf.7c4f18a73fdcd5378001e1430ce15efa.jpg,640,640
train,fshoplifting_2_8_114_jpg.rf.bb42ae8593e6cfc3443e18953704030c.jpg,640,640
train,fshoplifting_2_8_120_jpg.rf.9f493605362ff756c9b2627fa490201e.jpg,640,640
train,fshoplifting_2_8_126_jpg.rf.bf655c6910e18a29dec2c050dbb0fd35.jpg,640,640
train,fshoplifting_2_8_12_jpg.rf.3d339e7dbc8f40c590c792553f21ad00.jpg,640,640
train,fshoplifting_2_8_132_jpg.rf.103523b92eb225cabfb766b8f67748e5.jpg,640,640
train,fshoplifting_2_8_138_jpg.rf.cf8dcafbdd64abfe2a5d2c1cd593c628.jpg,640,640
train,fshoplifting_2_8_150_jpg.rf.473e452bdfa5906060d922d3bdb055aa.jpg,640,640
train,fshoplifting_2_8_156_jpg.rf.2c43e93393f3d837dbc554e32b22221f.jpg,640,640
train,fshoplifting_2_8_162_jpg.rf.59324b009a6dc6337563c9da928a39d8.jpg,640,640
train,fshoplifting_2_8_168_jpg.rf.68a7b895bf50463bb455a0af56e76450.jpg,640,640
train,fshoplifting_2_8_174_jpg.rf.57ac9f182b34c09b20a7122a8894cb45.jpg,640,640
train,fshoplifting_2_8_186_jpg.rf.7be4a54b591340112f2836fec6030db5.jpg,640,640
train,fshoplifting_2_8_18_jpg.rf.26784b43dd454c14796742847bfcb535.jpg,640,640
train,fshoplifting_2_8_192_jpg.rf.84da0b2ebf65277f8342406d35d0b04e.jpg,640,640
train,fshoplifting_2_8_198_jpg.rf.c7943781836edd0407b394cea71f412a.jpg,640,640
train,fshoplifting_2_8_210_jpg.rf.999d4c0a85268053890b2398c470420d.jpg,640,640
train,fshoplifting_2_8_216_jpg.rf.504ff9040b1afbb925635ffa2a652e81.jpg,640,640
train,fshoplifting_2_8_240_jpg.rf.bcb70ca71cdd032480c27cfdca0dbf39.jpg,640,640
train,fshoplifting_2_8_246_jpg.rf.ead1fd8058cfe784df737eec38b98677.jpg,640,640
train,fshoplifting_2_8_24_jpg.rf.f6bce6924e68372805860d83d7bd7655.jpg,640,640
train,fshoplifting_2_8_252_jpg.rf.ac03f8d96701f1879c6ded5d58e0c757.jpg,640,640
train,fshoplifting_2_8_264_jpg.rf.84ea766f17b07a955ca7f50522cae815.jpg,640,640
train,fshoplifting_2_8_270_jpg.rf.07279694372e379f6737110500bfcf57.jpg,640,640
train,fshoplifting_2_8_288_jpg.rf.a0d42242cd4533050bf190e0fda51c97.jpg,640,640
train,fshoplifting_2_8_294_jpg.rf.128e370dd21c6f33d48ef803c1e719e9.jpg,640,640
train,fshoplifting_2_8_300_jpg.rf.9e35e31b195985955f77d5ccfe12721c.jpg,640,640
train,fshoplifting_2_8_30_jpg.rf.a0225ee1beccc6c36a4d4b01e8576060.jpg,640,640
train,fshoplifting_2_8_312_jpg.rf.311ac1de83da51c53fc111802770080d.jpg,640,640
train,fshoplifting_2_8_318_jpg.rf.6b0d27c3ef999e9d7b21c6ecf6faf11d.jpg,640,640
train,fshoplifting_2_8_324_jpg.rf.0877ffc611b5b8bfa363a70591135a54.jpg,640,640
train,fshoplifting_2_8_330_jpg.rf.a87ff6c5f81339a154229da1d070d5a2.jpg,640,640
train,fshoplifting_2_8_336_jpg.rf.620c4bcb5c9691092145c29f881c3724.jpg,640,640
train,fshoplifting_2_8_348_jpg.rf.8003294d960a8ab21f37dee94d1e1c59.jpg,640,640
train,fshoplifting_2_8_354_jpg.rf.cbff016b8fcbd9a338bed183047e2e20.jpg,640,640
train,fshoplifting_2_8_360_jpg.rf.c5478a46ee6bc2a600fcdf575c970035.jpg,640,640
train,fshoplifting_2_8_366_jpg.rf.04563b5471750a73ef662abb4170989f.jpg,640,640
train,fshoplifting_2_8_36_jpg.rf.c6c23c530cb7f646c7811d2742a5e6c3.jpg,640,640
train,fshoplifting_2_8_372_jpg.rf.28ca7dc8bc2828a7faa15dd7828945e5.jpg,640,640
train,fshoplifting_2_8_378_jpg.rf.4a83e61015becd29c8c384cd5974cb13.jpg,640,640
train,fshoplifting_2_8_384_jpg.rf.db5f21b8addb88b3dfb7e45df7dcfba8.jpg,640,640
train,fshoplifting_2_8_390_jpg.rf.7d2cc69c1b14a1edae4397dc4ef86ebd.jpg,640,640
train,fshoplifting_2_8_414_jpg.rf.07f32ec425cbc1a92880fb8bdca251f7.jpg,640,640
train,fshoplifting_2_8_420_jpg.rf.2030062355dbe3dbbc80d7b47368200d.jpg,640,640
train,fshoplifting_2_8_426_jpg.rf.b19c0dce78d0240670fb8f748e3ade0e.jpg,640,640
train,fshoplifting_2_8_42_jpg.rf.aa65ed46069bc90c4baf23665a205429.jpg,640,640
train,fshoplifting_2_8_432_jpg.rf.638b93a7700fdee88b0fd2288d96a35a.jpg,640,640
train,fshoplifting_2_8_438_jpg.rf.0c65ac469eca1f6e19d1c1aee526718c.jpg,640,640
train,fshoplifting_2_8_444_jpg.rf.d10d64f91b5e1efcd81973f44affff32.jpg,640,640
train,fshoplifting_2_8_462_jpg.rf.2012b5e003ab0edbc981b5b6673b218c.jpg,640,640
train,fshoplifting_2_8_486_jpg.rf.9c9711bfa949c887e530e5f27ce01a1c.jpg,640,640
train,fshoplifting_2_8_48_jpg.rf.10ce0625fdebc6f795288672030e437b.jpg,640,640
train,fshoplifting_2_8_492_jpg.rf.5f520eaa17e97880a1d1633b3017004b.jpg,640,640
train,fshoplifting_2_8_504_jpg.rf.fadcea69f4c04b03486d660d85d94fd2.jpg,640,640
train,fshoplifting_2_8_510_jpg.rf.698d676a182634b5322ba51f018a3556.jpg,640,640
train,fshoplifting_2_8_516_jpg.rf.3e5c7eeda67363bde7afc619197101db.jpg,640,640
train,fshoplifting_2_8_522_jpg.rf.d287f086fd5bb6977e02e05bcfc28efc.jpg,640,640
train,fshoplifting_2_8_534_jpg.rf.a03014eb740e91e11ea3cdf2084c2d5e.jpg,640,640
train,fshoplifting_2_8_540_jpg.rf.11786afd4858f63c5f94b84cb44ef127.jpg,640,640
train,fshoplifting_2_8_54_jpg.rf.544204a42614e9ed3c5adc64f7b9054b.jpg,640,640
train,fshoplifting_2_8_552_jpg.rf.a4ac7c27fa4219daf879bbe7de0648fc.jpg,640,640
train,fshoplifting_2_8_558_jpg.rf.c976dd2bd31b704080bfb1a737b6bc9b.jpg,640,640
train,fshoplifting_2_8_570_jpg.rf.836e693346ac7b0aad80db1e471a991c.jpg,640,640
train,fshoplifting_2_8_576_jpg.rf.4ef6de0764adc66750a073bce14e5b67.jpg,640,640
train,fshoplifting_2_8_582_jpg.rf.ce5e06eb823ee21730925c85621ef587.jpg,640,640
train,fshoplifting_2_8_588_jpg.rf.69615e25dcbd0117db516fd595a05162.jpg,640,640
train,fshoplifting_2_8_594_jpg.rf.d956ced20140d0c2442a2dfc2ab70a60.jpg,640,640
train,fshoplifting_2_8_600_jpg.rf.fabc3a68e5d8d71d7051d77281d59f9d.jpg,640,640
train,fshoplifting_2_8_606_jpg.rf.1b5b836c6e4931663ea2c80d6de24b14.jpg,640,640
train,fshoplifting_2_8_60_jpg.rf.672c044280ec833d7ec844a54a478b6d.jpg,640,640
train,fshoplifting_2_8_612_jpg.rf.5a507263b0be373295520c79263410c5.jpg,640,640
train,fshoplifting_2_8_618_jpg.rf.bd581674b8e9c6224df778d0422e879f.jpg,640,640
train,fshoplifting_2_8_624_jpg.rf.0a595f969a61306935e014fa1fac1e32.jpg,640,640
train,fshoplifting_2_8_630_jpg.rf.779c4615106254148f08253b64ae2c4f.jpg,640,640
train,fshoplifting_2_8_636_jpg.rf.3438592da9bbd15ea2470a769fbcbf0e.jpg,640,640
train,fshoplifting_2_8_642_jpg.rf.81037a3d7352d8805d0343684b0ed305.jpg,640,640
train,fshoplifting_2_8_648_jpg.rf.a36b8e5762c3c81c01d394c7d35b8060.jpg,640,640
train,fshoplifting_2_8_654_jpg.rf.c65aa03b258c9f372553daae9e8388a0.jpg,640,640
train,fshoplifting_2_8_660_jpg.rf.e2530b593c40ac306a0f6409002817ef.jpg,640,640
train,fshoplifting_2_8_666_jpg.rf.d5a44a43aad862631c6bfc4e647f7d96.jpg,640,640
train,fshoplifting_2_8_66_jpg.rf.073e4621a6cebde4f5a0df0fa2bcfed0.jpg,640,640
train,fshoplifting_2_8_684_jpg.rf.dc5b7758c8e8dd9f98eff2cab7921c9f.jpg,640,640
train,fshoplifting_2_8_690_jpg.rf.3af3e6c2a700d3e6ea770852d660c994.jpg,640,640
train,fshoplifting_2_8_702_jpg.rf.c7c88830dd8652cca3040f3b24e4a7d8.jpg,640,640
train,fshoplifting_2_8_708_jpg.rf.00c3f652b3cf40eb16fdd23a05ff759a.jpg,640,640
train,fshoplifting_2_8_714_jpg.rf.ace02cc2e2ae16405365a917a6ab16a5.jpg,640,640
train,fshoplifting_2_8_720_jpg.rf.fdd4106b94a9faa9e3cfd926bdd875d8.jpg,640,640
train,fshoplifting_2_8_72_jpg.rf.acfb02133d7a756e1fd14a917c8814bc.jpg,640,640
train,fshoplifting_2_8_732_jpg.rf.a1158fc1d7125ad54729734ac942db97.jpg,640,640
train,fshoplifting_2_8_738_jpg.rf.885830fd83295e0a58391b2cad1b305f.jpg,640,640
train,fshoplifting_2_8_744_jpg.rf.20a58ebf1a483f355d0904129d5a7ce6.jpg,640,640
train,fshoplifting_2_8_768_jpg.rf.48245bb736627f73431977d6c85ea79f.jpg,640,640
train,fshoplifting_2_8_774_jpg.rf.6155e4747fd7bfca8be159450d86ab4d.jpg,640,640
train,fshoplifting_2_8_780_jpg.rf.a03f75ef09fe0310ed49e9456acf6a7e.jpg,640,640
train,fshoplifting_2_8_786_jpg.rf.3a066bdfbe19f183ab25f68c2e36d8af.jpg,640,640
train,fshoplifting_2_8_78_jpg.rf.f591e58f886d6103fc5f43f99ed27c3f.jpg,640,640
train,fshoplifting_2_8_792_jpg.rf.1de16c777d2282558792cc840a450def.jpg,640,640
train,fshoplifting_2_8_798_jpg.rf.228b1cdff97d913bbf9be671082162e5.jpg,640,640
train,fshoplifting_2_8_810_jpg.rf.694e471399f05beb0b4ff3e440230467.jpg,640,640
train,fshoplifting_2_8_816_jpg.rf.4a0036b74924b2d26607188d497f6722.jpg,640,640
train,fshoplifting_2_8_822_jpg.rf.66a6f401523648b4f1e88a945659da6a.jpg,640,640
train,fshoplifting_2_8_828_jpg.rf.8447fe947978485d02a7a8941ae1d856.jpg,640,640
train,fshoplifting_2_8_834_jpg.rf.7167289b20308252bbe8f50272584786.jpg,640,640
train,fshoplifting_2_8_840_jpg.rf.9c42229681b9889d4261124d010218cc.jpg,640,640
train,fshoplifting_2_8_846_jpg.rf.34f762bbd3cfeb3c664eefba99d58326.jpg,640,640
train,fshoplifting_2_8_852_jpg.rf.d06486af71a487b28a1e7bbf036d5269.jpg,640,640
train,fshoplifting_2_8_858_jpg.rf.51aea7480f780245e2d7a27dce356dd3.jpg,640,640
train,fshoplifting_2_8_864_jpg.rf.e6fcf70e79c41be17c8f6d98f2e333db.jpg,640,640
train,fshoplifting_2_8_870_jpg.rf.04780dc20e5b3b281bba627ba04996ce.jpg,640,640
train,fshoplifting_2_8_876_jpg.rf.ac1df5f1c4bdaca38504f506f1c94afc.jpg,640,640
train,fshoplifting_2_8_882_jpg.rf.685648be02ffd674c687bdcbffedfba5.jpg,640,640
train,fshoplifting_2_8_900_jpg.rf.d46cc1a96cae64998ed4a6bbc51a1fab.jpg,640,640
train,fshoplifting_2_8_90_jpg.rf.53eabb43b56585aa2f48d50a53b21a9f.jpg,640,640
train,fshoplifting_2_8_942_jpg.rf.1c200702e3dab0036d329af02a19eb14.jpg,640,640
train,fshoplifting_2_8_960_jpg.rf.eeeab8c241e03b38e8cddc25ee8342a5.jpg,640,640
train,fshoplifting_2_8_96_jpg.rf.3d53a4ca80f5ce7f1d93b0c090be05a1.jpg,640,640
train,fshoplifting_2_8_972_jpg.rf.7455d3094380c1449a6b635d2fcd7453.jpg,640,640
train,fshoplifting_2_8_978_jpg.rf.200d3180a8c75383d64752c23995cb29.jpg,640,640
train,fshoplifting_2_8_984_jpg.rf.0e8e926f8ec7c9bc87d9e7d880a6f2e5.jpg,640,640
train,fshoplifting_2_8_990_jpg.rf.966f48fac4b39659c18f4bce4705bd5e.jpg,640,640
train,fshoplifting_2_9_0_jpg.rf.cf4ed5ad95268de7165669d536bd9481.jpg,640,640
train,fshoplifting_2_9_108_jpg.rf.b200206fe320b48aa7ce8960d8830d7b.jpg,640,640
train,fshoplifting_2_9_120_jpg.rf.7032ef290d2e999d1a9fcb7edd7287d2.jpg,640,640
train,fshoplifting_2_9_126_jpg.rf.1dc097f355a0d32f1d41eec9713061ca.jpg,640,640
train,fshoplifting_2_9_132_jpg.rf.809f846c6bf1d64feb2d269f9c49ab70.jpg,640,640
train,fshoplifting_2_9_138_jpg.rf.9a04263a39f20e47f077a87ff9b58625.jpg,640,640
train,fshoplifting_2_9_144_jpg.rf.c924a76292d0919196ed1249b13e4999.jpg,640,640
train,fshoplifting_2_9_168_jpg.rf.668ef55ea585b5b5cb545b6df8e82223.jpg,640,640
train,fshoplifting_2_9_174_jpg.rf.e4b187ce15ac8617f977c338a14aff31.jpg,640,640
train,fshoplifting_2_9_180_jpg.rf.bb78f97381629dff61386d72b6dd1788.jpg,640,640
train,fshoplifting_2_9_186_jpg.rf.a027fd42b0852287e8dd519c9479be71.jpg,640,640
train,fshoplifting_2_9_18_jpg.rf.e8be4794ad575deb913cbb4c0cd5c74b.jpg,640,640
train,fshoplifting_2_9_192_jpg.rf.874f4c8f5edb41e23169a7f958e3a3a5.jpg,640,640
train,fshoplifting_2_9_198_jpg.rf.b27f6c23abbce6d992d109ccb6a8cdb1.jpg,640,640
train,fshoplifting_2_9_210_jpg.rf.a8b92fe5fff47fe8c17e001004acf15f.jpg,640,640
train,fshoplifting_2_9_222_jpg.rf.6e05230e102b7ba3f535ae6062435a9a.jpg,640,640
train,fshoplifting_2_9_228_jpg.rf.b59634931ea6ece65415318a8105ed5e.jpg,640,640
train,fshoplifting_2_9_240_jpg.rf.9e23551c64c6c9a5d9ddd7661e93ca9b.jpg,640,640
train,fshoplifting_2_9_24_jpg.rf.81bc0e9da71df58cdc88b839e7fc4048.jpg,640,640
train,fshoplifting_2_9_252_jpg.rf.f5dd58d21ea3423fe13e5b74422942f5.jpg,640,640
train,fshoplifting_2_9_258_jpg.rf.fb154be4c9e9569ce695af6ff87d16be.jpg,640,640
train,fshoplifting_2_9_264_jpg.rf.7b3d57764cb05780b34c85678ed8e0ea.jpg,640,640
train,fshoplifting_2_9_270_jpg.rf.d953ad13b1e5c6e875ff4a36586db670.jpg,640,640
train,fshoplifting_2_9_276_jpg.rf.dcbe3fe05c2b7a21712ce3d8064323d9.jpg,640,640
train,fshoplifting_2_9_282_jpg.rf.a8b60f654deb2422eac482dea0daf2ec.jpg,640,640
train,fshoplifting_2_9_288_jpg.rf.632886919e0ca049f1880bc78a6378eb.jpg,640,640
train,fshoplifting_2_9_294_jpg.rf.e2aedbf118ed9e0790cc3f5e7b5491e6.jpg,640,640
train,fshoplifting_2_9_306_jpg.rf.19d2ddfd09b0d77f9048a499529eddb0.jpg,640,640
train,fshoplifting_2_9_30_jpg.rf.165086c7045593b3b3e8af1d47938d2c.jpg,640,640
train,fshoplifting_2_9_312_jpg.rf.80525f0cc2f504e13cd64355d692764b.jpg,640,640
train,fshoplifting_2_9_318_jpg.rf.c1c6d563f0f9f46575857d8980a53440.jpg,640,640
train,fshoplifting_2_9_324_jpg.rf.ed1561bda623c1453043d8dbc41106f4.jpg,640,640
train,fshoplifting_2_9_330_jpg.rf.0b12ae38b98c68456e080028d8a68dc9.jpg,640,640
train,fshoplifting_2_9_354_jpg.rf.5905abcb91542e055d1a6fa2ed6ffbcd.jpg,640,640
train,fshoplifting_2_9_360_jpg.rf.0bb7133dbf1f8d58cc6c7c8c398e7240.jpg,640,640
train,fshoplifting_2_9_366_jpg.rf.fa6dd785da7e6435bc403fa3cf6e407f.jpg,640,640
train,fshoplifting_2_9_36_jpg.rf.6ea9c537b76b368b8cfacfebf04619a1.jpg,640,640
train,fshoplifting_2_9_42_jpg.rf.9b48093f1d980a7781220e39ffe02d87.jpg,640,640
train,fshoplifting_2_9_54_jpg.rf.3e03d96f7b52df44cb808b1813786ab8.jpg,640,640
train,fshoplifting_2_9_66_jpg.rf.c41760790de60271bd1692aa2fe74985.jpg,640,640
train,fshoplifting_2_9_6_jpg.rf.b9cdb159d6f426d0eee0b5b7efc82091.jpg,640,640
train,fshoplifting_2_9_72_jpg.rf.21d8353ad817a75ba1ab5a4a2e458165.jpg,640,640
train,fshoplifting_2_9_78_jpg.rf.67bcbd2639d849099fcc48a25e1d7550.jpg,640,640
train,fshoplifting_2_9_84_jpg.rf.6b029249a7279667fb4d33697ddc226a.jpg,640,640
valid,fshoplifting_2_11_102_jpg.rf.ee454df2f702cf4c7ba041da6e908d71.jpg,640,640
valid,fshoplifting_2_11_132_jpg.rf.c056c1bd6676fa1543129b048d93683b.jpg,640,640
valid,fshoplifting_2_11_150_jpg.rf.ab80d36f0c580335b390fb3b4e35ac6a.jpg,640,640
valid,fshoplifting_2_11_162_jpg.rf.f4e3423921163d6f518462d576e2f458.jpg,640,640
valid,fshoplifting_2_11_168_jpg.rf.6d1fb958ffa9d2479ecb7837e9a32f6d.jpg,640,640
valid,fshoplifting_2_11_186_jpg.rf.e975540d964bb15e03a4cb6aeaf7f617.jpg,640,640
valid,fshoplifting_2_11_210_jpg.rf.21162e78afe194991b8d48ff99d7d9bf.jpg,640,640
valid,fshoplifting_2_11_216_jpg.rf.d92e0344a1595668bbf34cc5cbdde2d3.jpg,640,640
valid,fshoplifting_2_11_246_jpg.rf.a1367744429a3ceab6c597b86695dc08.jpg,640,640
valid,fshoplifting_2_11_264_jpg.rf.8686a49648d5c4bed46fdfda1ed03777.jpg,640,640
valid,fshoplifting_2_11_288_jpg.rf.666fa696026b8b2480fd6f9c562aa2c9.jpg,640,640
valid,fshoplifting_2_11_300_jpg.rf.8d7825c8542be115ebfd1c25aa3434f6.jpg,640,640
valid,fshoplifting_2_11_336_jpg.rf.9da74b0bb19a41d4911005727aa822f6.jpg,640,640
valid,fshoplifting_2_11_354_jpg.rf.b07cf80e8b08e5d85c2dd064f8a68f57.jpg,640,640
valid,fshoplifting_2_11_372_jpg.rf.21aeb81b7dc38830c9ae446005477ad1.jpg,640,640
valid,fshoplifting_2_11_42_jpg.rf.ba1e9fd627915fdb39375f40001e416b.jpg,640,640
valid,fshoplifting_2_11_432_jpg.rf.75f5e1c0e0cf6d6ff0fb8392c1d76997.jpg,640,640
valid,fshoplifting_2_11_474_jpg.rf.7c4d5710d184168ac13d07c10e3887c2.jpg,640,640
valid,fshoplifting_2_11_516_jpg.rf.e2270bd879d9ab27909a895965a5fa47.jpg,640,640
valid,fshoplifting_2_11_618_jpg.rf.ffa70f5b324c00041bb218fe24ab2868.jpg,640,640
valid,fshoplifting_2_11_624_jpg.rf.bf093c6a0f0f439ef722aa8946ad9787.jpg,640,640
valid,fshoplifting_2_11_630_jpg.rf.7dc93bc8719e2433ba51cc2792de46c6.jpg,640,640
valid,fshoplifting_2_11_666_jpg.rf.39cbeddd613e28ada7493f9bb12eeb70.jpg,640,640
valid,fshoplifting_2_11_6_jpg.rf.06353a9a14c2658f8ad2151858d1a23e.jpg,640,640
valid,fshoplifting_2_11_762_jpg.rf.2ce05654afd7a83e8e84ee6220a68dc8.jpg,640,640
valid,fshoplifting_2_11_768_jpg.rf.059c196e2078ad0acbcd76c7b6760b6f.jpg,640,640
valid,fshoplifting_2_11_798_jpg.rf.f0e2a09a8b2470e02ca7fad81a1143dc.jpg,640,640
valid,fshoplifting_2_11_858_jpg.rf.6fd7343eb148a7719c26598e27308805.jpg,640,640
valid,fshoplifting_2_11_882_jpg.rf.1637e58162bd63720a29be1214ea4b3f.jpg,640,640
valid,fshoplifting_2_11_894_jpg.rf.5f57c8b48fe30e6b07ef5711e22019f8.jpg,640,640
valid,fshoplifting_2_11_900_jpg.rf.6e0539c17e512defa424c3e138f8ee19.jpg,640,640
valid,fshoplifting_2_11_954_jpg.rf.8397fde197c8d6f06c9be3668c12843f.jpg,640,640
valid,fshoplifting_2_12_18_jpg.rf.407dd1adf4144713a53c07ce25bba2a3.jpg,640,640
valid,fshoplifting_2_12_228_jpg.rf.db4379f6fbfcac86299eff2ba1dac4dd.jpg,640,640
valid,fshoplifting_2_12_246_jpg.rf.9074b845caa93fef8ef748d1a2834e83.jpg,640,640
valid,fshoplifting_2_12_24_jpg.rf.f5f6edcc9139b2005ed7afd5efdb2bed.jpg,640,640
valid,fshoplifting_2_12_270_jpg.rf.efb90309aab87bf303d89fa23fa55eae.jpg,640,640
valid,fshoplifting_2_12_342_jpg.rf.85df548b7ae15a61906662fc30a96871.jpg,640,640
valid,fshoplifting_2_12_36_jpg.rf.703f274a6c913a297bfff292393e9eaf.jpg,640,640
valid,fshoplifting_2_13_24_jpg.rf.aef3ea99fbe3f1cb6f21346dbb1e6e12.jpg,640,640
valid,fshoplifting_2_13_42_jpg.rf.4bf8933ccf820ccce9c741235352ce5a.jpg,640,640
valid,fshoplifting_2_13_60_jpg.rf.c0e6512976ee43b2c5ffa79ccd0a6659.jpg,640,640
valid,fshoplifting_2_13_90_jpg.rf.ace6d1c21fac374c765f500f4a470147.jpg,640,640
valid,fshoplifting_2_14_120_jpg.rf.cfd676e63d31ebcd1a436b3db0ae797d.jpg,640,640
valid,fshoplifting_2_14_126_jpg.rf.ca17ba77f8e6b53b9b9f89e724533cc0.jpg,640,640
valid,fshoplifting_2_14_138_jpg.rf.027d630c0c697f42e33f5d481aaaed40.jpg,640,640
valid,fshoplifting_2_14_162_jpg.rf.b51e8d63124c868d28562785893cde6f.jpg,640,640
valid,fshoplifting_2_14_180_jpg.rf.314ed650fbcba1854da65b504a15f6e7.jpg,640,640
valid,fshoplifting_2_14_186_jpg.rf.24fd1391ffb7646dc26ead02dd53f28e.jpg,640,640
valid,fshoplifting_2_14_192_jpg.rf.2e263c5dd6eaf23a668f1401cc4788f0.jpg,640,640
valid,fshoplifting_2_14_204_jpg.rf.19ab448d61388e437d277d9657175a35.jpg,640,640
valid,fshoplifting_2_14_222_jpg.rf.b112d917da26d7f05b79194f0d043179.jpg,640,640
valid,fshoplifting_2_14_234_jpg.rf.432944f482eb034501bb585310a9fded.jpg,640,640
valid,fshoplifting_2_14_240_jpg.rf.d8c75e940e7194aa14b0669bb7523195.jpg,640,640
valid,fshoplifting_2_14_252_jpg.rf.fac7554da501fd883d5975575ca58e9e.jpg,640,640
valid,fshoplifting_2_14_294_jpg.rf.a80a821ad92049d49cafe22d5b239fd6.jpg,640,640
valid,fshoplifting_2_14_330_jpg.rf.1cbb714120c15391acdf332633925648.jpg,640,640
valid,fshoplifting_2_14_378_jpg.rf.02a8ee328c2ff562d72fa4c0276c77b5.jpg,640,640
valid,fshoplifting_2_14_396_jpg.rf.6356c95a643fb715b5d770cb8f67e95a.jpg,640,640
valid,fshoplifting_2_14_60_jpg.rf.e234979cf0e6b8fa744a8f1f187896ea.jpg,640,640
valid,fshoplifting_2_14_72_jpg.rf.a2838c9556ceeb98bc452a20ba8a0cf9.jpg,640,640
valid,fshoplifting_2_15_AdobeExpress_60_jpg.rf.acbda2866ae3eb25c7623b6d5972223f.jpg,640,640
valid,fshoplifting_2_15_AdobeExpress_6_jpg.rf.646e966ce77b2f8311143aa5ba25b86c.jpg,640,640
valid,fshoplifting_2_15_AdobeExpress_78_jpg.rf.54ecbf0c80a5925685b58c5b03ad61fd.jpg,640,640
valid,fshoplifting_2_18_0_jpg.rf.0bf4372f1212275fb846360bdd4aec4b.jpg,640,640
valid,fshoplifting_2_18_126_jpg.rf.930750b4e8a462ac52d392085d06fb33.jpg,640,640
valid,fshoplifting_2_18_12_jpg.rf.46306120cbd8bef010c270b072b84190.jpg,640,640
valid,fshoplifting_2_18_132_jpg.rf.2ba79e3e1a24fbf2bab2e8b6568194ed.jpg,640,640
valid,fshoplifting_2_18_156_jpg.rf.64b841b28f7be1a51c9d47cde556e455.jpg,640,640
valid,fshoplifting_2_18_186_jpg.rf.4a8c3e1221c1ebe7aa9b1d92a544190c.jpg,640,640
valid,fshoplifting_2_18_72_jpg.rf.6e3d760641d76c3d5418a3a628adcd34.jpg,640,640
valid,fshoplifting_2_18_84_jpg.rf.56eb93fbd02357e221917504a6a797ea.jpg,640,640
valid,fshoplifting_2_18_90_jpg.rf.0ba6903c0a5b0b197a02b09233532cac.jpg,640,640
valid,fshoplifting_2_19_AdobeExpress_108_jpg.rf.4b93fba5ba3bf7e068625d3e82ba96cf.jpg,640,640
valid,fshoplifting_2_19_AdobeExpress_114_jpg.rf.37d4cfe4bc09ccdd513905a222d12211.jpg,640,640
valid,fshoplifting_2_19_AdobeExpress_126_jpg.rf.bc0627d200168ec180ac518d2497c335.jpg,640,640
valid,fshoplifting_2_19_AdobeExpress_156_jpg.rf.8fd89c344220c18858b8adbc4728c414.jpg,640,640
valid,fshoplifting_2_19_AdobeExpress_24_jpg.rf.a9a23c66c147b742c526276ba69b8105.jpg,640,640
valid,fshoplifting_2_19_AdobeExpress_282_jpg.rf.47423efd01923fad227f2b7e56698c44.jpg,640,640
valid,fshoplifting_2_19_AdobeExpress_30_jpg.rf.65c4098189c300837448ed11f5d1acc6.jpg,640,640
valid,fshoplifting_2_19_AdobeExpress_36_jpg.rf.535dd00e484e6279da9a3c23844f644a.jpg,640,640
valid,fshoplifting_2_19_AdobeExpress_60_jpg.rf.c74a2024d5e590ff24a50973eb2a47d4.jpg,640,640
valid,fshoplifting_2_20_1008_jpg.rf.0fbf7ba371cd69a45c04870cb74b51c0.jpg,640,640
valid,fshoplifting_2_20_1032_jpg.rf.b92ced1bc9841e7229b384bc0bef9fbf.jpg,640,640
valid,fshoplifting_2_20_1038_jpg.rf.47a33b8f6d9064f1e01bf2947b879afc.jpg,640,640
valid,fshoplifting_2_20_1110_jpg.rf.855342cb80fb546184de9003ceb6ca05.jpg,640,640
valid,fshoplifting_2_20_1158_jpg.rf.ce054e0db9fdd7634a5884400fa5766e.jpg,640,640
valid,fshoplifting_2_20_1266_jpg.rf.2b273f7b2459ebde0b2aa6597ad7c18d.jpg,640,640
valid,fshoplifting_2_20_1326_jpg.rf.7993845251dc6285be46f17f37afad44.jpg,640,640
valid,fshoplifting_2_20_1356_jpg.rf.29d658f007ba4039a037b9cc0c023e7c.jpg,640,640
valid,fshoplifting_2_20_1368_jpg.rf.8cbd56e19a0e444e5e4930e80ec0006a.jpg,640,640
valid,fshoplifting_2_20_138_jpg.rf.dca7329ca906fb803a9b389c455b68f0.jpg,640,640
valid,fshoplifting_2_20_150_jpg.rf.aaef6798e84018cd8a3145bd4a8009c2.jpg,640,640
valid,fshoplifting_2_20_1536_jpg.rf.abfa271453c020fb8ecb5126d1c53ce7.jpg,640,640
valid,fshoplifting_2_20_168_jpg.rf.76ab7dc5f318559b95f92208a3821812.jpg,640,640
valid,fshoplifting_2_20_228_jpg.rf.4aaf7f88d98b75d44908b40de5fc3692.jpg,640,640
valid,fshoplifting_2_20_240_jpg.rf.8019b5ab10f16b1b88a0ae2a5d014ca0.jpg,640,640
valid,fshoplifting_2_20_294_jpg.rf.dcd73dff81af80cc8d4a134495b90ef9.jpg,640,640
valid,fshoplifting_2_20_300_jpg.rf.248ad7f41340a1a6f1db605a2208c94d.jpg,640,640
valid,fshoplifting_2_20_312_jpg.rf.7d31fbc2faae800ec06efb6e838e8699.jpg,640,640
valid,fshoplifting_2_20_354_jpg.rf.9abdfa31fed698431ee5c31384fcc150.jpg,640,640
valid,fshoplifting_2_20_408_jpg.rf.70c24eb393b71eb069eec6f064a40711.jpg,640,640
valid,fshoplifting_2_20_420_jpg.rf.62fde0bacb5f70a024b12e871d9f8276.jpg,640,640
valid,fshoplifting_2_20_432_jpg.rf.7ecfd3a5640ad6e54b7111675aaad213.jpg,640,640
valid,fshoplifting_2_20_438_jpg.rf.8661dad221a7bb6dc6d1780119ab8246.jpg,640,640
valid,fshoplifting_2_20_456_jpg.rf.6a16b76259780f44227fff07e10f25d6.jpg,640,640
valid,fshoplifting_2_20_462_jpg.rf.fec9bc367347cd8bbe35c28309b02b3d.jpg,640,640
valid,fshoplifting_2_20_480_jpg.rf.e41a0bd8f9fc870b58973b3ab7066ee4.jpg,640,640
valid,fshoplifting_2_20_486_jpg.rf.c90e7f2c067944bc51a97d55671da68c.jpg,640,640
valid,fshoplifting_2_20_498_jpg.rf.95da1cfe220f471a52d8b0f5ab7612e7.jpg,640,640
valid,fshoplifting_2_20_510_jpg.rf.9bb380167231bbf6fabed4bae0bd1710.jpg,640,640
valid,fshoplifting_2_20_516_jpg.rf.46a78b43e085f705cd475d1a31a18059.jpg,640,640
valid,fshoplifting_2_20_588_jpg.rf.0319d61254693a72174348fe4d6f4c08.jpg,640,640
valid,fshoplifting_2_20_60_jpg.rf.2f302641085f49bd37be6e3fa4bb8688.jpg,640,640
valid,fshoplifting_2_20_612_jpg.rf.64e28dc41ab515eabbcc333b8533495b.jpg,640,640
valid,fshoplifting_2_20_660_jpg.rf.f6241cb10fb77387953a13e7859bae20.jpg,640,640
valid,fshoplifting_2_20_690_jpg.rf.c2666dd926513923e9343c5945e987f1.jpg,640,640
valid,fshoplifting_2_20_714_jpg.rf.dbd808a104c3cce5aa1a86781261a8df.jpg,640,640
valid,fshoplifting_2_20_726_jpg.rf.9a8eb84911e566438711f978de823594.jpg,640,640
valid,fshoplifting_2_20_762_jpg.rf.44351c5a38a059e9ee66e5c17d3caec0.jpg,640,640
valid,fshoplifting_2_20_780_jpg.rf.949c39d5dcc40a00c0296dfafec596ef.jpg,640,640
valid,fshoplifting_2_20_78_jpg.rf.1fbac022a2e3f427e25f4a6975add1a8.jpg,640,640
valid,fshoplifting_2_20_798_jpg.rf.4c329aec26f6d8c9229a160848dc3731.jpg,640,640
valid,fshoplifting_2_20_810_jpg.rf.6ed2f1f6b35268606e8aea770062b820.jpg,640,640
valid,fshoplifting_2_20_840_jpg.rf.61597fb17110f75cbd6c2a4c673fe25a.jpg,640,640
valid,fshoplifting_2_20_858_jpg.rf.113b709fab3364b81178fc5c398a593d.jpg,640,640
valid,fshoplifting_2_20_864_jpg.rf.305f3ab873c0244b1922602e7a0ad62e.jpg,640,640
valid,fshoplifting_2_20_882_jpg.rf.379f347d8ade40ffbbc2606a7412d367.jpg,640,640
valid,fshoplifting_2_20_894_jpg.rf.18595cd1fb5dbc059f1a2a371e835382.jpg,640,640
valid,fshoplifting_2_20_90_jpg.rf.8629e03d162d2f3e11083031f8e5f857.jpg,640,640
valid,fshoplifting_2_20_912_jpg.rf.310191efae11d6dc4d03044e0a56ac8c.jpg,640,640
valid,fshoplifting_2_20_954_jpg.rf.22758d1d06928c21308091bf9cb1e2e7.jpg,640,640
valid,fshoplifting_2_23_1062_jpg.rf.3aa25432c5cb92f433bb4bcc71bdaa71.jpg,640,640
valid,fshoplifting_2_23_120_jpg.rf.87f241bcc837de2de024628b65daf198.jpg,640,640
valid,fshoplifting_2_23_150_jpg.rf.09583b70acca89ed4346929ca3b143cd.jpg,640,640
valid,fshoplifting_2_23_174_jpg.rf.a3eb9d6d37e6134e6ba227417d52a5b7.jpg,640,640
valid,fshoplifting_2_23_216_jpg.rf.cd559f685177270e3fc15e1951b14ee9.jpg,640,640
valid,fshoplifting_2_23_222_jpg.rf.e2c7411437e4784899e9623d97b6878a.jpg,640,640
valid,fshoplifting_2_23_228_jpg.rf.90c7202d221bbcfdad6c9adc2f0e9b06.jpg,640,640
valid,fshoplifting_2_23_24_jpg.rf.72f8c8ca64d0ab26b6b5f7d11af1dc5b.jpg,640,640
valid,fshoplifting_2_23_258_jpg.rf.bf1138a1d534b1f5ab14d56ad55c3541.jpg,640,640
valid,fshoplifting_2_23_288_jpg.rf.0e2ed78aff2b99f4aed094d35787bba4.jpg,640,640
valid,fshoplifting_2_23_294_jpg.rf.273d7aa7560f5f1890db089c5751162c.jpg,640,640
valid,fshoplifting_2_23_300_jpg.rf.55e5634c6f1c42f6d4180e1f7d021840.jpg,640,640
valid,fshoplifting_2_23_306_jpg.rf.ade24cda331f0b291b337c58637aeadc.jpg,640,640
valid,fshoplifting_2_23_354_jpg.rf.c07c9c5195800c26244eaf716d547f29.jpg,640,640
valid,fshoplifting_2_23_372_jpg.rf.386247e4258c372a0e830c36cf172a3e.jpg,640,640
valid,fshoplifting_2_23_378_jpg.rf.78279499d5a5063c6f1f91335cb1b083.jpg,640,640
valid,fshoplifting_2_23_462_jpg.rf.ecf936115f55a1d1dc1c419c299e50d7.jpg,640,640
valid,fshoplifting_2_23_480_jpg.rf.26e7f67522ba49d0fa9ef87ccc5fe8d1.jpg,640,640
valid,fshoplifting_2_23_492_jpg.rf.e85c1dcc6ab2bf85ce26911ed9706dd0.jpg,640,640
valid,fshoplifting_2_23_504_jpg.rf.dac3999079acc271402d35c6c66a26f2.jpg,640,640
valid,fshoplifting_2_23_510_jpg.rf.0528d394da41a604c495da2bacccffdb.jpg,640,640
valid,fshoplifting_2_23_522_jpg.rf.b4be03bd90ed3d5a51d1460188407c49.jpg,640,640
valid,fshoplifting_2_23_570_jpg.rf.74b1e8a496923021b506487382ce2276.jpg,640,640
valid,fshoplifting_2_23_696_jpg.rf.837947a41c12c0b6ac903142d2e7d2d5.jpg,640,640
valid,fshoplifting_2_23_726_jpg.rf.65e9c4d3a51eae18e944082d73be61a2.jpg,640,640
valid,fshoplifting_2_23_732_jpg.rf.93d11315715430db3446bb3f5ae2efd1.jpg,640,640
valid,fshoplifting_2_23_750_jpg.rf.4aa8c0563ac7dfdca0e3fae23ef8da52.jpg,640,640
valid,fshoplifting_2_23_84_jpg.rf.7560742210171578bc76a2a027ec702c.jpg,640,640
valid,fshoplifting_2_23_852_jpg.rf.cc0249053720d8944ef56f6218e72695.jpg,640,640
valid,fshoplifting_2_23_876_jpg.rf.2bf0261329dbe591d9269dcaa1f013be.jpg,640,640
valid,fshoplifting_2_23_930_jpg.rf.64846a121c97f2488cfa3f1c11118486.jpg,640,640
valid,fshoplifting_2_23_936_jpg.rf.d1490f9018a2eab48ed46ac896f41c3c.jpg,640,640
valid,fshoplifting_2_23_954_jpg.rf.f46158df06548c01dbcfb2680866e234.jpg,640,640
valid,fshoplifting_2_23_966_jpg.rf.a1c2a299564657e0d6ac040d4d8f61be.jpg,640,640
valid,fshoplifting_2_23_96_jpg.rf.eb594bad09616d00fec93312f0352882.jpg,640,640
valid,fshoplifting_2_24_1002_jpg.rf.569e29ea2e5fe3ab284e7ca6c652b154.jpg,640,640
valid,fshoplifting_2_24_1026_jpg.rf.a1d756caf25f77e44df9521ddbcffa72.jpg,640,640
valid,fshoplifting_2_24_1086_jpg.rf.b3d399d01bdc86dc4386574774258cfd.jpg,640,640
valid,fshoplifting_2_24_108_jpg.rf.06fea94386794c181c20c8562bc9e9e6.jpg,640,640
valid,fshoplifting_2_24_1098_jpg.rf.752e169e7732e52c4add1e1b06c0ecc2.jpg,640,640
valid,fshoplifting_2_24_1116_jpg.rf.507455a82bdf0f14ef77f230577efd7e.jpg,640,640
valid,fshoplifting_2_24_1134_jpg.rf.8b8bc217cf39acc59e493d70cd2ce2d1.jpg,640,640
valid,fshoplifting_2_24_1182_jpg.rf.2da3b595241c4f074d72bf70a29ecc0a.jpg,640,640
valid,fshoplifting_2_24_1200_jpg.rf.ccf53b14bf63768731ed6413438df486.jpg,640,640
valid,fshoplifting_2_24_120_jpg.rf.dcbcc7c71280e543ee41adc2ef43a3c2.jpg,640,640
valid,fshoplifting_2_24_1224_jpg.rf.f1ad16be7ebd234403fdff3ce7969d26.jpg,640,640
valid,fshoplifting_2_24_1254_jpg.rf.e5a28bbad05e3f67b9e8c40fcd6025fa.jpg,640,640
valid,fshoplifting_2_24_1278_jpg.rf.52cfd717c7e3ec4e9b2fb6419431e02c.jpg,640,640
valid,fshoplifting_2_24_1320_jpg.rf.3a39d5b871cb02eddb46babb2aa6f045.jpg,640,640
valid,fshoplifting_2_24_1332_jpg.rf.6324936072a05a3c566aff55e24b72b3.jpg,640,640
valid,fshoplifting_2_24_1368_jpg.rf.951290b4a0f8b7dbf79fe5e1fe98dab9.jpg,640,640
valid,fshoplifting_2_24_1398_jpg.rf.d07280694ddc7dccab444d972132aafb.jpg,640,640
valid,fshoplifting_2_24_144_jpg.rf.f6729ee0ad7c2dac3f7f25c3a7afae59.jpg,640,640
valid,fshoplifting_2_24_1494_jpg.rf.61f2ad8869cb301e06cb2d922034ea8b.jpg,640,640
valid,fshoplifting_2_24_1506_jpg.rf.59631d61a3e02db3d3599efd84b2f50a.jpg,640,640
valid,fshoplifting_2_24_1524_jpg.rf.7d734e20bd7532c1f9ed9b91a412af59.jpg,640,640
valid,fshoplifting_2_24_1548_jpg.rf.3f5485578eefbb3fed72632e3efaa559.jpg,640,640
valid,fshoplifting_2_24_1560_jpg.rf.e35123dd689aacec9c7a59eb18983d2a.jpg,640,640
valid,fshoplifting_2_24_1626_jpg.rf.66ea7e1dba713d4b913bd7e14f70b958.jpg,640,640
valid,fshoplifting_2_24_1698_jpg.rf.fdff16882c0c65d3ca796523d5f525a1.jpg,640,640
valid,fshoplifting_2_24_1758_jpg.rf.66106216c94b4ba059572b7209fddc0b.jpg,640,640
valid,fshoplifting_2_24_1764_jpg.rf.26a2fcb20665aec00c22b18913d2835d.jpg,640,640
valid,fshoplifting_2_24_1776_jpg.rf.1b9fd72c2c3eb9dc7925d88dccf8a299.jpg,640,640
valid,fshoplifting_2_24_1794_jpg.rf.ca076ddebced899bc6d51f0a942b614f.jpg,640,640
valid,fshoplifting_2_24_1824_jpg.rf.f6450bc572acb540908c51759c930642.jpg,640,640
valid,fshoplifting_2_24_1836_jpg.rf.595ab003994d88b41ec41a7e5a9ce8c1.jpg,640,640
valid,fshoplifting_2_24_1860_jpg.rf.02b6c316df662d485341f37a8de07c6c.jpg,640,640
valid,fshoplifting_2_24_1878_jpg.rf.7598e4fb2c89f6b34186c21d085fb9ee.jpg,640,640
valid,fshoplifting_2_24_18_jpg.rf.384e8e9a2fc4e0cd1d35f17cbc00835d.jpg,640,640
valid,fshoplifting_2_24_1938_jpg.rf.0a1b0d29b583422184166bd230d0eb94.jpg,640,640
valid,fshoplifting_2_24_1950_jpg.rf.278b317c7c05b276811c1ea98c2459d4.jpg,640,640
valid,fshoplifting_2_24_2004_jpg.rf.9cc0ffb08d19c682e2c55740b70c9d67.jpg,640,640
valid,fshoplifting_2_24_2010_jpg.rf.b93aad95669c815594aaacd393a65699.jpg,640,640
valid,fshoplifting_2_24_2046_jpg.rf.b7bab221b65ba492394d54dab4b61b38.jpg,640,640
valid,fshoplifting_2_24_204_jpg.rf.58c12a754aa47c9030b647a3b974737a.jpg,640,640
valid,fshoplifting_2_24_2058_jpg.rf.6d408c052f4b95f4b8029ee20c071229.jpg,640,640
valid,fshoplifting_2_24_2082_jpg.rf.10dd1e9754b465c6626e8c1726ed1b4a.jpg,640,640
valid,fshoplifting_2_24_2100_jpg.rf.3c818231f0ef07eecf96f30d031d9efe.jpg,640,640
valid,fshoplifting_2_24_2106_jpg.rf.8e117fbe8e2d808f84f98f12f6c9c6bd.jpg,640,640
valid,fshoplifting_2_24_2124_jpg.rf.fce1779211d34b0ffba36c02c444d1ac.jpg,640,640
valid,fshoplifting_2_24_2142_jpg.rf.0eb74a736a9e28fded3a2a83c58acf88.jpg,640,640
valid,fshoplifting_2_24_2148_jpg.rf.49c7f73484b14ab0e39324152095c05b.jpg,640,640
valid,fshoplifting_2_24_216_jpg.rf.76c9950831b5c1d81084c66d2fa83644.jpg,640,640
valid,fshoplifting_2_24_2190_jpg.rf.c2c9391f8a23cbfbd412d7ede875e787.jpg,640,640
valid,fshoplifting_2_24_2220_jpg.rf.f08f383519a8ab72b76bc98ac5edb8fd.jpg,640,640
valid,fshoplifting_2_24_2226_jpg.rf.0f5c8c10c463d8ace615df641b01ea40.jpg,640,640
valid,fshoplifting_2_24_2250_jpg.rf.ac077460c6382f5539e94e6898b39198.jpg,640,640
valid,fshoplifting_2_24_2256_jpg.rf.bae58107a3096d1990d36ac37b55dce3.jpg,640,640
valid,fshoplifting_2_24_2268_jpg.rf.88eedc2eb275a87d30353de73d307cb5.jpg,640,640
valid,fshoplifting_2_24_2286_jpg.rf.eede74daf8fe887a57550c5b1b96c6e4.jpg,640,640
valid,fshoplifting_2_24_2298_jpg.rf.44ce6f82e24c8306b441aac28cf8a9bd.jpg,640,640
valid,fshoplifting_2_24_2370_jpg.rf.2c07d676ccf694aaa3c6c5b126c5153f.jpg,640,640
valid,fshoplifting_2_24_2388_jpg.rf.7f2cebde9bed379943f73e8b2f557b2a.jpg,640,640
valid,fshoplifting_2_24_2418_jpg.rf.c9fdea26734a6496a457ed405ee6c3a0.jpg,640,640
valid,fshoplifting_2_24_2424_jpg.rf.04e2f5e460473e0f693a4335cfaa536b.jpg,640,640
valid,fshoplifting_2_24_2454_jpg.rf.db8a66e62fdc7d8ffcea2a6c9148a05e.jpg,640,640
valid,fshoplifting_2_24_2478_jpg.rf.0508a4723dfacb3780322058c3ed1446.jpg,640,640
valid,fshoplifting_2_24_24_jpg.rf.6de90c82eea97cc0b959ff51469140e1.jpg,640,640
valid,fshoplifting_2_24_2526_jpg.rf.f0020c2fddfb47e71fce0e6effd5a765.jpg,640,640
valid,fshoplifting_2_24_252_jpg.rf.84a0447f569d9d4734bbfde726d04c3a.jpg,640,640
valid,fshoplifting_2_24_2550_jpg.rf.680e2a642b6f56dcad7af09dcf935967.jpg,640,640
valid,fshoplifting_2_24_2556_jpg.rf.ef42be3e9eb082cb480604e8dba9fa34.jpg,640,640
valid,fshoplifting_2_24_2574_jpg.rf.954c6de26ca067c36926044f5956e3b5.jpg,640,640
valid,fshoplifting_2_24_258_jpg.rf.287743439d0f5949b31e92f502031b15.jpg,640,640
valid,fshoplifting_2_24_2622_jpg.rf.099ddb3759d8ad2f66816ffd1a6bc2f1.jpg,640,640
valid,fshoplifting_2_24_2658_jpg.rf.1fd19060a43cacadd44ee49e64c791c4.jpg,640,640
valid,fshoplifting_2_24_2670_jpg.rf.f869d2c3bb3f4333e3cc37e273458428.jpg,640,640
valid,fshoplifting_2_24_2694_jpg.rf.1d785bd000dac1badba0f25fe0b60068.jpg,640,640
valid,fshoplifting_2_24_2760_jpg.rf.87119271c71665fea6392a5ecd2b32b0.jpg,640,640
valid,fshoplifting_2_24_2784_jpg.rf.967c312f6eeda1f22f2f97aeeee06902.jpg,640,640
valid,fshoplifting_2_24_2820_jpg.rf.4064590275c1ccfed07cf5ef962f859b.jpg,640,640
valid,fshoplifting_2_24_282_jpg.rf.638131b914c86d1861a3047d2d9f2b2d.jpg,640,640
valid,fshoplifting_2_24_2832_jpg.rf.3c14f788c9fdca801aaf132317c52d20.jpg,640,640
valid,fshoplifting_2_24_2946_jpg.rf.a8edb8aa2a21c53fdcb29586520aa933.jpg,640,640
valid,fshoplifting_2_24_294_jpg.rf.1fd8875add92ab32431cb223e9c4ae69.jpg,640,640
valid,fshoplifting_2_24_2970_jpg.rf.7babb5e1267bfed3eab6e74ce14aba70.jpg,640,640
valid,fshoplifting_2_24_2976_jpg.rf.feeebd1859101015e9a02427dd7732ee.jpg,640,640
valid,fshoplifting_2_24_3012_jpg.rf.886ac7b1402769899eee76f983a210b5.jpg,640,640
valid,fshoplifting_2_24_3036_jpg.rf.e7bc784fbf33c909a27a2e596e7687b9.jpg,640,640
valid,fshoplifting_2_24_306_jpg.rf.8a75d3abf7ba27441b4fb53930fbbcce.jpg,640,640
valid,fshoplifting_2_24_3090_jpg.rf.ef180f78b9ce7b18bfdc1cf80eae0be7.jpg,640,640
valid,fshoplifting_2_24_3108_jpg.rf.2bf26d74cd32a5d60ce8ef830604bb37.jpg,640,640
valid,fshoplifting_2_24_312_jpg.rf.a20635e39faf9f6e3286e0b4c6dc990f.jpg,640,640
valid,fshoplifting_2_24_3192_jpg.rf.ea057ab631512af2fec795bf860d453f.jpg,640,640
valid,fshoplifting_2_24_3204_jpg.rf.a053dd8ca8922c7a8d116209bb14366c.jpg,640,640
valid,fshoplifting_2_24_3228_jpg.rf.dc2c6ee26c963d51b1b643bc76969716.jpg,640,640
valid,fshoplifting_2_24_3396_jpg.rf.cf2ee9841478fcd41a246e62483bead2.jpg,640,640
valid,fshoplifting_2_24_3402_jpg.rf.e36851a45cc9147f3264a1ce2bd03abf.jpg,640,640
valid,fshoplifting_2_24_3408_jpg.rf.8844aa7db8466418e5d1805328626282.jpg,640,640
valid,fshoplifting_2_24_3414_jpg.rf.d64443345726b77669ccef9a117fca1f.jpg,640,640
valid,fshoplifting_2_24_3420_jpg.rf.dd441f302f52134aae6bb6a0e224a8e1.jpg,640,640
valid,fshoplifting_2_24_3432_jpg.rf.d1213566cfa1417317c6c4db569965a5.jpg,640,640
valid,fshoplifting_2_24_3456_jpg.rf.c56c88591719f0e27398a783ba5ab8af.jpg,640,640
valid,fshoplifting_2_24_3474_jpg.rf.8a9ab794434254e42015073e2cefc69a.jpg,640,640
valid,fshoplifting_2_24_3480_jpg.rf.a291f3ddb889c88f00a7b17ea483da60.jpg,640,640
valid,fshoplifting_2_24_348_jpg.rf.c29b04ce1f62e10d33e7786ce5e010ca.jpg,640,640
valid,fshoplifting_2_24_3612_jpg.rf.2ebfa471709da7c74a8549b9bd2f9677.jpg,640,640
valid,fshoplifting_2_24_3678_jpg.rf.78c74a33068d4d18fa3431859a197eb2.jpg,640,640
valid,fshoplifting_2_24_3696_jpg.rf.29d88954bd5fad74437417117606340b.jpg,640,640
valid,fshoplifting_2_24_372_jpg.rf.e40500d244eafe9919087f72c22668da.jpg,640,640
valid,fshoplifting_2_24_3732_jpg.rf.3761a884219375f035c669a12f6616b2.jpg,640,640
valid,fshoplifting_2_24_3738_jpg.rf.4e6e330d42e20f69bfc9b512f025204c.jpg,640,640
valid,fshoplifting_2_24_3750_jpg.rf.fc3d4d4a24d5e1d39809e0896d0e25fb.jpg,640,640
valid,fshoplifting_2_24_3756_jpg.rf.d99ffa35680c389036a7c36a9e3eebc2.jpg,640,640
valid,fshoplifting_2_24_3780_jpg.rf.688ff37def0a75ec761a602b7e954c98.jpg,640,640
valid,fshoplifting_2_24_3822_jpg.rf.5d7a6e02418d46a245f36b74248a3883.jpg,640,640
valid,fshoplifting_2_24_3834_jpg.rf.cb7a792ed34032dfc3bf36eb2da590ae.jpg,640,640
valid,fshoplifting_2_24_3882_jpg.rf.6b537c25857935f483dd1f90bdc555d6.jpg,640,640
valid,fshoplifting_2_24_390_jpg.rf.41ef939b7fcc01a773b5dd40a81b04a0.jpg,640,640
valid,fshoplifting_2_24_3912_jpg.rf.d5b5ef4e5862bb7a478c71cef8c43822.jpg,640,640
valid,fshoplifting_2_24_3918_jpg.rf.d11629ddda7434bb127a2560e57ca3c8.jpg,640,640
valid,fshoplifting_2_24_3924_jpg.rf.e740bca6472a786d5f64bc4a400f0078.jpg,640,640
valid,fshoplifting_2_24_3930_jpg.rf.d529c1a4ae53ff7dc908565841aad87f.jpg,640,640
valid,fshoplifting_2_24_3942_jpg.rf.9631b9f7eece58b7eb2fddcee0ae3b34.jpg,640,640
valid,fshoplifting_2_24_3960_jpg.rf.bb762b295fb72406e29634d24224ee3a.jpg,640,640
valid,fshoplifting_2_24_3978_jpg.rf.992f971d01cae22aefb34eebc3872e45.jpg,640,640
valid,fshoplifting_2_24_3984_jpg.rf.8936ecfda52cf28b011b7973628132aa.jpg,640,640
valid,fshoplifting_2_24_4008_jpg.rf.705c027d2e3828774a6ebea3fb7d9852.jpg,640,640
valid,fshoplifting_2_24_402_jpg.rf.dce00951db90476175436c2d19f380e7.jpg,640,640
valid,fshoplifting_2_24_4038_jpg.rf.057282230c22c14f0641e4ef738ec798.jpg,640,640
valid,fshoplifting_2_24_4056_jpg.rf.81508c56a997e91afffcb4f73cc45175.jpg,640,640
valid,fshoplifting_2_24_4062_jpg.rf.e986ff9827f997db03aeeaeb51f6b3a3.jpg,640,640
valid,fshoplifting_2_24_4098_jpg.rf.ee25142acf6b89958567e2ed01b8de66.jpg,640,640
valid,fshoplifting_2_24_4146_jpg.rf.54bcdcb9eb225cbc7ce75686c8b45b02.jpg,640,640
valid,fshoplifting_2_24_4188_jpg.rf.490a45f2610ccddc75895d3ed91ab927.jpg,640,640
valid,fshoplifting_2_24_4200_jpg.rf.ba0ae1230ef65bf9ebc63b2ccffa6a76.jpg,640,640
valid,fshoplifting_2_24_420_jpg.rf.684ac5fdf786758a20ca1ac7d003dd2f.jpg,640,640
valid,fshoplifting_2_24_4236_jpg.rf.46a50c394d584f6d164af4dd36634689.jpg,640,640
valid,fshoplifting_2_24_4248_jpg.rf.f6f93b25232318249f58efb33ec97a10.jpg,640,640
valid,fshoplifting_2_24_4272_jpg.rf.5e46937abb537fa1bdd98988fcb248ee.jpg,640,640
valid,fshoplifting_2_24_4320_jpg.rf.4f0592db0bb3bf3a035a2595e3222bef.jpg,640,640
valid,fshoplifting_2_24_432_jpg.rf.6de1a7b0dc1397695d138499ad5c75a7.jpg,640,640
valid,fshoplifting_2_24_4392_jpg.rf.5c5208ca51db8340ed25b93c8ed2cd1c.jpg,640,640
valid,fshoplifting_2_24_4404_jpg.rf.4db99edb4e26d5a0a508fb1cdeb4ed13.jpg,640,640
valid,fshoplifting_2_24_4422_jpg.rf.a44f1bdee8fd2843e65114c2bbb51004.jpg,640,640
valid,fshoplifting_2_24_4452_jpg.rf.a3ffafd85f643adda94d04e025a54f0a.jpg,640,640
valid,fshoplifting_2_24_4512_jpg.rf.0549dae4cdd2f671a4715064b4f329d8.jpg,640,640
valid,fshoplifting_2_24_4518_jpg.rf.8e273685893610a2d50e178592db8675.jpg,640,640
valid,fshoplifting_2_24_4542_jpg.rf.a4a91b3fc8c2d2a7369240ead1238555.jpg,640,640
valid,fshoplifting_2_24_4566_jpg.rf.3c03b0af8e4db488fc72c8586dfb1ea7.jpg,640,640
valid,fshoplifting_2_24_4590_jpg.rf.9e00d19142510a89de8785bb2d4266a5.jpg,640,640
valid,fshoplifting_2_24_4614_jpg.rf.4f4f71de29bff41aaef401aab0e36cb9.jpg,640,640
valid,fshoplifting_2_24_4662_jpg.rf.20b131eafa2c84678ad0801fc4983a2b.jpg,640,640
valid,fshoplifting_2_24_4692_jpg.rf.acf8c1865aad46733cd9eb10135e9353.jpg,640,640
valid,fshoplifting_2_24_4698_jpg.rf.1c67bfdf622449df091c9ef873e101aa.jpg,640,640
valid,fshoplifting_2_24_4728_jpg.rf.c26d14f085ed081432f6a46f92e00bfd.jpg,640,640
valid,fshoplifting_2_24_4806_jpg.rf.07db1e0ec4ce3b4791fd45e31bc7a757.jpg,640,640
valid,fshoplifting_2_24_4830_jpg.rf.42f07185b2234e2725f7a77bfb5b2b0d.jpg,640,640
valid,fshoplifting_2_24_4878_jpg.rf.b8ca8d945b388a362ac530c3be968c3a.jpg,640,640
valid,fshoplifting_2_24_48_jpg.rf.987d0f0a1abeb47c56821da994c21616.jpg,640,640
valid,fshoplifting_2_24_4902_jpg.rf.242279d62685c0e3829fc2947b05b46c.jpg,640,640
valid,fshoplifting_2_24_492_jpg.rf.1cb23156cb55761bd6a3dd76b4413f86.jpg,640,640
valid,fshoplifting_2_24_4932_jpg.rf.75c45092df176cafe1e702ff2ab56956.jpg,640,640
valid,fshoplifting_2_24_4938_jpg.rf.f0995c0f8aa34780b0b84fc4cedce9d0.jpg,640,640
valid,fshoplifting_2_24_4950_jpg.rf.d09bd800e930c6efcdc8384ab49b2a4c.jpg,640,640
valid,fshoplifting_2_24_4968_jpg.rf.ceb1465e4b6c4d26e7760ec2b7b9648a.jpg,640,640
valid,fshoplifting_2_24_546_jpg.rf.f10e4fca10be9dfc18d44ca4a3424736.jpg,640,640
valid,fshoplifting_2_24_552_jpg.rf.41e6eed5c8cb227ac2975a711a0c5e21.jpg,640,640
valid,fshoplifting_2_24_582_jpg.rf.597998082315d3c0b5c1087f6248eb98.jpg,640,640
valid,fshoplifting_2_24_636_jpg.rf.fabde95b67253004b662c264dcbf8e8c.jpg,640,640
valid,fshoplifting_2_24_642_jpg.rf.7e8accf3ee4f2a85640a5db8cfd3cbae.jpg,640,640
valid,fshoplifting_2_24_666_jpg.rf.bf6b24f1dc24c71db096b263192a40c8.jpg,640,640
valid,fshoplifting_2_24_66_jpg.rf.84e23d73b11d276181b05456c52a33fe.jpg,640,640
valid,fshoplifting_2_24_672_jpg.rf.6ab6958a2de798da7281a73dbf0a1ae4.jpg,640,640
valid,fshoplifting_2_24_696_jpg.rf.b95f6411941ca979c6890f81eb1ede79.jpg,640,640
valid,fshoplifting_2_24_720_jpg.rf.49d970617f279b113c45a408214eb773.jpg,640,640
valid,fshoplifting_2_24_732_jpg.rf.f2025eff9a3769df106030fbe07fe5d5.jpg,640,640
valid,fshoplifting_2_24_792_jpg.rf.66300c7e81aec9ae5aae7e7cee34580f.jpg,640,640
valid,fshoplifting_2_24_798_jpg.rf.28de352c01684f93a5809bd29a822624.jpg,640,640
valid,fshoplifting_2_24_804_jpg.rf.feb5db351f1c7e24c46001f1edc463ad.jpg,640,640
valid,fshoplifting_2_24_810_jpg.rf.29bd0e62b03023b01d5a793fd6d61570.jpg,640,640
valid,fshoplifting_2_24_822_jpg.rf.3a4fab71fd42702262dd0d48442b1f1d.jpg,640,640
valid,fshoplifting_2_24_864_jpg.rf.a4e92425c5c7dcf8402551ae613200be.jpg,640,640
valid,fshoplifting_2_24_870_jpg.rf.d60e590caa0bba6d45972a3563cf1052.jpg,640,640
valid,fshoplifting_2_24_906_jpg.rf.5ab428ca98a3ef9807d144e3ee430bee.jpg,640,640
valid,fshoplifting_2_24_936_jpg.rf.9d20f7d221d375094618046a8e747ead.jpg,640,640
valid,fshoplifting_2_24_942_jpg.rf.985cd7bd70fa69ace4f12d9c1ef1d264.jpg,640,640
valid,fshoplifting_2_24_948_jpg.rf.7ed632c84d77ff991c748382a966e84f.jpg,640,640
valid,fshoplifting_2_24_972_jpg.rf.516cf25506215cadebbdd08497d0b762.jpg,640,640
valid,fshoplifting_2_25_12_jpg.rf.4db80b88aa3577cf19ecf651d62f7051.jpg,640,640
valid,fshoplifting_2_25_138_jpg.rf.f2616a4668a3ec9b7ba551e78366882e.jpg,640,640
valid,fshoplifting_2_25_150_jpg.rf.d804b47740bb0f4296d51636cffc8dca.jpg,640,640
valid,fshoplifting_2_25_210_jpg.rf.24de5eb1d3f137e2e2654f2a9c44c200.jpg,640,640
valid,fshoplifting_2_25_222_jpg.rf.09ba02c802da2d6fd8f0c810092e2e00.jpg,640,640
valid,fshoplifting_2_25_246_jpg.rf.b7af26f86d57bd855de79e711a2a24a9.jpg,640,640
valid,fshoplifting_2_25_258_jpg.rf.ce6264eb95b9131ea24b44b089c201c1.jpg,640,640
valid,fshoplifting_2_25_276_jpg.rf.ddb234622c22c4775759028a117107ad.jpg,640,640
valid,fshoplifting_2_25_300_jpg.rf.df27c58405d8e7845da4318efcb37e6c.jpg,640,640
valid,fshoplifting_2_25_306_jpg.rf.5c3cf442cc10b3698dbe1a8a6e163738.jpg,640,640
valid,fshoplifting_2_25_318_jpg.rf.e5dd37195ed94d41d58cc32d93534974.jpg,640,640
valid,fshoplifting_2_25_324_jpg.rf.8980462c92c14e7e9676178f0dbd523c.jpg,640,640
valid,fshoplifting_2_25_330_jpg.rf.0f5f124256f52b8d129fab5f2f9eaa2c.jpg,640,640
valid,fshoplifting_2_25_360_jpg.rf.f65fed8ab123de90e2b48068c9166a76.jpg,640,640
valid,fshoplifting_2_25_66_jpg.rf.1d80e92b13435c02e0f2a84cd1fe2363.jpg,640,640
valid,fshoplifting_2_26_102_jpg.rf.4495c7af67fdb97798008c4f87a14589.jpg,640,640
valid,fshoplifting_2_26_12_jpg.rf.2c172345c6dba33a57086bacb3abb25e.jpg,640,640
valid,fshoplifting_2_26_30_jpg.rf.4b0f2c9d746170a2c413afc4bb480c1e.jpg,640,640
valid,fshoplifting_2_26_42_jpg.rf.969a80eebdc3a4ef0720d7eb96420f9c.jpg,640,640
valid,fshoplifting_2_26_54_jpg.rf.982dcdf98a04d2c65055249543210f3e.jpg,640,640
valid,fshoplifting_2_26_60_jpg.rf.401ac3c81904c70de19f599e826922be.jpg,640,640
valid,fshoplifting_2_26_66_jpg.rf.140deb51a5c9c28fa231f3c6f353f9e3.jpg,640,640
valid,fshoplifting_2_27_1002_jpg.rf.3c27183db6ac917123921100047cfe19.jpg,640,640
valid,fshoplifting_2_27_1008_jpg.rf.1939ecf066b7cd2581a9ea583d5b11a0.jpg,640,640
valid,fshoplifting_2_27_1014_jpg.rf.1e0bf5cba072a662fbdd84f229ad1aa7.jpg,640,640
valid,fshoplifting_2_27_1020_jpg.rf.4c824378460e35fb2d52e129cadc5de3.jpg,640,640
valid,fshoplifting_2_27_1026_jpg.rf.d0ac546b067e2d95572ef85bd2557e5f.jpg,640,640
valid,fshoplifting_2_27_1044_jpg.rf.84b98752a4866f8eff137fbea705688c.jpg,640,640
valid,fshoplifting_2_27_1050_jpg.rf.494c3c0b8e9431ef5b05f565acac43b7.jpg,640,640
valid,fshoplifting_2_27_1062_jpg.rf.c19e22b6249255b657ce89d229fa153b.jpg,640,640
valid,fshoplifting_2_27_108_jpg.rf.5e9071089555b476916e2d97b097a09d.jpg,640,640
valid,fshoplifting_2_27_114_jpg.rf.409b7a5da81068a08b9ffbb0ae4e6668.jpg,640,640
valid,fshoplifting_2_27_1176_jpg.rf.8e869a8ec998226e3df67fe1c1be2f9d.jpg,640,640
valid,fshoplifting_2_27_1248_jpg.rf.03a45ea5946aa4b7988c9cd23589af72.jpg,640,640
valid,fshoplifting_2_27_1272_jpg.rf.5b62227e101ae530b4faf4d057597286.jpg,640,640
valid,fshoplifting_2_27_1284_jpg.rf.e79434582ac129620e10684dfb9b79fa.jpg,640,640
valid,fshoplifting_2_27_1308_jpg.rf.89541bf1b9e5076cc6fdf4903cc67fff.jpg,640,640
valid,fshoplifting_2_27_1362_jpg.rf.b344f80da60617b1c5ccfea40b70b05d.jpg,640,640
valid,fshoplifting_2_27_1368_jpg.rf.3ef298e367c336d1eda22a52f26ac599.jpg,640,640
valid,fshoplifting_2_27_1404_jpg.rf.bdfe4b1a612be60240769e87e5728e7f.jpg,640,640
valid,fshoplifting_2_27_1410_jpg.rf.5fa93a3b136cea45b15558dc32930ff5.jpg,640,640
valid,fshoplifting_2_27_1428_jpg.rf.027fcba3c06a8851c75f0de2c8dc7b69.jpg,640,640
valid,fshoplifting_2_27_1488_jpg.rf.93d7b8a5f2babf0837f73fd5fb602813.jpg,640,640
valid,fshoplifting_2_27_1500_jpg.rf.b3d2867adc794efbdd5be4dd2aa7f445.jpg,640,640
valid,fshoplifting_2_27_1506_jpg.rf.c310080d6a8dcfc512e2e72286479680.jpg,640,640
valid,fshoplifting_2_27_1512_jpg.rf.2b27ae081f1fa61985d96c5faf211051.jpg,640,640
valid,fshoplifting_2_27_1560_jpg.rf.0fd4f89103cce073eabc1d4c29545695.jpg,640,640
valid,fshoplifting_2_27_1590_jpg.rf.02f06e1ad57387a4ed802475080fa611.jpg,640,640
valid,fshoplifting_2_27_1608_jpg.rf.5f70453635604307aa261d293a204368.jpg,640,640
valid,fshoplifting_2_27_1614_jpg.rf.c8eab186ed01a4915cd35e3a362af596.jpg,640,640
valid,fshoplifting_2_27_1656_jpg.rf.40f21bac94c10c5c862c7580e7b86893.jpg,640,640
valid,fshoplifting_2_27_1686_jpg.rf.01239d72e2d00ad75c7912f7f9c3a3fe.jpg,640,640
valid,fshoplifting_2_27_1692_jpg.rf.e84bc72d9e001fa5d0a3e979ede24a5f.jpg,640,640
valid,fshoplifting_2_27_1710_jpg.rf.1177a1d265dddad343301ff2ca5f9a8e.jpg,640,640
valid,fshoplifting_2_27_1716_jpg.rf.29be3466817add17ee4e33f19136f17e.jpg,640,640
valid,fshoplifting_2_27_1770_jpg.rf.32339560dc3b15c0d4df55d686b40d5a.jpg,640,640
valid,fshoplifting_2_27_192_jpg.rf.536dd7d870e72790c77c4bd441d1c641.jpg,640,640
valid,fshoplifting_2_27_228_jpg.rf.2de24fae47ccd99a5acfe5e5f2d8f01a.jpg,640,640
valid,fshoplifting_2_27_258_jpg.rf.6e8b74b0f0cc8a5d5423b60845566610.jpg,640,640
valid,fshoplifting_2_27_456_jpg.rf.f0cfc95bfad4e7b36834ce303268e9ab.jpg,640,640
valid,fshoplifting_2_27_462_jpg.rf.f67c3d86f0be8f5b486d99522f2d97a4.jpg,640,640
valid,fshoplifting_2_27_498_jpg.rf.c44119887b26fef650072f62a41e1791.jpg,640,640
valid,fshoplifting_2_27_504_jpg.rf.20b686827c3f6a846c858b3c7db49511.jpg,640,640
valid,fshoplifting_2_27_564_jpg.rf.57a6aa87445686c91c7145298e28fe5d.jpg,640,640
valid,fshoplifting_2_27_582_jpg.rf.a0931c6e4bb4e5ef46ed3719d8caaaa4.jpg,640,640
valid,fshoplifting_2_27_606_jpg.rf.505ee89cf9cd675b927ee5a0aaf8007a.jpg,640,640
valid,fshoplifting_2_27_684_jpg.rf.cb5567ebdbdb1ef0617b47ac8824ccd0.jpg,640,640
valid,fshoplifting_2_27_690_jpg.rf.193911979b34f54a6026418c920372d6.jpg,640,640
valid,fshoplifting_2_27_726_jpg.rf.2ef501cfac7a4a6876469800573b3bf6.jpg,640,640
valid,fshoplifting_2_27_72_jpg.rf.fb1293170f9456bee42c3f171c099c23.jpg,640,640
valid,fshoplifting_2_27_744_jpg.rf.720b8d6f42c06568cde1082cbcec629a.jpg,640,640
valid,fshoplifting_2_27_780_jpg.rf.5258d5503ff79fe47be3f43e0d50110e.jpg,640,640
valid,fshoplifting_2_27_78_jpg.rf.44195021832d2e2316e7689f83312375.jpg,640,640
valid,fshoplifting_2_27_804_jpg.rf.9c188ffa3079f81ec428a0a6ab2eb205.jpg,640,640
valid,fshoplifting_2_27_858_jpg.rf.c652bb6fbdcfbeea4c1554ae054ca61b.jpg,640,640
valid,fshoplifting_2_27_888_jpg.rf.cdb51c3d769e6626bb9bb977d55f237b.jpg,640,640
valid,fshoplifting_2_27_918_jpg.rf.e75101c6389f59b70896d861b6f181a4.jpg,640,640
valid,fshoplifting_2_28_0_jpg.rf.b184543acac18b0daa86524ceb7c8aa9.jpg,640,640
valid,fshoplifting_2_28_120_jpg.rf.e03f1f0d5cfe1d0ba26086d47b416acb.jpg,640,640
valid,fshoplifting_2_28_180_jpg.rf.fc3f21eaec57e0ed1980f81e1f9eca2f.jpg,640,640
valid,fshoplifting_2_28_198_jpg.rf.ac0bae52b1ed29eb8028054b7ff3f67a.jpg,640,640
valid,fshoplifting_2_28_204_jpg.rf.2630adf3f12f43ff32404a2107510e73.jpg,640,640
valid,fshoplifting_2_28_258_jpg.rf.2532b510fe0eb6b3e176d2be5f311f5e.jpg,640,640
valid,fshoplifting_2_28_264_jpg.rf.f64db4861e8e3e82d215ba0687709235.jpg,640,640
valid,fshoplifting_2_28_306_jpg.rf.2952030ddc7c64814efbfc9b959ee955.jpg,640,640
valid,fshoplifting_2_28_324_jpg.rf.d0d83fb57b9df8970ce672ffe8180d42.jpg,640,640
valid,fshoplifting_2_28_348_jpg.rf.8ad5e340a2a6c88d8670f92469fe678e.jpg,640,640
valid,fshoplifting_2_28_366_jpg.rf.4a3dfd8bfea0e9be105dcf992823c2cd.jpg,640,640
valid,fshoplifting_2_28_36_jpg.rf.6d99e9644acd26b2244f9039afed228e.jpg,640,640
valid,fshoplifting_2_28_372_jpg.rf.3a2f2b85c374a7605485f4805e867d5b.jpg,640,640
valid,fshoplifting_2_28_432_jpg.rf.ace211d86a3cdb5ca9c4266a55023d5f.jpg,640,640
valid,fshoplifting_2_28_456_jpg.rf.aa6afe4bdd71d66d41709eacdd21892e.jpg,640,640
valid,fshoplifting_2_28_516_jpg.rf.270fd0b51ae2a667961ab1752ded0931.jpg,640,640
valid,fshoplifting_2_28_528_jpg.rf.3ad47a46bec45822f0c95e93fde05bd7.jpg,640,640
valid,fshoplifting_2_28_54_jpg.rf.3010238302dae4e0b9287974e2fffb78.jpg,640,640
valid,fshoplifting_2_28_552_jpg.rf.97a3a50c44d2a6f7071061acbe259ace.jpg,640,640
valid,fshoplifting_2_28_642_jpg.rf.5904fdb64857e0bc7351c33af3393930.jpg,640,640
valid,fshoplifting_2_28_684_jpg.rf.c4d68499e191bb43c4555c0d491055e1.jpg,640,640
valid,fshoplifting_2_28_702_jpg.rf.191e284c6efc997ef2e6184d96029696.jpg,640,640
valid,fshoplifting_2_28_738_jpg.rf.6863bd3aa55abf39eb12c31cb22019f3.jpg,640,640
valid,fshoplifting_2_28_762_jpg.rf.0c466b9f7875b7cdd2790192158540e1.jpg,640,640
valid,fshoplifting_2_28_774_jpg.rf.6b3cfce45d74eb72c4755e43ae2c15b8.jpg,640,640
valid,fshoplifting_2_28_834_jpg.rf.e2717a4ddf1e29cffad5f028b216712b.jpg,640,640
valid,fshoplifting_2_28_870_jpg.rf.65211995aec2dc81a01b55206534e483.jpg,640,640
valid,fshoplifting_2_28_876_jpg.rf.43bf3f380d1daf6dd3a12651a098c7cf.jpg,640,640
valid,fshoplifting_2_28_882_jpg.rf.68eeea07019a54786d1af76c4e7ee88c.jpg,640,640
valid,fshoplifting_2_28_912_jpg.rf.d054cfe0686e5d7b396c0b04a0a7dd37.jpg,640,640
valid,fshoplifting_2_28_930_jpg.rf.5ce365029fba6e7b4c1319cd11b82917.jpg,640,640
valid,fshoplifting_2_28_96_jpg.rf.67410c86145be78f88eb1a46f44c26b0.jpg,640,640
valid,fshoplifting_2_29_180_jpg.rf.ec69ca38626f29ef6ae3fb9a5c26aa3c.jpg,640,640
valid,fshoplifting_2_29_192_jpg.rf.36b42e596082b1234e8a3a99dab80d83.jpg,640,640
valid,fshoplifting_2_29_210_jpg.rf.01b0b341e3c5a6b557370fc163e0ed7c.jpg,640,640
valid,fshoplifting_2_29_216_jpg.rf.50da937f957fb32c3580f8eda8265eda.jpg,640,640
valid,fshoplifting_2_29_222_jpg.rf.8101734b733d9747f5544ef7f9ccca19.jpg,640,640
valid,fshoplifting_2_29_258_jpg.rf.86605c94d9cd7033ab19b2a339e5bc24.jpg,640,640
valid,fshoplifting_2_29_300_jpg.rf.d7e1d94f833efe5f1f01fe98ea2236fd.jpg,640,640
valid,fshoplifting_2_29_66_jpg.rf.e2b8703b304f56aa749a5b1f1a3202da.jpg,640,640
valid,fshoplifting_2_29_72_jpg.rf.4d219965f9d92153aa9868e84a8f26a2.jpg,640,640
valid,fshoplifting_2_2_AdobeExpress_120_jpg.rf.d482a6f5d638bd05702f479cc1177dfc.jpg,640,640
valid,fshoplifting_2_2_AdobeExpress_126_jpg.rf.e2a6a0de0df5a7b590a8ad8bf9a54cca.jpg,640,640
valid,fshoplifting_2_2_AdobeExpress_138_jpg.rf.e79bd4cbd9c1fa1aa54d68ca300dbeae.jpg,640,640
valid,fshoplifting_2_2_AdobeExpress_258_jpg.rf.0e1d0cfce1d1695f0118f31a5d0906e1.jpg,640,640
valid,fshoplifting_2_2_AdobeExpress_276_jpg.rf.60db52f9b36c77febb1555859904033a.jpg,640,640
valid,fshoplifting_2_2_AdobeExpress_360_jpg.rf.e1800eb0b4a4ec097774fd98f909d130.jpg,640,640
valid,fshoplifting_2_2_AdobeExpress_366_jpg.rf.c8159a0244cff7902a313c7e33663f49.jpg,640,640
valid,fshoplifting_2_2_AdobeExpress_420_jpg.rf.344f0f764a4727ac312ca2263471927e.jpg,640,640
valid,fshoplifting_2_2_AdobeExpress_48_jpg.rf.8023ffc519cd7b40db42d192c0427d86.jpg,640,640
valid,fshoplifting_2_2_AdobeExpress_60_jpg.rf.e051f1e843c8ad936380032f4a54bfd7.jpg,640,640
valid,fshoplifting_2_2_AdobeExpress_78_jpg.rf.96a8949c36d3f542486f6bc5bf7be092.jpg,640,640
valid,fshoplifting_2_3_0_jpg.rf.dd1b7ed272e244a2cbf60bcf9bd270ea.jpg,640,640
valid,fshoplifting_2_3_126_jpg.rf.742a821da6be5d577407b7425e8c8d50.jpg,640,640
valid,fshoplifting_2_3_168_jpg.rf.adb403537e232a2a772c4891c5b4fd48.jpg,640,640
valid,fshoplifting_2_3_174_jpg.rf.aafbb0205f2313bf2e5a18b5bc32dc6e.jpg,640,640
valid,fshoplifting_2_3_180_jpg.rf.18c504c937ec08b4345e9001be0a9093.jpg,640,640
valid,fshoplifting_2_3_24_jpg.rf.de192cb7e65280e92c1cd2b27512880b.jpg,640,640
valid,fshoplifting_2_3_42_jpg.rf.4f40f4f96b9e22c95b65e9747c527145.jpg,640,640
valid,fshoplifting_2_3_78_jpg.rf.21993792431864be8fe217d6d640dfc4.jpg,640,640
valid,fshoplifting_2_3_90_jpg.rf.08feac25bc8ce8e25450d0bd0896cd0b.jpg,640,640
valid,fshoplifting_2_4_1032_jpg.rf.d606d18bde77dd4715ead6755bddb3e1.jpg,640,640
valid,fshoplifting_2_4_1062_jpg.rf.ce1a3ff591bf81b1968d7ae09899e545.jpg,640,640
valid,fshoplifting_2_4_108_jpg.rf.631391a1605a4d30731536e873b67f64.jpg,640,640
valid,fshoplifting_2_4_1104_jpg.rf.d894e9bfac9060ac5796e02557f99723.jpg,640,640
valid,fshoplifting_2_4_1110_jpg.rf.9e31877cac04d199f7f28bed0c76576a.jpg,640,640
valid,fshoplifting_2_4_1122_jpg.rf.50619c48e42ebfd577f0f878f9781d3a.jpg,640,640
valid,fshoplifting_2_4_114_jpg.rf.338bac7ab243b73e5e2721f9b29c307e.jpg,640,640
valid,fshoplifting_2_4_1164_jpg.rf.5a0d0c06e67eca7d2a827965d1d8e159.jpg,640,640
valid,fshoplifting_2_4_1182_jpg.rf.5a15b3a9644c69cfd3aa098df381125d.jpg,640,640
valid,fshoplifting_2_4_1194_jpg.rf.81f25c5fbcce735ab06ba39d47463b15.jpg,640,640
valid,fshoplifting_2_4_120_jpg.rf.972d9d9b4c47cc2c71d23bc31f4a424f.jpg,640,640
valid,fshoplifting_2_4_1308_jpg.rf.22f4f80ff47e8c6fb5487cefc8dcbdbb.jpg,640,640
valid,fshoplifting_2_4_1314_jpg.rf.5d127260d205e1638e7395a0978d7972.jpg,640,640
valid,fshoplifting_2_4_1326_jpg.rf.f7d338a73bf00726f69c7057fc6783e4.jpg,640,640
valid,fshoplifting_2_4_1332_jpg.rf.281b0212ec61d3cd1fc3d29a2db05a3a.jpg,640,640
valid,fshoplifting_2_4_222_jpg.rf.60aeda136324036c1bbe7d601ac0dafd.jpg,640,640
valid,fshoplifting_2_4_234_jpg.rf.b5b073c464b52143fd843ad95b844c80.jpg,640,640
valid,fshoplifting_2_4_252_jpg.rf.ce2a5802414416e1e9996e6c444c4c7a.jpg,640,640
valid,fshoplifting_2_4_264_jpg.rf.352a13cda764451d34863fd2396037d8.jpg,640,640
valid,fshoplifting_2_4_270_jpg.rf.f1b34f74727b701e3c58e81e4630d6f5.jpg,640,640
valid,fshoplifting_2_4_300_jpg.rf.4a16a17440680df7ce15ca7f8744c4fa.jpg,640,640
valid,fshoplifting_2_4_312_jpg.rf.5ad0e5a15caa6262c6827088a866a665.jpg,640,640
valid,fshoplifting_2_4_336_jpg.rf.96ef78a877bb029022b9149faed8f8c2.jpg,640,640
valid,fshoplifting_2_4_366_jpg.rf.da29364675ca8f06cd7d8e610fa44c9c.jpg,640,640
valid,fshoplifting_2_4_384_jpg.rf.47b5c8040f2ec95b38a2900dab6c2547.jpg,640,640
valid,fshoplifting_2_4_42_jpg.rf.4ec6593a7c7ae00330ebfa8ee64794fb.jpg,640,640
valid,fshoplifting_2_4_456_jpg.rf.ada7ba3d0a5121f220958c623fee51e3.jpg,640,640
valid,fshoplifting_2_4_540_jpg.rf.88312f7a0880bd61bb200c01e38c196f.jpg,640,640
valid,fshoplifting_2_4_552_jpg.rf.e4294aa6c74ccffac31c0a0970312d4c.jpg,640,640
valid,fshoplifting_2_4_630_jpg.rf.d112d212b60cd40923db448007fbf1cc.jpg,640,640
valid,fshoplifting_2_4_660_jpg.rf.65984aa829b64664a9c6098a8572478f.jpg,640,640
valid,fshoplifting_2_4_66_jpg.rf.d90e5605eead8a6bd3f239541da0eeff.jpg,640,640
valid,fshoplifting_2_4_684_jpg.rf.9c697e0a861c3b684c6bb9d00d567e6d.jpg,640,640
valid,fshoplifting_2_4_702_jpg.rf.18bf331471caf57711886a586cd504e6.jpg,640,640
valid,fshoplifting_2_4_720_jpg.rf.8c86864979ddf97dd743f1c118f76f20.jpg,640,640
valid,fshoplifting_2_4_72_jpg.rf.855f95c7e8a0b17d6682673f4ac24084.jpg,640,640
valid,fshoplifting_2_4_768_jpg.rf.fbee93978c58391484f753031c93e9e4.jpg,640,640
valid,fshoplifting_2_4_810_jpg.rf.36120f7474858e5476389a88c63b6304.jpg,640,640
valid,fshoplifting_2_4_828_jpg.rf.552ba785522ab6c0d243e2042a916561.jpg,640,640
valid,fshoplifting_2_4_840_jpg.rf.a37b4a299dc6c99ebce47dafb6ca5114.jpg,640,640
valid,fshoplifting_2_4_888_jpg.rf.0793b3e3faaaaba9116b7f1bfe84f17f.jpg,640,640
valid,fshoplifting_2_4_978_jpg.rf.ebc061ea0c0edee1c8750a8adc93cbec.jpg,640,640
valid,fshoplifting_2_4_984_jpg.rf.49fed120cd56ae33f9b45ce7345322b6.jpg,640,640
valid,fshoplifting_2_4_990_jpg.rf.f1f2636616540419bda8067523c07dc7.jpg,640,640
valid,fshoplifting_2_6_AdobeExpress_0_jpg.rf.887481f0724ee5717b1d054a08c0cc29.jpg,640,640
valid,fshoplifting_2_6_AdobeExpress_114_jpg.rf.ed5c0b2c8e081e564fc1c3028e901a18.jpg,640,640
valid,fshoplifting_2_6_AdobeExpress_18_jpg.rf.91e058ebeb646cd2e1cdaec0ffafaec5.jpg,640,640
valid,fshoplifting_2_6_AdobeExpress_216_jpg.rf.d128d8cc06090b19168655c21709718e.jpg,640,640
valid,fshoplifting_2_6_AdobeExpress_234_jpg.rf.bc913ecad97448b7fcec40f39547c8c8.jpg,640,640
valid,fshoplifting_2_6_AdobeExpress_252_jpg.rf.4cf0ad08b1f14567d71f922200fecee7.jpg,640,640
valid,fshoplifting_2_6_AdobeExpress_306_jpg.rf.e05506b50712d2d616b86ad88caa08c3.jpg,640,640
valid,fshoplifting_2_6_AdobeExpress_30_jpg.rf.110c3c47fe23ec9ecaf40bbe5d6dd97c.jpg,640,640
valid,fshoplifting_2_6_AdobeExpress_324_jpg.rf.c4fd8fed906f8cd0b1920a04810ac8c9.jpg,640,640
valid,fshoplifting_2_6_AdobeExpress_330_jpg.rf.21507fc0fd0dad814546a0aaa9c1aa3b.jpg,640,640
valid,fshoplifting_2_6_AdobeExpress_354_jpg.rf.2bbe4392d39c330f4d61494e8fa7106a.jpg,640,640
valid,fshoplifting_2_6_AdobeExpress_36_jpg.rf.176920ecceb8c0b274c9a4bae82951d1.jpg,640,640
valid,fshoplifting_2_6_AdobeExpress_372_jpg.rf.d8f77f5907ec015d93969889cd2f8cf2.jpg,640,640
valid,fshoplifting_2_6_AdobeExpress_378_jpg.rf.1eba5f54880c6d04a4e200a11e52537f.jpg,640,640
valid,fshoplifting_2_6_AdobeExpress_384_jpg.rf.65e9c4ee6f86d3643d3662c86ca1348d.jpg,640,640
valid,fshoplifting_2_6_AdobeExpress_390_jpg.rf.eb81ae4812e89d4d05076431d2926ee6.jpg,640,640
valid,fshoplifting_2_6_AdobeExpress_408_jpg.rf.f77871fbc485683c353102e0d2723b30.jpg,640,640
valid,fshoplifting_2_6_AdobeExpress_66_jpg.rf.ba3214dcc570ede30efe7980fbfe1ada.jpg,640,640
valid,fshoplifting_2_7_AdobeExpress_30_jpg.rf.f92fd78672bc766dbf097be1b481813c.jpg,640,640
valid,fshoplifting_2_7_AdobeExpress_60_jpg.rf.2fabe93a6f13f41382f45f5f1aa82698.jpg,640,640
valid,fshoplifting_2_7_AdobeExpress_69_jpg.rf.87a927356b642a3e115c66dda6da542d.jpg,640,640
valid,fshoplifting_2_7_AdobeExpress_6_jpg.rf.22747c1ad08721b391a49b21ef8508f4.jpg,640,640
valid,fshoplifting_2_7_AdobeExpress_81_jpg.rf.ae2e1b32985073f3b6e6b7fa19df90e6.jpg,640,640
valid,fshoplifting_2_7_AdobeExpress_84_jpg.rf.be3eb2b320b3ad108515c3f91004486a.jpg,640,640
valid,fshoplifting_2_7_AdobeExpress_9_jpg.rf.600c7f48705cc150d036d0eb2a0df04d.jpg,640,640
valid,fshoplifting_2_8_144_jpg.rf.4d07e9c5135bdddb1f019a9c03a02af5.jpg,640,640
valid,fshoplifting_2_8_180_jpg.rf.a52a3e1b58c575a0160e85fd52cac5e7.jpg,640,640
valid,fshoplifting_2_8_204_jpg.rf.e26b7000c187c691b792841af4c3ed9e.jpg,640,640
valid,fshoplifting_2_8_228_jpg.rf.ae0d2d26989becd257ecd156cb4c0f1f.jpg,640,640
valid,fshoplifting_2_8_258_jpg.rf.e4f894d842f8feb2504790fc6e40b7c3.jpg,640,640
valid,fshoplifting_2_8_342_jpg.rf.fcd5907a9454df54bb9b12c692abc69b.jpg,640,640
valid,fshoplifting_2_8_402_jpg.rf.69529942112220a44e25c9c92b4c0e82.jpg,640,640
valid,fshoplifting_2_8_408_jpg.rf.dd4db047063d0f8d88076188b24d79a7.jpg,640,640
valid,fshoplifting_2_8_450_jpg.rf.109fdfbcf01e4f8abaf5f6c522842b68.jpg,640,640
valid,fshoplifting_2_8_456_jpg.rf.ff5fcd9116a3a5b42059835925b18734.jpg,640,640
valid,fshoplifting_2_8_468_jpg.rf.351e1e0a2a2cc72128cccf48368314b7.jpg,640,640
valid,fshoplifting_2_8_474_jpg.rf.0f7f0be04dabfbf28e0e4e97d460f1f2.jpg,640,640
valid,fshoplifting_2_8_480_jpg.rf.2bb9350b9540df47178728c559334ef0.jpg,640,640
valid,fshoplifting_2_8_498_jpg.rf.33dd07e4867ce4b61a7d64ab863850db.jpg,640,640
valid,fshoplifting_2_8_564_jpg.rf.e61cce43e1c185b7a2b30a9a9946858a.jpg,640,640
valid,fshoplifting_2_8_672_jpg.rf.5870671d779537301c2f5f8fca61431c.jpg,640,640
valid,fshoplifting_2_8_678_jpg.rf.c0598bc90773378dd6b73ce1b7cbe3c0.jpg,640,640
valid,fshoplifting_2_8_6_jpg.rf.46f8dac9bee1b9555ac5d465ada8dc6d.jpg,640,640
valid,fshoplifting_2_8_726_jpg.rf.a65ecd1594a5339d1c2edc15fc26fc95.jpg,640,640
valid,fshoplifting_2_8_750_jpg.rf.48b08a883bf7e9921b3aa9f3caa59b12.jpg,640,640
valid,fshoplifting_2_8_84_jpg.rf.d19c58600bd542582cc3fd95d8e08224.jpg,640,640
valid,fshoplifting_2_8_888_jpg.rf.d031b5e25cbce6b099acdbdf03d9f894.jpg,640,640
valid,fshoplifting_2_8_894_jpg.rf.7247d1f05f330ccc922517b8b85cf590.jpg,640,640
valid,fshoplifting_2_8_912_jpg.rf.74c79e3c41c6ff4c097c9fe273d679bf.jpg,640,640
valid,fshoplifting_2_8_918_jpg.rf.cf2a8885994c0f11303600f3b3f27a24.jpg,640,640
valid,fshoplifting_2_8_924_jpg.rf.51dc60362909ddbe4973db6a5a615f23.jpg,640,640
valid,fshoplifting_2_8_930_jpg.rf.5dec6ce1add460bbab9e6faf80999b04.jpg,640,640
valid,fshoplifting_2_8_936_jpg.rf.fe4df8060c34de3cad3f7fe900577d35.jpg,640,640
valid,fshoplifting_2_8_948_jpg.rf.219e8a5884b26933deb7e35c2bbc1d90.jpg,640,640
valid,fshoplifting_2_8_954_jpg.rf.a298dd3e3ae9548019e98cae06bebb05.jpg,640,640
valid,fshoplifting_2_8_966_jpg.rf.fc70aa90f0e28736abac09905abe874d.jpg,640,640
valid,fshoplifting_2_9_102_jpg.rf.1bb547b89c10bf8e10708fabaec1a57c.jpg,640,640
valid,fshoplifting_2_9_150_jpg.rf.65be1a7d6b8e5a4bca72d71e64e0f962.jpg,640,640
valid,fshoplifting_2_9_162_jpg.rf.ec24d73430420fc6e8b03e2242f442eb.jpg,640,640
valid,fshoplifting_2_9_204_jpg.rf.03a271e71c20d0b86a69e0a826f0a899.jpg,640,640
valid,fshoplifting_2_9_216_jpg.rf.e2022e12bdbe2e592ead809286431c72.jpg,640,640
valid,fshoplifting_2_9_246_jpg.rf.7e8df1b25f9c4b4e853f70cefbe7f27b.jpg,640,640
valid,fshoplifting_2_9_336_jpg.rf.59c9ba7da59627fb38cd030a8b9a81eb.jpg,640,640
valid,fshoplifting_2_9_342_jpg.rf.dcf7006ff369e1e8f4da62246b122b2c.jpg,640,640
valid,fshoplifting_2_9_48_jpg.rf.33b1378bcde5d01a185c7dfd2e77c59c.jpg,640,640
valid,fshoplifting_2_9_90_jpg.rf.45a452e6b774fe6ab374b33a201427ad.jpg,640,640
valid,fshoplifting_2_9_96_jpg.rf.f14f0f42fae3aaf6bdc6cd8651a60faf.jpg,640,640
test,fshoplifting_2_11_192_jpg.rf.7975c5eb852643acc0f8cecd40cc925e.jpg,640,640
test,fshoplifting_2_11_606_jpg.rf.59d501d30b9eaf8a85ab45d0c3ccf8c5.jpg,640,640
test,fshoplifting_2_11_660_jpg.rf.40e72a94b42da9810fcf144bea02a798.jpg,640,640
test,fshoplifting_2_11_702_jpg.rf.8f7b2c101911b1618211b6326b86d9d6.jpg,640,640
test,fshoplifting_2_11_738_jpg.rf.4389b1d220ee7ea87c884c3a08b9d338.jpg,640,640
test,fshoplifting_2_11_744_jpg.rf.6d33e2293d913bd1f77ebc6bb5524791.jpg,640,640
test,fshoplifting_2_11_822_jpg.rf.7b3119b3d69ee4547ede14b61bdcdff9.jpg,640,640
test,fshoplifting_2_11_840_jpg.rf.4e67028cd72f161ce8d3280c57feee90.jpg,640,640
test,fshoplifting_2_11_846_jpg.rf.b8db98a0cc8ce3a386deb986f4ef40ce.jpg,640,640
test,fshoplifting_2_11_930_jpg.rf.a62707afb8f71afb60c007fa1eb33fea.jpg,640,640
test,fshoplifting_2_11_966_jpg.rf.2f1c08978cfd97ce81cb07f25a8bb969.jpg,640,640
test,fshoplifting_2_12_108_jpg.rf.d1b04df61c1383b3479f4360d86361f6.jpg,640,640
test,fshoplifting_2_12_120_jpg.rf.cd2da88c173af758bc11722c564b0d7e.jpg,640,640
test,fshoplifting_2_12_180_jpg.rf.9c29f6ce8b897cbf5834695f55469102.jpg,640,640
test,fshoplifting_2_12_264_jpg.rf.79827b7434922d330eb83881c3be48b9.jpg,640,640
test,fshoplifting_2_13_114_jpg.rf.1424dc786d0f154968d80fda7c39b071.jpg,640,640
test,fshoplifting_2_13_132_jpg.rf.bbf1f5fd525d06d64b498b7ce152bda1.jpg,640,640
test,fshoplifting_2_14_0_jpg.rf.69960605b4da17abd7f97e453375e2af.jpg,640,640
test,fshoplifting_2_14_228_jpg.rf.02a50069ba09d598010dbbdbb97de201.jpg,640,640
test,fshoplifting_2_14_306_jpg.rf.c969d2b61284b6b1d0b15c27b7d9f34d.jpg,640,640
test,fshoplifting_2_14_354_jpg.rf.46674753f8e1c267d2445977101e1122.jpg,640,640
test,fshoplifting_2_14_366_jpg.rf.65498dc08715d9355932b3a2208c967e.jpg,640,640
test,fshoplifting_2_14_384_jpg.rf.bc555f4df796fd0a46227799d3a01b56.jpg,640,640
test,fshoplifting_2_14_402_jpg.rf.96564f3a53b099e280ed3c95211eeee5.jpg,640,640
test,fshoplifting_2_14_66_jpg.rf.6cba9ff085ae1e71d53eb32e6d19114a.jpg,640,640
test,fshoplifting_2_14_96_jpg.rf.d3177feb73ba08d763e7792c82b3a12e.jpg,640,640
test,fshoplifting_2_15_AdobeExpress_132_jpg.rf.3a499220ef84435b3e43b3df3a1efb4f.jpg,640,640
test,fshoplifting_2_18_114_jpg.rf.282c57d3e5d440547baa2a5b8f0353b9.jpg,640,640
test,fshoplifting_2_18_18_jpg.rf.1a6c6653bdad05f6b3eba807d039a18a.jpg,640,640
test,fshoplifting_2_18_204_jpg.rf.5a021cf4f39d6f1e1d176454b4b00610.jpg,640,640
test,fshoplifting_2_18_78_jpg.rf.6c397417c02b21ddecc69b7551ba917b.jpg,640,640
test,fshoplifting_2_19_AdobeExpress_150_jpg.rf.b4702332bc7f157a814aac22a7dc21c4.jpg,640,640
test,fshoplifting_2_19_AdobeExpress_162_jpg.rf.c30c0624e42e3704ad1cc4dac99219f5.jpg,640,640
test,fshoplifting_2_19_AdobeExpress_192_jpg.rf.c97ab253a67683c5a634789fd781cbaa.jpg,640,640
test,fshoplifting_2_19_AdobeExpress_198_jpg.rf.79824fd72a9ce2905f0f3fd1bc16748c.jpg,640,640
test,fshoplifting_2_19_AdobeExpress_312_jpg.rf.7c7cacd29efc2a4ab8b51aee2b78bd56.jpg,640,640
test,fshoplifting_2_19_AdobeExpress_54_jpg.rf.6533cb010494e50b268fc28f2d679d23.jpg,640,640
test,fshoplifting_2_20_1026_jpg.rf.ed7fef0ec5c4348c4dd262f4a811f52c.jpg,640,640
test,fshoplifting_2_20_1056_jpg.rf.adb1874828616def119b424cd6bac9ad.jpg,640,640
test,fshoplifting_2_20_1128_jpg.rf.31366fc67746fbcd9936e5ce47e13195.jpg,640,640
test,fshoplifting_2_20_114_jpg.rf.dd4e91c4b1abff42e904712f8acc2a88.jpg,640,640
test,fshoplifting_2_20_1194_jpg.rf.82cf33d94cf5f1ce9448fb58f6d7f7e5.jpg,640,640
test,fshoplifting_2_20_1278_jpg.rf.0a4ae4854f12f46c7d2197f4bebf340a.jpg,640,640
test,fshoplifting_2_20_12_jpg.rf.36e8129f2b9f620a19d4544357f34aa8.jpg,640,640
test,fshoplifting_2_20_1302_jpg.rf.97fb51331770c36a9c1791f93243064b.jpg,640,640
test,fshoplifting_2_20_1332_jpg.rf.4ea2d5dcc68afa764e7470c1185858ed.jpg,640,640
test,fshoplifting_2_20_1350_jpg.rf.7d1c2e216e2e9f4efce3d71bca900662.jpg,640,640
test,fshoplifting_2_20_1446_jpg.rf.58bbaa884aa906d91bb872250ed89691.jpg,640,640
test,fshoplifting_2_20_1464_jpg.rf.29ddb35aa90492bcefbfc2302522333a.jpg,640,640
test,fshoplifting_2_20_1470_jpg.rf.b0db3d5d473f9150490bc22e782cf867.jpg,640,640
test,fshoplifting_2_20_1476_jpg.rf.c5df1daf4ed3caf93773f1b083eb64a3.jpg,640,640
test,fshoplifting_2_20_1506_jpg.rf.4edc4f80a9c3f41008c30f41b32da692.jpg,640,640
test,fshoplifting_2_20_1524_jpg.rf.09e510f2b6055c17c7effbbeaa199e43.jpg,640,640
test,fshoplifting_2_20_1548_jpg.rf.c6417cf7d556f335f5b5c9f3b3dddd47.jpg,640,640
test,fshoplifting_2_20_198_jpg.rf.b08c92db35d439951261b627c10d74e8.jpg,640,640
test,fshoplifting_2_20_282_jpg.rf.2f7a7a2ae287444ebe3fd40bd7b3ddf7.jpg,640,640
test,fshoplifting_2_20_288_jpg.rf.d622b20e0511631c1bc06342f06b968b.jpg,640,640
test,fshoplifting_2_20_306_jpg.rf.b2e0b8aa1c3d6138df388f39cd135360.jpg,640,640
test,fshoplifting_2_20_30_jpg.rf.c2b7ac9987e8ef24e286399c3b53e5a0.jpg,640,640
test,fshoplifting_2_20_348_jpg.rf.6b3788c519801ba08dfa65066a8fb8a0.jpg,640,640
test,fshoplifting_2_20_360_jpg.rf.6c1ebf6c865a5c0702fd2bd476f21870.jpg,640,640
test,fshoplifting_2_20_450_jpg.rf.7d4a94fb4ad4263f87414edb22c730fc.jpg,640,640
test,fshoplifting_2_20_474_jpg.rf.0babcc16d0a1e123f04ce64c8ffdfbff.jpg,640,640
test,fshoplifting_2_20_48_jpg.rf.3f53500da12b1ec0f981fac608867f27.jpg,640,640
test,fshoplifting_2_20_594_jpg.rf.a36ca3566cc0a6dcf49c5ed2921adcf4.jpg,640,640
test,fshoplifting_2_20_678_jpg.rf.06b58d724244296a0246498d31a6780a.jpg,640,640
test,fshoplifting_2_20_786_jpg.rf.a83ce01f5b20b2f51ff1ead26f4ccce9.jpg,640,640
test,fshoplifting_2_20_960_jpg.rf.90a2e6009757ee14dbf478cd6c2db5d3.jpg,640,640
test,fshoplifting_2_23_1020_jpg.rf.670fc9d4276c152ffad7946f3b93c8ce.jpg,640,640
test,fshoplifting_2_23_102_jpg.rf.d0895733fd670121f16a912ca6b483d5.jpg,640,640
test,fshoplifting_2_23_126_jpg.rf.146b33bd79ca966a9105a902d68a3e8a.jpg,640,640
test,fshoplifting_2_23_132_jpg.rf.5b224803f29a7aebb48d4acfeff389e6.jpg,640,640
test,fshoplifting_2_23_162_jpg.rf.b8a3e0e9d815ae423900844eb0a988d1.jpg,640,640
test,fshoplifting_2_23_192_jpg.rf.95b8bef802815e4fc90c52ef4403ab47.jpg,640,640
test,fshoplifting_2_23_210_jpg.rf.6db1b3e64b5b453905810b41c467038d.jpg,640,640
test,fshoplifting_2_23_270_jpg.rf.4da3a972963c09e82cffa9375330f84f.jpg,640,640
test,fshoplifting_2_23_390_jpg.rf.10081f6df1e471b0231246030a5f91e0.jpg,640,640
test,fshoplifting_2_23_408_jpg.rf.881b6cd18fea1579492e21b979e372fd.jpg,640,640
test,fshoplifting_2_23_426_jpg.rf.9124c91058373cbba7849228b2703e90.jpg,640,640
test,fshoplifting_2_23_432_jpg.rf.4cce5561c0627786e06caf20276d40ed.jpg,640,640
test,fshoplifting_2_23_486_jpg.rf.62bcf51182eae6b5d39ca9a8d238e4d0.jpg,640,640
test,fshoplifting_2_23_540_jpg.rf.82a2d47033f480884ac878c398aa5fac.jpg,640,640
test,fshoplifting_2_23_576_jpg.rf.10ffa04e27ddbf5a687549fe8c97d5a9.jpg,640,640
test,fshoplifting_2_23_582_jpg.rf.394088c2afc36db9bf8e1c34811f1ac4.jpg,640,640
test,fshoplifting_2_23_612_jpg.rf.2f3204cce4c996a4a99cc160c6263135.jpg,640,640
test,fshoplifting_2_23_648_jpg.rf.206a1f981a2ec28c52129da73eb9f836.jpg,640,640
test,fshoplifting_2_23_654_jpg.rf.97bde09f93b2d3b4d465e01eb90cbb61.jpg,640,640
test,fshoplifting_2_23_672_jpg.rf.a00bfa51026f788258d890393a016774.jpg,640,640
test,fshoplifting_2_23_678_jpg.rf.fd279b17f240e06d5c6895d9ccf53e9b.jpg,640,640
test,fshoplifting_2_23_684_jpg.rf.33002d5310bdbe0419afc4e5b93000e8.jpg,640,640
test,fshoplifting_2_23_774_jpg.rf.9bb032ab60c03472b56a483ccb583163.jpg,640,640
test,fshoplifting_2_23_846_jpg.rf.e56c166484896434ec598526a052e2aa.jpg,640,640
test,fshoplifting_2_23_888_jpg.rf.3159487e249da55923661ff97e9b2992.jpg,640,640
test,fshoplifting_2_23_906_jpg.rf.7bb959dd3b8fc1a5aced1d54af13f0b8.jpg,640,640
test,fshoplifting_2_23_996_jpg.rf.218f79a89712a19e5221ea64e6fe82e3.jpg,640,640
test,fshoplifting_2_24_1140_jpg.rf.c3e3f3ad4dedb3a5440417f07782b5f6.jpg,640,640
test,fshoplifting_2_24_1164_jpg.rf.3866299098f51c7f15b2540f3959339e.jpg,640,640
test,fshoplifting_2_24_1206_jpg.rf.b553b5ed485b89b7d4821ab4d6ffd7cb.jpg,640,640
test,fshoplifting_2_24_1212_jpg.rf.245b44f2cb3223757e5858ffa7ad47ff.jpg,640,640
test,fshoplifting_2_24_132_jpg.rf.d985c68ecf0b75c76a8a48968a1cfbcd.jpg,640,640
test,fshoplifting_2_24_1350_jpg.rf.d8fce6dd9736fd65ae3a5fd289c08c09.jpg,640,640
test,fshoplifting_2_24_1464_jpg.rf.e9f198426b4d24f38d84062e4cf631de.jpg,640,640
test,fshoplifting_2_24_1500_jpg.rf.fdb1c7631d36577f3c8b92778c1d702c.jpg,640,640
test,fshoplifting_2_24_1614_jpg.rf.5b54bcd767dabbf1ebbb16a0694300f4.jpg,640,640
test,fshoplifting_2_24_1686_jpg.rf.7c7febfdce3e9b1c0afbcce59b5de624.jpg,640,640
test,fshoplifting_2_24_1716_jpg.rf.50141b01979efce93805dd237f49926f.jpg,640,640
test,fshoplifting_2_24_180_jpg.rf.56778ea4e8279ca46d3657fcac0a1214.jpg,640,640
test,fshoplifting_2_24_1812_jpg.rf.5b5d3c8e426cfd222820f822fab5af79.jpg,640,640
test,fshoplifting_2_24_186_jpg.rf.348096233fd05d5878ba5882b69b19ac.jpg,640,640
test,fshoplifting_2_24_1908_jpg.rf.5699e98084f0bd22817d884826a835f4.jpg,640,640
test,fshoplifting_2_24_1932_jpg.rf.37708d3286080c087d7659930191f366.jpg,640,640
test,fshoplifting_2_24_1962_jpg.rf.d64a9632e695f3604ae1efbad0f46f37.jpg,640,640
test,fshoplifting_2_24_1986_jpg.rf.b238971239560dca98d86a31bdc16cd8.jpg,640,640
test,fshoplifting_2_24_2028_jpg.rf.004f61ee435ddc290e4e23a098c034cf.jpg,640,640
test,fshoplifting_2_24_2064_jpg.rf.40bb0f7eadc3d8e19fc74501ae410680.jpg,640,640
test,fshoplifting_2_24_2130_jpg.rf.02a64b1572e108f428414fef3def525a.jpg,640,640
test,fshoplifting_2_24_2196_jpg.rf.00efd93042cb29a9a7fc649dc5fad533.jpg,640,640
test,fshoplifting_2_24_2232_jpg.rf.df1e8924371163b2693b40e46cb560bc.jpg,640,640
test,fshoplifting_2_24_2262_jpg.rf.6479deece92809484717af20c7a693e9.jpg,640,640
test,fshoplifting_2_24_2316_jpg.rf.538225949f0283d69dfaaae91c458fe6.jpg,640,640
test,fshoplifting_2_24_2352_jpg.rf.0da6cfb0e691b6a7deb7aad75595158a.jpg,640,640
test,fshoplifting_2_24_2400_jpg.rf.e48dfe06595e0b0f9ac0c12cb25acedd.jpg,640,640
test,fshoplifting_2_24_246_jpg.rf.4e943bcfd616f0133c5140918b53c173.jpg,640,640
test,fshoplifting_2_24_2580_jpg.rf.038aba739999b0613d2db0d234f7f416.jpg,640,640
test,fshoplifting_2_24_2712_jpg.rf.6cedc43c40203e4fe417a807ad4fb1d2.jpg,640,640
test,fshoplifting_2_24_2736_jpg.rf.0906e9321b2b9a060a49ae4d95c56591.jpg,640,640
test,fshoplifting_2_24_2748_jpg.rf.bd00e05b40e3b8267d2e6a71c5d4a702.jpg,640,640
test,fshoplifting_2_24_2844_jpg.rf.4f42b5cab40dc5be3f3f7419d9e0fb2d.jpg,640,640
test,fshoplifting_2_24_2892_jpg.rf.bc48e1f1dfae6edd1472923c4e4c54c1.jpg,640,640
test,fshoplifting_2_24_2904_jpg.rf.13203d0154098936b4809ba501162a5a.jpg,640,640
test,fshoplifting_2_24_2910_jpg.rf.4fac7bf3dc565d36c5d32bad622154c8.jpg,640,640
test,fshoplifting_2_24_2928_jpg.rf.38d87dfa09514e5ed9ca9c8d5af3c364.jpg,640,640
test,fshoplifting_2_24_3018_jpg.rf.a1880ccd2aa466f6074e17476523adc9.jpg,640,640
test,fshoplifting_2_24_3078_jpg.rf.7579d9c38782e96f30b9c2c9ee4bcce6.jpg,640,640
test,fshoplifting_2_24_3132_jpg.rf.1904a38ff65b431cad4996491d13cf25.jpg,640,640
test,fshoplifting_2_24_3180_jpg.rf.35c81fec5b5750274872c165d1559f23.jpg,640,640
test,fshoplifting_2_24_318_jpg.rf.28fa2c33a0bd90bc564b4868c8b44e18.jpg,640,640
test,fshoplifting_2_24_3222_jpg.rf.91409ed3d630761d51ef2c75a335e00f.jpg,640,640
test,fshoplifting_2_24_3270_jpg.rf.0a75752ea577e63c105f485b50ce9696.jpg,640,640
test,fshoplifting_2_24_3276_jpg.rf.9424cee8aee23d130a260a3b412b246e.jpg,640,640
test,fshoplifting_2_24_3324_jpg.rf.f8ed6a9b08b301559e416a2de655feec.jpg,640,640
test,fshoplifting_2_24_3384_jpg.rf.1c0c0737c9b67a2acf804f63e44bc76f.jpg,640,640
test,fshoplifting_2_24_3438_jpg.rf.182b66c2f56481d7a17fc48ce6c2fd27.jpg,640,640
test,fshoplifting_2_24_3522_jpg.rf.e32312926f7f368453ed43a80dfd7537.jpg,640,640
test,fshoplifting_2_24_354_jpg.rf.36e60e8c8f600f98942a010b93e067e0.jpg,640,640
test,fshoplifting_2_24_3792_jpg.rf.fe5344d075c2623ec48abc950a994987.jpg,640,640
test,fshoplifting_2_24_3828_jpg.rf.dd069546fb11d0aca068d4de639a9cae.jpg,640,640
test,fshoplifting_2_24_3840_jpg.rf.e2a3e2b10af93198cc9d269889744357.jpg,640,640
test,fshoplifting_2_24_3852_jpg.rf.59dcaaed9fe4c30ffbec4d4d21b890b6.jpg,640,640
test,fshoplifting_2_24_3876_jpg.rf.db703e5bc48cb90b0f44a782ab83c849.jpg,640,640
test,fshoplifting_2_24_3894_jpg.rf.8491ec2b9001d4e9d41dcb07867f0c37.jpg,640,640
test,fshoplifting_2_24_4080_jpg.rf.b432d18edf4d27ae5aca4250da40290a.jpg,640,640
test,fshoplifting_2_24_4134_jpg.rf.5c8578214dcb79da7275edb01c9b4bde.jpg,640,640
test,fshoplifting_2_24_4158_jpg.rf.99bb7063815d43f917253aef240ba852.jpg,640,640
test,fshoplifting_2_24_4206_jpg.rf.9762da9913cf8302725fb7dd2718a1bb.jpg,640,640
test,fshoplifting_2_24_4242_jpg.rf.6d069b4bf440c1df1a86d3b7f8ddf5cc.jpg,640,640
test,fshoplifting_2_24_4308_jpg.rf.b73147fd2f6fff97ca59c06e4273a816.jpg,640,640
test,fshoplifting_2_24_4326_jpg.rf.2772fdb0d081dcaa436cd99882e63e0a.jpg,640,640
test,fshoplifting_2_24_4368_jpg.rf.842c4e8a5569fee61a98857fd2e91917.jpg,640,640
test,fshoplifting_2_24_4482_jpg.rf.470d81083317165dd1212ac4c737cbf7.jpg,640,640
test,fshoplifting_2_24_4584_jpg.rf.96743e60b64485c6b6a2fdbf36f8b5b5.jpg,640,640
test,fshoplifting_2_24_4650_jpg.rf.9f3a05474f79bd2df8ea50ca3fff1280.jpg,640,640
test,fshoplifting_2_24_4668_jpg.rf.18657fba8f460618cf9baa31a840b398.jpg,640,640
test,fshoplifting_2_24_4800_jpg.rf.94ce105bad5a4c459acd69c156e44886.jpg,640,640
test,fshoplifting_2_24_4896_jpg.rf.5ea4bb96c2bc4d9544c1e264aec48fe5.jpg,640,640
test,fshoplifting_2_24_4956_jpg.rf.85cdbc9ffd09025902f9a706a4c1db07.jpg,640,640
test,fshoplifting_2_24_4980_jpg.rf.036e894cc07ba60b3b7ce21d8c6ba892.jpg,640,640
test,fshoplifting_2_24_510_jpg.rf.e6a814cbe6188abe84cb14763fa7cc12.jpg,640,640
test,fshoplifting_2_24_726_jpg.rf.4a4d65140df8d98df29cc617c2f730e9.jpg,640,640
test,fshoplifting_2_24_846_jpg.rf.833b688c12d0679be13773557da1a286.jpg,640,640
test,fshoplifting_2_24_984_jpg.rf.5c58c01ffc94df6bde133e829ab50adb.jpg,640,640
test,fshoplifting_2_25_126_jpg.rf.783aa3b9b77eaf10574c481bdbee4389.jpg,640,640
test,fshoplifting_2_25_132_jpg.rf.a84f1ffd9ca3a63f3adac18ac3a551f1.jpg,640,640
test,fshoplifting_2_25_144_jpg.rf.b552afe6f72e3559ddefecf8c46bc673.jpg,640,640
test,fshoplifting_2_25_180_jpg.rf.d23356863fd3efc1ee37c71fd87ca803.jpg,640,640
test,fshoplifting_2_25_270_jpg.rf.91647b30add973a3583485c9281523e7.jpg,640,640
test,fshoplifting_2_25_36_jpg.rf.ff8443b387385b8d5de929a099b3cde4.jpg,640,640
test,fshoplifting_2_25_384_jpg.rf.efd0e7736e4c86604bbdf48ece7decbb.jpg,640,640
test,fshoplifting_2_26_24_jpg.rf.5e25f41ab98add014557214bd485ab54.jpg,640,640
test,fshoplifting_2_26_84_jpg.rf.7b344c11ade4e03ddd8b778c57688981.jpg,640,640
test,fshoplifting_2_27_0_jpg.rf.a30f5a87965424cf23e6441efa62a0bf.jpg,640,640
test,fshoplifting_2_27_1056_jpg.rf.b18ef38b081ccd35973b2babf11f3b63.jpg,640,640
test,fshoplifting_2_27_1068_jpg.rf.a8072faa2f3b6b738911d0d4f964cc56.jpg,640,640
test,fshoplifting_2_27_1128_jpg.rf.ec125c7962ef1eef24a78dd01a4354e1.jpg,640,640
test,fshoplifting_2_27_1152_jpg.rf.685c6d2d90a63d2549c7afc92c631cb6.jpg,640,640
test,fshoplifting_2_27_1242_jpg.rf.c843dd82416698fb3a4ca4a274ec7170.jpg,640,640
test,fshoplifting_2_27_1314_jpg.rf.e472b64213e160b01ee542566d51ca78.jpg,640,640
test,fshoplifting_2_27_1332_jpg.rf.5360c6cd2191a6bd34452980dda72d3b.jpg,640,640
test,fshoplifting_2_27_1458_jpg.rf.eadd7d55fb2ee9e1542a8c94617e06f6.jpg,640,640
test,fshoplifting_2_27_1476_jpg.rf.c50a35f391104936228a06a499962fc9.jpg,640,640
test,fshoplifting_2_27_1482_jpg.rf.12322735372da293e3aa151273e21b10.jpg,640,640
test,fshoplifting_2_27_1524_jpg.rf.1dc2df834d3c550b83f0a3b2acd130ca.jpg,640,640
test,fshoplifting_2_27_1548_jpg.rf.deab4e179d7d5dd52650000f7a5c271d.jpg,640,640
test,fshoplifting_2_27_1626_jpg.rf.00da36be6d6e07ce070ff504f610fc70.jpg,640,640
test,fshoplifting_2_27_162_jpg.rf.85ec8ea9fa9f1877d398d8c81872cea9.jpg,640,640
test,fshoplifting_2_27_1644_jpg.rf.5e87a00175815ff93fab76a5abd3db66.jpg,640,640
test,fshoplifting_2_27_1662_jpg.rf.c4e41f6d5cc0fa99ed124968b1d47008.jpg,640,640
test,fshoplifting_2_27_1698_jpg.rf.34829dbbde1e6423c514b2bc34df9eb8.jpg,640,640
test,fshoplifting_2_27_1758_jpg.rf.8b093777841fbe124c5d6cfcb1e483d1.jpg,640,640
test,fshoplifting_2_27_1764_jpg.rf.c4526f46e35d32b8776388fbca99e3fe.jpg,640,640
test,fshoplifting_2_27_180_jpg.rf.cdff842e854454fd862e07ccd7929552.jpg,640,640
test,fshoplifting_2_27_216_jpg.rf.0c43426d7382f52291ea9d28cf34c649.jpg,640,640
test,fshoplifting_2_27_222_jpg.rf.c83756bac6eaec2b76dcd91437f6d571.jpg,640,640
test,fshoplifting_2_27_264_jpg.rf.1c5e23cb7c961ac0dede188c95e3b0c5.jpg,640,640
test,fshoplifting_2_27_270_jpg.rf.86cc7fb5bada9b2e618d78354eb2e7e7.jpg,640,640
test,fshoplifting_2_27_282_jpg.rf.9547cdb2f673bd008a355523d09cfd4a.jpg,640,640
test,fshoplifting_2_27_312_jpg.rf.a52e9e4d23712115e909ac747d1da17e.jpg,640,640
test,fshoplifting_2_27_384_jpg.rf.5666cc845d465e25621b0bf3f0892ea4.jpg,640,640
test,fshoplifting_2_27_420_jpg.rf.2233ecb35d9196f5f541dbac58ca7b2e.jpg,640,640
test,fshoplifting_2_27_432_jpg.rf.f1d4c394f6dbda54d188322b23a5fdb6.jpg,640,640
test,fshoplifting_2_27_60_jpg.rf.d119a661716e8827ca950b250303f9b6.jpg,640,640
test,fshoplifting_2_27_648_jpg.rf.6f5b418517eafa4fd5320e0e380cb922.jpg,640,640
test,fshoplifting_2_27_66_jpg.rf.1ce15342349dae83e08da4d3a613e9bd.jpg,640,640
test,fshoplifting_2_27_774_jpg.rf.16852c96c4ff2cc2e9f17f6260260db7.jpg,640,640
test,fshoplifting_2_27_792_jpg.rf.ce8a342c312265a00f6662643b4c2c33.jpg,640,640
test,fshoplifting_2_27_840_jpg.rf.9785239a5ab6bf4f148ddb1b8bc48a5c.jpg,640,640
test,fshoplifting_2_27_846_jpg.rf.fa332098d6b1033b52f5bfa908152405.jpg,640,640
test,fshoplifting_2_27_882_jpg.rf.71df45583b4568735556b1c42b6fe173.jpg,640,640
test,fshoplifting_2_27_924_jpg.rf.36ed072b796d0a9126bc6d091d8af76c.jpg,640,640
test,fshoplifting_2_27_960_jpg.rf.ec9dd4f7f3c38134aa0f177ec34fdd16.jpg,640,640
test,fshoplifting_2_27_978_jpg.rf.0d0c7e5626cbda5c3040d9570edff4c6.jpg,640,640
test,fshoplifting_2_28_216_jpg.rf.cf1067c0f323655ca1c7f867bf006156.jpg,640,640
test,fshoplifting_2_28_300_jpg.rf.63dcf746264d3bcbe880cc1e5c3db8d9.jpg,640,640
test,fshoplifting_2_28_498_jpg.rf.0edb59153975b3128136bae0a0f11111.jpg,640,640
test,fshoplifting_2_28_648_jpg.rf.25e9bd0f8dc85ea9cd74791ce18653ec.jpg,640,640
test,fshoplifting_2_28_666_jpg.rf.6aa4fd1220780f5993423175d78e7b51.jpg,640,640
test,fshoplifting_2_28_720_jpg.rf.092d7264821b25a413eb0101f525d887.jpg,640,640
test,fshoplifting_2_28_780_jpg.rf.638d3e89d60720b7093f89414bae5b9d.jpg,640,640
test,fshoplifting_2_28_894_jpg.rf.9478fc3f4d454dc3daaecc2d7440e2f4.jpg,640,640
test,fshoplifting_2_29_318_jpg.rf.bebf0f4ff29ffab09f91287055c9c177.jpg,640,640
test,fshoplifting_2_29_348_jpg.rf.719e5de3c622b62ade447c78b66adf76.jpg,640,640
test,fshoplifting_2_29_366_jpg.rf.c116c52be91fc326e782bf48ca919b89.jpg,640,640
test,fshoplifting_2_29_36_jpg.rf.1a33c9d9a77f9620e38580aa10b06b93.jpg,640,640
test,fshoplifting_2_2_AdobeExpress_150_jpg.rf.7353d0298cf950c03ae551a84c479091.jpg,640,640
test,fshoplifting_2_2_AdobeExpress_162_jpg.rf.ec4b03825510de1a4c50cc2b44214009.jpg,640,640
test,fshoplifting_2_2_AdobeExpress_264_jpg.rf.69077fdaa30de9e694d9437a4566bb59.jpg,640,640
test,fshoplifting_2_2_AdobeExpress_306_jpg.rf.fc053e66faa7354740cd89b27f5fb960.jpg,640,640
test,fshoplifting_2_2_AdobeExpress_354_jpg.rf.bb50be886486e21260cd719c07f82580.jpg,640,640
test,fshoplifting_2_2_AdobeExpress_390_jpg.rf.79627c424a1a78a6994d43298f9ae076.jpg,640,640
test,fshoplifting_2_2_AdobeExpress_6_jpg.rf.8f4005c0ba9868c476a81c22e8af7ebe.jpg,640,640
test,fshoplifting_2_3_120_jpg.rf.94652f63497cf966202c1632a52353b4.jpg,640,640
test,fshoplifting_2_3_138_jpg.rf.1810a91a9ab4cb48a448bda387772533.jpg,640,640
test,fshoplifting_2_3_144_jpg.rf.03bae021c363fecab99c3ba8f652ef78.jpg,640,640
test,fshoplifting_2_3_30_jpg.rf.6e113875f4987e55dc473490be20895b.jpg,640,640
test,fshoplifting_2_3_48_jpg.rf.1ab0c70aa6a089b3e9a6a853f00820e5.jpg,640,640
test,fshoplifting_2_3_84_jpg.rf.6cd1fb4116c810bc7197b8e55eeb32e5.jpg,640,640
test,fshoplifting_2_4_1002_jpg.rf.f6b877912f4f6419c56aae3e54eab197.jpg,640,640
test,fshoplifting_2_4_1038_jpg.rf.ba21ad6eca2f63b36b0259b0ac8ef3f8.jpg,640,640
test,fshoplifting_2_4_1074_jpg.rf.48ca36f55889e5f72ab825d89022b70d.jpg,640,640
test,fshoplifting_2_4_1116_jpg.rf.d9aa203075a5327ccce82115bbf24dce.jpg,640,640
test,fshoplifting_2_4_1236_jpg.rf.893e874a49c5e9fab2c91da23a6d181d.jpg,640,640
test,fshoplifting_2_4_1248_jpg.rf.722f947b1cdbdafa4e8a9be64ac2ae56.jpg,640,640
test,fshoplifting_2_4_1290_jpg.rf.24ba4a1cc7f359949b1fc2654554bdb5.jpg,640,640
test,fshoplifting_2_4_132_jpg.rf.cd39853d77026cba8937e64df342e3ad.jpg,640,640
test,fshoplifting_2_4_1338_jpg.rf.2d4ff1046fc4d03ca2d92f64adc72012.jpg,640,640
test,fshoplifting_2_4_162_jpg.rf.235873d48d1cb5b43803337002179a5d.jpg,640,640
test,fshoplifting_2_4_168_jpg.rf.56e8db4125e9ccf2078f47fd318bcd79.jpg,640,640
test,fshoplifting_2_4_648_jpg.rf.d136aadafe706d7f1ddfef4f6ce103d5.jpg,640,640
test,fshoplifting_2_4_654_jpg.rf.0bb670bf041233c4746e29807b91dbbd.jpg,640,640
test,fshoplifting_2_4_696_jpg.rf.27da9ae37663c10922f1cf5786200c10.jpg,640,640
test,fshoplifting_2_4_780_jpg.rf.367e32a7883f787ef780cc0b4a4815ff.jpg,640,640
test,fshoplifting_2_4_870_jpg.rf.7f0d7eea083aaf43886a74ce7bcdde68.jpg,640,640
test,fshoplifting_2_4_90_jpg.rf.fbe3400781086c7eecf8cd3af1f20f64.jpg,640,640
test,fshoplifting_2_4_912_jpg.rf.731d01e4c7d439db5ccb18563810baa7.jpg,640,640
test,fshoplifting_2_4_936_jpg.rf.ae82ef3c9d9e292665d4acaee30b8285.jpg,640,640
test,fshoplifting_2_6_AdobeExpress_192_jpg.rf.a20efeba90f215b8c8b92d8a518673d8.jpg,640,640
test,fshoplifting_2_6_AdobeExpress_204_jpg.rf.ae7219b73acb42d28084c4ba8a265d01.jpg,640,640
test,fshoplifting_2_6_AdobeExpress_270_jpg.rf.cf1d1c4f286a4566e09bcb19b1dec077.jpg,640,640
test,fshoplifting_2_6_AdobeExpress_426_jpg.rf.578dfddc99d66f4c0718ca07c1e78c41.jpg,640,640
test,fshoplifting_2_6_AdobeExpress_432_jpg.rf.e747a53f77589bdab14227f2e1c18907.jpg,640,640
test,fshoplifting_2_6_AdobeExpress_438_jpg.rf.f0696e8f100079a9548ef6858d1ad0b1.jpg,640,640
test,fshoplifting_2_6_AdobeExpress_72_jpg.rf.d966e67e31b618e59449ba0fd6e55d0f.jpg,640,640
test,fshoplifting_2_6_AdobeExpress_78_jpg.rf.895e396989f42ac2be36237935dfe047.jpg,640,640
test,fshoplifting_2_6_AdobeExpress_90_jpg.rf.55f3a073b77c37d04a625fbd8496c5cc.jpg,640,640
test,fshoplifting_2_7_AdobeExpress_126_jpg.rf.d051d41395bc87a161750714d3f4995e.jpg,640,640
test,fshoplifting_2_7_AdobeExpress_15_jpg.rf.c3434e2d7136cc3922b25291f31dcf24.jpg,640,640
test,fshoplifting_2_7_AdobeExpress_36_jpg.rf.11d792952f4a7ff76507f34ac2d6075d.jpg,640,640
test,fshoplifting_2_7_AdobeExpress_63_jpg.rf.3830f2c8b80be3a3792a8b10f34f60e0.jpg,640,640
test,fshoplifting_2_7_AdobeExpress_66_jpg.rf.7799d712a905991897fe16a942b85767.jpg,640,640
test,fshoplifting_2_7_AdobeExpress_75_jpg.rf.a6dc542b6d0534d1eb6f495c31316edf.jpg,640,640
test,fshoplifting_2_7_AdobeExpress_99_jpg.rf.a6b895e8ecfe77d7b2fa6efe289182ea.jpg,640,640
test,fshoplifting_2_8_0_jpg.rf.48a87a2386a44ad5c494dabf98015fdd.jpg,640,640
test,fshoplifting_2_8_222_jpg.rf.e320868e085c1cbce373b3a43329a060.jpg,640,640
test,fshoplifting_2_8_234_jpg.rf.2553daec46ccef84b750e8ee596b8b25.jpg,640,640
test,fshoplifting_2_8_276_jpg.rf.5b1f905a4db533b97bdbaeecdc168fed.jpg,640,640
test,fshoplifting_2_8_282_jpg.rf.b51272f38eb44e13745ea2818943d2e9.jpg,640,640
test,fshoplifting_2_8_306_jpg.rf.c139939eef4da72da64daaea56b6f62c.jpg,640,640
test,fshoplifting_2_8_396_jpg.rf.6ef180936e154b71314067e60cac210e.jpg,640,640
test,fshoplifting_2_8_528_jpg.rf.04de5c93c0f78a692f75c2ed7065378b.jpg,640,640
test,fshoplifting_2_8_546_jpg.rf.a2da628ddffa4d9974cae80b33345883.jpg,640,640
test,fshoplifting_2_8_696_jpg.rf.575abd6c32a1b612db947f10d1dc5715.jpg,640,640
test,fshoplifting_2_8_756_jpg.rf.eb6922f83a152df6f9fbadc33121f68a.jpg,640,640
test,fshoplifting_2_8_762_jpg.rf.264641ea05150ad4961bb47cd759a503.jpg,640,640
test,fshoplifting_2_8_804_jpg.rf.ef0d1348998edc33daee9f72ada4656b.jpg,640,640
test,fshoplifting_2_8_906_jpg.rf.160655848136ccbb36817f8b3884d461.jpg,640,640
test,fshoplifting_2_9_114_jpg.rf.fcb1b8165b49c9091dfce633ce3bab08.jpg,640,640
test,fshoplifting_2_9_12_jpg.rf.b52862d685d8707b4932e5a2d640e7f6.jpg,640,640
test,fshoplifting_2_9_156_jpg.rf.5828828727a7476bc1a9709363a34ad6.jpg,640,640
test,fshoplifting_2_9_234_jpg.rf.e2181a98f6b5ab1ac897d11563404ca9.jpg,640,640
test,fshoplifting_2_9_300_jpg.rf.91ee7ce6a47fe3ecee8804b39f3346c6.jpg,640,640
test,fshoplifting_2_9_348_jpg.rf.17a52f87b42f7b6221d9f5cfb93a72d6.jpg,640,640
test,fshoplifting_2_9_372_jpg.rf.6c3cf9ec6068c2bc9114ea023efb7e9b.jpg,640,640
test,fshoplifting_2_9_60_jpg.rf.99966755af3d6703864a8f5edd9d2a02.jpg,640,640
